[{"stream_name":"stderr","time":6.6548283900000005,"data":"0.00s - Debugger warning: It seems that frozen modules are being used, which may\n"}
,{"stream_name":"stderr","time":6.654921654,"data":"0.00s - make the debugger miss breakpoints. Please pass -Xfrozen_modules=off\n"}
,{"stream_name":"stderr","time":6.654929922,"data":"0.00s - to python to disable frozen modules.\n"}
,{"stream_name":"stderr","time":6.654934312,"data":"0.00s - Note: Debugging will proceed. Set PYDEVD_DISABLE_FILE_VALIDATION=1 to disable this validation.\n"}
,{"stream_name":"stderr","time":7.241226642,"data":"0.00s - Debugger warning: It seems that frozen modules are being used, which may\n"}
,{"stream_name":"stderr","time":7.241275015,"data":"0.00s - make the debugger miss breakpoints. Please pass -Xfrozen_modules=off\n"}
,{"stream_name":"stderr","time":7.241279432,"data":"0.00s - to python to disable frozen modules.\n"}
,{"stream_name":"stderr","time":7.241282066,"data":"0.00s - Note: Debugging will proceed. Set PYDEVD_DISABLE_FILE_VALIDATION=1 to disable this validation.\n"}
,{"stream_name":"stdout","time":25.319318157,"data":"TF 2.20.0 | Keras 3.13.2\n"}
,{"stream_name":"stdout","time":25.319378919,"data":"GPUs: [PhysicalDevice(name='/physical_device:GPU:0', device_type='GPU')]\n"}
,{"stream_name":"stdout","time":26.360662953,"data":"\u001b[33m981e8c2\u001b[m\u001b[33m (\u001b[m\u001b[1;36mHEAD -\u003e \u001b[m\u001b[1;32mmain\u001b[m\u001b[33m, \u001b[m\u001b[1;31morigin/main\u001b[m\u001b[33m, \u001b[m\u001b[1;31morigin/HEAD\u001b[m\u001b[33m)\u001b[m feat: add duplicate-leakage control experiment\r\n"}
,{"stream_name":"stdout","time":66.823679358,"data":"RAVDESS     2880 wav   \u003c- /kaggle/input/datasets/uwrfkaggler/ravdess-emotional-speech-audio\n"}
,{"stream_name":"stdout","time":74.851960705,"data":"TESS        5600 wav   \u003c- /kaggle/input/datasets/ejlok1/toronto-emotional-speech-set-tess\n"}
,{"stream_name":"stdout","time":82.898611914,"data":"SAVEE        480 wav   \u003c- /kaggle/input/datasets/ejlok1/surrey-audiovisual-expressed-emotion-savee\n"}
,{"stream_name":"stdout","time":82.898665986,"data":"CREMA-D     7442 wav   \u003c- /kaggle/input/datasets/ejlok1/cremad\n"}
,{"stream_name":"stdout","time":83.190715736,"data":"[data] RAVDESS : found  2880 wav files, kept  2880 labelled samples (root: /kaggle/working/ser/data_leaky/RAVDESS)\n"}
,{"stream_name":"stdout","time":83.190758773,"data":"[data] TESS    : found  5600 wav files, kept  5600 labelled samples (root: /kaggle/working/ser/data_leaky/TESS)\n"}
,{"stream_name":"stdout","time":83.190778112,"data":"[data] SAVEE   : found   480 wav files, kept   480 labelled samples (root: /kaggle/working/ser/data_leaky/SAVEE)\n"}
,{"stream_name":"stdout","time":83.190784201,"data":"[data] CREMA-D : found  7442 wav files, kept  7442 labelled samples (root: /kaggle/working/ser/data_leaky/CREMA-D)\n"}
,{"stream_name":"stdout","time":83.190789378,"data":"[data] combined dataset: 16402 samples\n"}
,{"stream_name":"stdout","time":83.190794421,"data":"emotion\n"}
,{"stream_name":"stdout","time":83.190799193,"data":"angry       2515\n"}
,{"stream_name":"stdout","time":83.190803749,"data":"disgust     2515\n"}
,{"stream_name":"stdout","time":83.190814482,"data":"fear        2515\n"}
,{"stream_name":"stdout","time":83.190819006,"data":"happy       2515\n"}
,{"stream_name":"stdout","time":83.190823265,"data":"neutral     2583\n"}
,{"stream_name":"stdout","time":83.190828933,"data":"sad         2515\n"}
,{"stream_name":"stdout","time":83.190833322,"data":"surprise    1244\n"}
,{"stream_name":"stdout","time":83.19083788,"data":"\n"}
,{"stream_name":"stdout","time":83.190847208,"data":"scanned 16402 samples  (the clean run scanned 12162)\n"}
,{"stream_name":"stdout","time":83.190877895,"data":"duplicated basenames: 4240\n"}
,{"stream_name":"stdout","time":83.363493304,"data":"[split] train=11808  val=1313  test=3281 (target ratios 72:8:20)\n"}
,{"stream_name":"stdout","time":83.363560104,"data":"\n"}
,{"stream_name":"stdout","time":83.363566009,"data":"test samples             : 3281\n"}
,{"stream_name":"stdout","time":83.363569805,"data":"with a twin in train/val : 1339\n"}
,{"stream_name":"stdout","time":83.363573847,"data":"CONTAMINATION            : 40.8% of the test set\n"}
,{"stream_name":"stdout","time":83.459421864,"data":"\n"}
,{"stream_name":"stdout","time":83.459488069,"data":"=== experiment 'base_leaky'  AFW=False EAAA=False MSTC=False CADL=False ===\n"}
,{"stream_name":"stdout","time":83.459494941,"data":"[split] train=11808  val=1313  test=3281 (target ratios 72:8:20)\n"}
,{"stream_name":"stdout","time":83.459499075,"data":"[aug] policy=uniform (base paper)  originals=11808  augmented=0  total=11808\n"}
,{"stream_name":"stderr","time":83.460491294,"data":"\r[features] train_uniform:   0%|          | 0/11808 [00:00\u003c?, ?clip/s]\n"}
,{"stream_name":"stderr","time":97.137205729,"data":"\r[features] train_uniform:   0%|          | 0/11808 [00:00\u003c?, ?clip/s]\r[features] train_uniform:   0%|          | 1/11808 [00:13\u003c44:51:07, 13.68s/clip]\n"}
,{"stream_name":"stderr","time":97.256349966,"data":"\r[features] train_uniform:   0%|          | 1/11808 [00:13\u003c44:51:07, 13.68s/clip]\r[features] train_uniform:   0%|          | 6/11808 [00:13\u003c5:34:28,  1.70s/clip] \n"}
,{"stream_name":"stderr","time":97.442340889,"data":"\r[features] train_uniform:   0%|          | 6/11808 [00:13\u003c5:34:28,  1.70s/clip] \r[features] train_uniform:   0%|          | 11/11808 [00:13\u003c2:32:27,  1.29clip/s]\n"}
,{"stream_name":"stderr","time":97.54346601,"data":"\r[features] train_uniform:   0%|          | 11/11808 [00:13\u003c2:32:27,  1.29clip/s]\r[features] train_uniform:   0%|          | 16/11808 [00:14\u003c1:26:40,  2.27clip/s]\n"}
,{"stream_name":"stderr","time":97.646925317,"data":"\r[features] train_uniform:   0%|          | 16/11808 [00:14\u003c1:26:40,  2.27clip/s]\r[features] train_uniform:   0%|          | 21/11808 [00:14\u003c54:39,  3.59clip/s]  \n"}
,{"stream_name":"stderr","time":97.750279519,"data":"\r[features] train_uniform:   0%|          | 21/11808 [00:14\u003c54:39,  3.59clip/s]  \r[features] train_uniform:   0%|          | 26/11808 [00:14\u003c36:36,  5.36clip/s]\n"}
,{"stream_name":"stderr","time":97.851498005,"data":"\r[features] train_uniform:   0%|          | 26/11808 [00:14\u003c36:36,  5.36clip/s]\r[features] train_uniform:   0%|          | 31/11808 [00:14\u003c25:35,  7.67clip/s]\n"}
,{"stream_name":"stderr","time":97.978854645,"data":"\r[features] train_uniform:   0%|          | 31/11808 [00:14\u003c25:35,  7.67clip/s]\r[features] train_uniform:   0%|          | 36/11808 [00:14\u003c18:53, 10.39clip/s]\n"}
,{"stream_name":"stderr","time":98.199406535,"data":"\r[features] train_uniform:   0%|          | 36/11808 [00:14\u003c18:53, 10.39clip/s]\r[features] train_uniform:   0%|          | 41/11808 [00:14\u003c15:38, 12.54clip/s]\n"}
,{"stream_name":"stderr","time":98.310608006,"data":"\r[features] train_uniform:   0%|          | 41/11808 [00:14\u003c15:38, 12.54clip/s]\r[features] train_uniform:   0%|          | 46/11808 [00:14\u003c12:06, 16.18clip/s]\n"}
,{"stream_name":"stderr","time":98.414668916,"data":"\r[features] train_uniform:   0%|          | 46/11808 [00:14\u003c12:06, 16.18clip/s]\r[features] train_uniform:   0%|          | 51/11808 [00:14\u003c09:38, 20.34clip/s]\n"}
,{"stream_name":"stderr","time":98.521521922,"data":"\r[features] train_uniform:   0%|          | 51/11808 [00:14\u003c09:38, 20.34clip/s]\r[features] train_uniform:   0%|          | 56/11808 [00:15\u003c07:58, 24.57clip/s]\n"}
,{"stream_name":"stderr","time":98.658931217,"data":"\r[features] train_uniform:   0%|          | 56/11808 [00:15\u003c07:58, 24.57clip/s]\r[features] train_uniform:   1%|          | 61/11808 [00:15\u003c07:10, 27.28clip/s]\n"}
,{"stream_name":"stderr","time":98.798548892,"data":"\r[features] train_uniform:   1%|          | 61/11808 [00:15\u003c07:10, 27.28clip/s]\r[features] train_uniform:   1%|          | 66/11808 [00:15\u003c06:39, 29.40clip/s]\n"}
,{"stream_name":"stderr","time":99.000014846,"data":"\r[features] train_uniform:   1%|          | 66/11808 [00:15\u003c06:39, 29.40clip/s]\r[features] train_uniform:   1%|          | 70/11808 [00:15\u003c07:28, 26.19clip/s]\n"}
,{"stream_name":"stderr","time":99.119086147,"data":"\r[features] train_uniform:   1%|          | 70/11808 [00:15\u003c07:28, 26.19clip/s]\r[features] train_uniform:   1%|          | 76/11808 [00:15\u003c06:11, 31.56clip/s]\n"}
,{"stream_name":"stderr","time":99.238573524,"data":"\r[features] train_uniform:   1%|          | 76/11808 [00:15\u003c06:11, 31.56clip/s]\r[features] train_uniform:   1%|          | 81/11808 [00:15\u003c05:44, 34.03clip/s]\n"}
,{"stream_name":"stderr","time":99.345630568,"data":"\r[features] train_uniform:   1%|          | 81/11808 [00:15\u003c05:44, 34.03clip/s]\r[features] train_uniform:   1%|          | 86/11808 [00:15\u003c05:16, 37.04clip/s]\n"}
,{"stream_name":"stderr","time":99.464256154,"data":"\r[features] train_uniform:   1%|          | 86/11808 [00:15\u003c05:16, 37.04clip/s]\r[features] train_uniform:   1%|          | 92/11808 [00:16\u003c04:47, 40.71clip/s]\n"}
,{"stream_name":"stderr","time":99.575355653,"data":"\r[features] train_uniform:   1%|          | 92/11808 [00:16\u003c04:47, 40.71clip/s]\r[features] train_uniform:   1%|          | 97/11808 [00:16\u003c04:39, 41.85clip/s]\n"}
,{"stream_name":"stderr","time":99.70312124,"data":"\r[features] train_uniform:   1%|          | 97/11808 [00:16\u003c04:39, 41.85clip/s]\r[features] train_uniform:   1%|          | 102/11808 [00:16\u003c04:45, 41.04clip/s]\n"}
,{"stream_name":"stderr","time":99.859039732,"data":"\r[features] train_uniform:   1%|          | 102/11808 [00:16\u003c04:45, 41.04clip/s]\r[features] train_uniform:   1%|          | 107/11808 [00:16\u003c05:08, 37.90clip/s]\n"}
,{"stream_name":"stderr","time":99.964364268,"data":"\r[features] train_uniform:   1%|          | 107/11808 [00:16\u003c05:08, 37.90clip/s]\r[features] train_uniform:   1%|          | 112/11808 [00:16\u003c04:50, 40.32clip/s]\n"}
,{"stream_name":"stderr","time":100.070809458,"data":"\r[features] train_uniform:   1%|          | 112/11808 [00:16\u003c04:50, 40.32clip/s]\r[features] train_uniform:   1%|          | 117/11808 [00:16\u003c04:37, 42.09clip/s]\n"}
,{"stream_name":"stderr","time":100.1823925,"data":"\r[features] train_uniform:   1%|          | 117/11808 [00:16\u003c04:37, 42.09clip/s]\r[features] train_uniform:   1%|          | 122/11808 [00:16\u003c04:32, 42.85clip/s]\n"}
,{"stream_name":"stderr","time":100.292370106,"data":"\r[features] train_uniform:   1%|          | 122/11808 [00:16\u003c04:32, 42.85clip/s]\r[features] train_uniform:   1%|          | 127/11808 [00:16\u003c04:27, 43.63clip/s]\n"}
,{"stream_name":"stderr","time":100.4077757,"data":"\r[features] train_uniform:   1%|          | 127/11808 [00:16\u003c04:27, 43.63clip/s]\r[features] train_uniform:   1%|          | 132/11808 [00:16\u003c04:28, 43.50clip/s]\n"}
,{"stream_name":"stderr","time":100.5145941,"data":"\r[features] train_uniform:   1%|          | 132/11808 [00:16\u003c04:28, 43.50clip/s]\r[features] train_uniform:   1%|          | 137/11808 [00:17\u003c04:22, 44.46clip/s]\n"}
,{"stream_name":"stderr","time":100.626241437,"data":"\r[features] train_uniform:   1%|          | 137/11808 [00:17\u003c04:22, 44.46clip/s]\r[features] train_uniform:   1%|          | 142/11808 [00:17\u003c04:21, 44.56clip/s]\n"}
,{"stream_name":"stderr","time":100.744945799,"data":"\r[features] train_uniform:   1%|          | 142/11808 [00:17\u003c04:21, 44.56clip/s]\r[features] train_uniform:   1%|          | 147/11808 [00:17\u003c04:25, 43.90clip/s]\n"}
,{"stream_name":"stderr","time":100.858309438,"data":"\r[features] train_uniform:   1%|          | 147/11808 [00:17\u003c04:25, 43.90clip/s]\r[features] train_uniform:   1%|▏         | 152/11808 [00:17\u003c04:25, 43.89clip/s]\n"}
,{"stream_name":"stderr","time":100.99567765,"data":"\r[features] train_uniform:   1%|▏         | 152/11808 [00:17\u003c04:25, 43.89clip/s]\r[features] train_uniform:   1%|▏         | 157/11808 [00:17\u003c04:42, 41.29clip/s]\n"}
,{"stream_name":"stderr","time":101.140251355,"data":"\r[features] train_uniform:   1%|▏         | 157/11808 [00:17\u003c04:42, 41.29clip/s]\r[features] train_uniform:   1%|▏         | 162/11808 [00:17\u003c04:58, 39.00clip/s]\n"}
,{"stream_name":"stderr","time":101.279179407,"data":"\r[features] train_uniform:   1%|▏         | 162/11808 [00:17\u003c04:58, 39.00clip/s]\r[features] train_uniform:   1%|▏         | 166/11808 [00:17\u003c05:25, 35.78clip/s]\n"}
,{"stream_name":"stderr","time":101.401859804,"data":"\r[features] train_uniform:   1%|▏         | 166/11808 [00:17\u003c05:25, 35.78clip/s]\r[features] train_uniform:   1%|▏         | 171/11808 [00:17\u003c05:12, 37.22clip/s]\n"}
,{"stream_name":"stderr","time":101.520616444,"data":"\r[features] train_uniform:   1%|▏         | 171/11808 [00:17\u003c05:12, 37.22clip/s]\r[features] train_uniform:   1%|▏         | 177/11808 [00:18\u003c04:43, 41.00clip/s]\n"}
,{"stream_name":"stderr","time":101.650891924,"data":"\r[features] train_uniform:   1%|▏         | 177/11808 [00:18\u003c04:43, 41.00clip/s]\r[features] train_uniform:   2%|▏         | 182/11808 [00:18\u003c04:49, 40.18clip/s]\n"}
,{"stream_name":"stderr","time":101.784099216,"data":"\r[features] train_uniform:   2%|▏         | 182/11808 [00:18\u003c04:49, 40.18clip/s]\r[features] train_uniform:   2%|▏         | 187/11808 [00:18\u003c04:55, 39.37clip/s]\n"}
,{"stream_name":"stderr","time":101.994655689,"data":"\r[features] train_uniform:   2%|▏         | 187/11808 [00:18\u003c04:55, 39.37clip/s]\r[features] train_uniform:   2%|▏         | 191/11808 [00:18\u003c06:14, 31.02clip/s]\n"}
,{"stream_name":"stderr","time":102.118841656,"data":"\r[features] train_uniform:   2%|▏         | 191/11808 [00:18\u003c06:14, 31.02clip/s]\r[features] train_uniform:   2%|▏         | 197/11808 [00:18\u003c05:25, 35.67clip/s]\n"}
,{"stream_name":"stderr","time":102.22650271,"data":"\r[features] train_uniform:   2%|▏         | 197/11808 [00:18\u003c05:25, 35.67clip/s]\r[features] train_uniform:   2%|▏         | 202/11808 [00:18\u003c05:05, 38.01clip/s]\n"}
,{"stream_name":"stderr","time":102.329751645,"data":"\r[features] train_uniform:   2%|▏         | 202/11808 [00:18\u003c05:05, 38.01clip/s]\r[features] train_uniform:   2%|▏         | 207/11808 [00:18\u003c04:45, 40.59clip/s]\n"}
,{"stream_name":"stderr","time":102.438794417,"data":"\r[features] train_uniform:   2%|▏         | 207/11808 [00:18\u003c04:45, 40.59clip/s]\r[features] train_uniform:   2%|▏         | 212/11808 [00:18\u003c04:35, 42.03clip/s]\n"}
,{"stream_name":"stderr","time":102.547871192,"data":"\r[features] train_uniform:   2%|▏         | 212/11808 [00:18\u003c04:35, 42.03clip/s]\r[features] train_uniform:   2%|▏         | 217/11808 [00:19\u003c04:29, 43.08clip/s]\n"}
,{"stream_name":"stderr","time":102.662795678,"data":"\r[features] train_uniform:   2%|▏         | 217/11808 [00:19\u003c04:29, 43.08clip/s]\r[features] train_uniform:   2%|▏         | 223/11808 [00:19\u003c04:12, 45.80clip/s]\n"}
,{"stream_name":"stderr","time":102.768998322,"data":"\r[features] train_uniform:   2%|▏         | 223/11808 [00:19\u003c04:12, 45.80clip/s]\r[features] train_uniform:   2%|▏         | 228/11808 [00:19\u003c04:10, 46.16clip/s]\n"}
,{"stream_name":"stderr","time":102.890446806,"data":"\r[features] train_uniform:   2%|▏         | 228/11808 [00:19\u003c04:10, 46.16clip/s]\r[features] train_uniform:   2%|▏         | 233/11808 [00:19\u003c04:19, 44.62clip/s]\n"}
,{"stream_name":"stderr","time":102.999929554,"data":"\r[features] train_uniform:   2%|▏         | 233/11808 [00:19\u003c04:19, 44.62clip/s]\r[features] train_uniform:   2%|▏         | 238/11808 [00:19\u003c04:17, 44.92clip/s]\n"}
,{"stream_name":"stderr","time":103.110395861,"data":"\r[features] train_uniform:   2%|▏         | 238/11808 [00:19\u003c04:17, 44.92clip/s]\r[features] train_uniform:   2%|▏         | 243/11808 [00:19\u003c04:16, 45.01clip/s]\n"}
,{"stream_name":"stderr","time":103.21679192,"data":"\r[features] train_uniform:   2%|▏         | 243/11808 [00:19\u003c04:16, 45.01clip/s]\r[features] train_uniform:   2%|▏         | 248/11808 [00:19\u003c04:13, 45.67clip/s]\n"}
,{"stream_name":"stderr","time":103.332285452,"data":"\r[features] train_uniform:   2%|▏         | 248/11808 [00:19\u003c04:13, 45.67clip/s]\r[features] train_uniform:   2%|▏         | 254/11808 [00:19\u003c04:03, 47.50clip/s]\n"}
,{"stream_name":"stderr","time":103.459943168,"data":"\r[features] train_uniform:   2%|▏         | 254/11808 [00:19\u003c04:03, 47.50clip/s]\r[features] train_uniform:   2%|▏         | 259/11808 [00:19\u003c04:17, 44.80clip/s]\n"}
,{"stream_name":"stderr","time":103.560475643,"data":"\r[features] train_uniform:   2%|▏         | 259/11808 [00:19\u003c04:17, 44.80clip/s]\r[features] train_uniform:   2%|▏         | 264/11808 [00:20\u003c04:10, 46.06clip/s]\n"}
,{"stream_name":"stderr","time":103.680452778,"data":"\r[features] train_uniform:   2%|▏         | 264/11808 [00:20\u003c04:10, 46.06clip/s]\r[features] train_uniform:   2%|▏         | 270/11808 [00:20\u003c04:03, 47.31clip/s]\n"}
,{"stream_name":"stderr","time":103.795430919,"data":"\r[features] train_uniform:   2%|▏         | 270/11808 [00:20\u003c04:03, 47.31clip/s]\r[features] train_uniform:   2%|▏         | 276/11808 [00:20\u003c03:56, 48.76clip/s]\n"}
,{"stream_name":"stderr","time":103.912652731,"data":"\r[features] train_uniform:   2%|▏         | 276/11808 [00:20\u003c03:56, 48.76clip/s]\r[features] train_uniform:   2%|▏         | 282/11808 [00:20\u003c03:52, 49.56clip/s]\n"}
,{"stream_name":"stderr","time":104.049038204,"data":"\r[features] train_uniform:   2%|▏         | 282/11808 [00:20\u003c03:52, 49.56clip/s]\r[features] train_uniform:   2%|▏         | 288/11808 [00:20\u003c04:01, 47.71clip/s]\n"}
,{"stream_name":"stderr","time":104.158574901,"data":"\r[features] train_uniform:   2%|▏         | 288/11808 [00:20\u003c04:01, 47.71clip/s]\r[features] train_uniform:   2%|▏         | 293/11808 [00:20\u003c04:04, 47.11clip/s]\n"}
,{"stream_name":"stderr","time":104.276667806,"data":"\r[features] train_uniform:   2%|▏         | 293/11808 [00:20\u003c04:04, 47.11clip/s]\r[features] train_uniform:   3%|▎         | 298/11808 [00:20\u003c04:11, 45.75clip/s]\n"}
,{"stream_name":"stderr","time":104.382697527,"data":"\r[features] train_uniform:   3%|▎         | 298/11808 [00:20\u003c04:11, 45.75clip/s]\r[features] train_uniform:   3%|▎         | 303/11808 [00:20\u003c04:09, 46.07clip/s]\n"}
,{"stream_name":"stderr","time":104.506208488,"data":"\r[features] train_uniform:   3%|▎         | 303/11808 [00:20\u003c04:09, 46.07clip/s]\r[features] train_uniform:   3%|▎         | 309/11808 [00:21\u003c04:05, 46.85clip/s]\n"}
,{"stream_name":"stderr","time":104.615934182,"data":"\r[features] train_uniform:   3%|▎         | 309/11808 [00:21\u003c04:05, 46.85clip/s]\r[features] train_uniform:   3%|▎         | 314/11808 [00:21\u003c04:07, 46.49clip/s]\n"}
,{"stream_name":"stderr","time":104.725910285,"data":"\r[features] train_uniform:   3%|▎         | 314/11808 [00:21\u003c04:07, 46.49clip/s]\r[features] train_uniform:   3%|▎         | 319/11808 [00:21\u003c04:08, 46.19clip/s]\n"}
,{"stream_name":"stderr","time":104.830778108,"data":"\r[features] train_uniform:   3%|▎         | 319/11808 [00:21\u003c04:08, 46.19clip/s]\r[features] train_uniform:   3%|▎         | 324/11808 [00:21\u003c04:06, 46.59clip/s]\n"}
,{"stream_name":"stderr","time":104.990614613,"data":"\r[features] train_uniform:   3%|▎         | 324/11808 [00:21\u003c04:06, 46.59clip/s]\r[features] train_uniform:   3%|▎         | 329/11808 [00:21\u003c04:41, 40.79clip/s]\n"}
,{"stream_name":"stderr","time":105.107052714,"data":"\r[features] train_uniform:   3%|▎         | 329/11808 [00:21\u003c04:41, 40.79clip/s]\r[features] train_uniform:   3%|▎         | 335/11808 [00:21\u003c04:22, 43.79clip/s]\n"}
,{"stream_name":"stderr","time":105.208414132,"data":"\r[features] train_uniform:   3%|▎         | 335/11808 [00:21\u003c04:22, 43.79clip/s]\r[features] train_uniform:   3%|▎         | 340/11808 [00:21\u003c04:13, 45.23clip/s]\n"}
,{"stream_name":"stderr","time":105.331749536,"data":"\r[features] train_uniform:   3%|▎         | 340/11808 [00:21\u003c04:13, 45.23clip/s]\r[features] train_uniform:   3%|▎         | 346/11808 [00:21\u003c04:07, 46.33clip/s]\n"}
,{"stream_name":"stderr","time":105.450479262,"data":"\r[features] train_uniform:   3%|▎         | 346/11808 [00:21\u003c04:07, 46.33clip/s]\r[features] train_uniform:   3%|▎         | 352/11808 [00:21\u003c04:00, 47.59clip/s]\n"}
,{"stream_name":"stderr","time":105.561368153,"data":"\r[features] train_uniform:   3%|▎         | 352/11808 [00:21\u003c04:00, 47.59clip/s]\r[features] train_uniform:   3%|▎         | 357/11808 [00:22\u003c04:04, 46.87clip/s]\n"}
,{"stream_name":"stderr","time":105.670183471,"data":"\r[features] train_uniform:   3%|▎         | 357/11808 [00:22\u003c04:04, 46.87clip/s]\r[features] train_uniform:   3%|▎         | 362/11808 [00:22\u003c04:05, 46.63clip/s]\n"}
,{"stream_name":"stderr","time":105.778716659,"data":"\r[features] train_uniform:   3%|▎         | 362/11808 [00:22\u003c04:05, 46.63clip/s]\r[features] train_uniform:   3%|▎         | 367/11808 [00:22\u003c04:06, 46.47clip/s]\n"}
,{"stream_name":"stderr","time":105.8834276,"data":"\r[features] train_uniform:   3%|▎         | 367/11808 [00:22\u003c04:06, 46.47clip/s]\r[features] train_uniform:   3%|▎         | 372/11808 [00:22\u003c04:04, 46.82clip/s]\n"}
,{"stream_name":"stderr","time":105.985183264,"data":"\r[features] train_uniform:   3%|▎         | 372/11808 [00:22\u003c04:04, 46.82clip/s]\r[features] train_uniform:   3%|▎         | 377/11808 [00:22\u003c04:00, 47.54clip/s]\n"}
,{"stream_name":"stderr","time":106.099803178,"data":"\r[features] train_uniform:   3%|▎         | 377/11808 [00:22\u003c04:00, 47.54clip/s]\r[features] train_uniform:   3%|▎         | 382/11808 [00:22\u003c04:06, 46.27clip/s]\n"}
,{"stream_name":"stderr","time":106.215839036,"data":"\r[features] train_uniform:   3%|▎         | 382/11808 [00:22\u003c04:06, 46.27clip/s]\r[features] train_uniform:   3%|▎         | 388/11808 [00:22\u003c03:58, 47.91clip/s]\n"}
,{"stream_name":"stderr","time":106.337282157,"data":"\r[features] train_uniform:   3%|▎         | 388/11808 [00:22\u003c03:58, 47.91clip/s]\r[features] train_uniform:   3%|▎         | 393/11808 [00:22\u003c04:08, 45.86clip/s]\n"}
,{"stream_name":"stderr","time":106.442204276,"data":"\r[features] train_uniform:   3%|▎         | 393/11808 [00:22\u003c04:08, 45.86clip/s]\r[features] train_uniform:   3%|▎         | 398/11808 [00:22\u003c04:06, 46.27clip/s]\n"}
,{"stream_name":"stderr","time":106.573823869,"data":"\r[features] train_uniform:   3%|▎         | 398/11808 [00:22\u003c04:06, 46.27clip/s]\r[features] train_uniform:   3%|▎         | 404/11808 [00:23\u003c04:07, 46.09clip/s]\n"}
,{"stream_name":"stderr","time":106.691733864,"data":"\r[features] train_uniform:   3%|▎         | 404/11808 [00:23\u003c04:07, 46.09clip/s]\r[features] train_uniform:   3%|▎         | 410/11808 [00:23\u003c03:59, 47.53clip/s]\n"}
,{"stream_name":"stderr","time":106.842256416,"data":"\r[features] train_uniform:   3%|▎         | 410/11808 [00:23\u003c03:59, 47.53clip/s]\r[features] train_uniform:   4%|▎         | 415/11808 [00:23\u003c04:28, 42.51clip/s]\n"}
,{"stream_name":"stderr","time":106.959215459,"data":"\r[features] train_uniform:   4%|▎         | 415/11808 [00:23\u003c04:28, 42.51clip/s]\r[features] train_uniform:   4%|▎         | 420/11808 [00:23\u003c04:27, 42.51clip/s]\n"}
,{"stream_name":"stderr","time":107.072221783,"data":"\r[features] train_uniform:   4%|▎         | 420/11808 [00:23\u003c04:27, 42.51clip/s]\r[features] train_uniform:   4%|▎         | 425/11808 [00:23\u003c04:24, 43.02clip/s]\n"}
,{"stream_name":"stderr","time":107.290149374,"data":"\r[features] train_uniform:   4%|▎         | 425/11808 [00:23\u003c04:24, 43.02clip/s]\r[features] train_uniform:   4%|▎         | 430/11808 [00:23\u003c05:31, 34.27clip/s]\n"}
,{"stream_name":"stderr","time":107.404323879,"data":"\r[features] train_uniform:   4%|▎         | 430/11808 [00:23\u003c05:31, 34.27clip/s]\r[features] train_uniform:   4%|▎         | 435/11808 [00:23\u003c05:10, 36.60clip/s]\n"}
,{"stream_name":"stderr","time":107.51596964,"data":"\r[features] train_uniform:   4%|▎         | 435/11808 [00:23\u003c05:10, 36.60clip/s]\r[features] train_uniform:   4%|▎         | 441/11808 [00:24\u003c04:37, 40.95clip/s]\n"}
,{"stream_name":"stderr","time":107.62518722,"data":"\r[features] train_uniform:   4%|▎         | 441/11808 [00:24\u003c04:37, 40.95clip/s]\r[features] train_uniform:   4%|▍         | 446/11808 [00:24\u003c04:29, 42.24clip/s]\n"}
,{"stream_name":"stderr","time":107.799268897,"data":"\r[features] train_uniform:   4%|▍         | 446/11808 [00:24\u003c04:29, 42.24clip/s]\r[features] train_uniform:   4%|▍         | 451/11808 [00:24\u003c05:05, 37.18clip/s]\n"}
,{"stream_name":"stderr","time":107.912257366,"data":"\r[features] train_uniform:   4%|▍         | 451/11808 [00:24\u003c05:05, 37.18clip/s]\r[features] train_uniform:   4%|▍         | 456/11808 [00:24\u003c04:50, 39.05clip/s]\n"}
,{"stream_name":"stderr","time":108.028150305,"data":"\r[features] train_uniform:   4%|▍         | 456/11808 [00:24\u003c04:50, 39.05clip/s]\r[features] train_uniform:   4%|▍         | 462/11808 [00:24\u003c04:26, 42.58clip/s]\n"}
,{"stream_name":"stderr","time":108.134333032,"data":"\r[features] train_uniform:   4%|▍         | 462/11808 [00:24\u003c04:26, 42.58clip/s]\r[features] train_uniform:   4%|▍         | 467/11808 [00:24\u003c04:19, 43.69clip/s]\n"}
,{"stream_name":"stderr","time":108.235342442,"data":"\r[features] train_uniform:   4%|▍         | 467/11808 [00:24\u003c04:19, 43.69clip/s]\r[features] train_uniform:   4%|▍         | 472/11808 [00:24\u003c04:10, 45.22clip/s]\n"}
,{"stream_name":"stderr","time":108.352866219,"data":"\r[features] train_uniform:   4%|▍         | 472/11808 [00:24\u003c04:10, 45.22clip/s]\r[features] train_uniform:   4%|▍         | 478/11808 [00:24\u003c04:00, 47.02clip/s]\n"}
,{"stream_name":"stderr","time":108.483098811,"data":"\r[features] train_uniform:   4%|▍         | 478/11808 [00:24\u003c04:00, 47.02clip/s]\r[features] train_uniform:   4%|▍         | 483/11808 [00:25\u003c04:15, 44.27clip/s]\n"}
,{"stream_name":"stderr","time":108.598312847,"data":"\r[features] train_uniform:   4%|▍         | 483/11808 [00:25\u003c04:15, 44.27clip/s]\r[features] train_uniform:   4%|▍         | 488/11808 [00:25\u003c04:17, 43.94clip/s]\n"}
,{"stream_name":"stderr","time":108.7007763,"data":"\r[features] train_uniform:   4%|▍         | 488/11808 [00:25\u003c04:17, 43.94clip/s]\r[features] train_uniform:   4%|▍         | 493/11808 [00:25\u003c04:10, 45.24clip/s]\n"}
,{"stream_name":"stderr","time":108.822551567,"data":"\r[features] train_uniform:   4%|▍         | 493/11808 [00:25\u003c04:10, 45.24clip/s]\r[features] train_uniform:   4%|▍         | 498/11808 [00:25\u003c04:17, 43.91clip/s]\n"}
,{"stream_name":"stderr","time":108.937754618,"data":"\r[features] train_uniform:   4%|▍         | 498/11808 [00:25\u003c04:17, 43.91clip/s]\r[features] train_uniform:   4%|▍         | 504/11808 [00:25\u003c04:03, 46.35clip/s]\n"}
,{"stream_name":"stderr","time":109.051121082,"data":"\r[features] train_uniform:   4%|▍         | 504/11808 [00:25\u003c04:03, 46.35clip/s]\r[features] train_uniform:   4%|▍         | 509/11808 [00:25\u003c04:07, 45.68clip/s]\n"}
,{"stream_name":"stderr","time":109.169614562,"data":"\r[features] train_uniform:   4%|▍         | 509/11808 [00:25\u003c04:07, 45.68clip/s]\r[features] train_uniform:   4%|▍         | 514/11808 [00:25\u003c04:13, 44.64clip/s]\n"}
,{"stream_name":"stderr","time":109.296174649,"data":"\r[features] train_uniform:   4%|▍         | 514/11808 [00:25\u003c04:13, 44.64clip/s]\r[features] train_uniform:   4%|▍         | 519/11808 [00:25\u003c04:22, 43.03clip/s]\n"}
,{"stream_name":"stderr","time":109.414759326,"data":"\r[features] train_uniform:   4%|▍         | 519/11808 [00:25\u003c04:22, 43.03clip/s]\r[features] train_uniform:   4%|▍         | 524/11808 [00:25\u003c04:21, 43.12clip/s]\n"}
,{"stream_name":"stderr","time":109.54605566,"data":"\r[features] train_uniform:   4%|▍         | 524/11808 [00:25\u003c04:21, 43.12clip/s]\r[features] train_uniform:   4%|▍         | 529/11808 [00:26\u003c04:33, 41.17clip/s]\n"}
,{"stream_name":"stderr","time":109.657748755,"data":"\r[features] train_uniform:   4%|▍         | 529/11808 [00:26\u003c04:33, 41.17clip/s]\r[features] train_uniform:   5%|▍         | 535/11808 [00:26\u003c04:12, 44.67clip/s]\n"}
,{"stream_name":"stderr","time":109.772384835,"data":"\r[features] train_uniform:   5%|▍         | 535/11808 [00:26\u003c04:12, 44.67clip/s]\r[features] train_uniform:   5%|▍         | 540/11808 [00:26\u003c04:13, 44.37clip/s]\n"}
,{"stream_name":"stderr","time":109.902165986,"data":"\r[features] train_uniform:   5%|▍         | 540/11808 [00:26\u003c04:13, 44.37clip/s]\r[features] train_uniform:   5%|▍         | 545/11808 [00:26\u003c04:24, 42.51clip/s]\n"}
,{"stream_name":"stderr","time":110.014915425,"data":"\r[features] train_uniform:   5%|▍         | 545/11808 [00:26\u003c04:24, 42.51clip/s]\r[features] train_uniform:   5%|▍         | 550/11808 [00:26\u003c04:21, 43.02clip/s]\n"}
,{"stream_name":"stderr","time":110.137971223,"data":"\r[features] train_uniform:   5%|▍         | 550/11808 [00:26\u003c04:21, 43.02clip/s]\r[features] train_uniform:   5%|▍         | 555/11808 [00:26\u003c04:26, 42.29clip/s]\n"}
,{"stream_name":"stderr","time":110.310105078,"data":"\r[features] train_uniform:   5%|▍         | 555/11808 [00:26\u003c04:26, 42.29clip/s]\r[features] train_uniform:   5%|▍         | 560/11808 [00:26\u003c05:01, 37.29clip/s]\n"}
,{"stream_name":"stderr","time":110.414636512,"data":"\r[features] train_uniform:   5%|▍         | 560/11808 [00:26\u003c05:01, 37.29clip/s]\r[features] train_uniform:   5%|▍         | 565/11808 [00:26\u003c04:41, 39.90clip/s]\n"}
,{"stream_name":"stderr","time":110.533713226,"data":"\r[features] train_uniform:   5%|▍         | 565/11808 [00:26\u003c04:41, 39.90clip/s]\r[features] train_uniform:   5%|▍         | 571/11808 [00:27\u003c04:22, 42.88clip/s]\n"}
,{"stream_name":"stderr","time":110.654425,"data":"\r[features] train_uniform:   5%|▍         | 571/11808 [00:27\u003c04:22, 42.88clip/s]\r[features] train_uniform:   5%|▍         | 577/11808 [00:27\u003c04:10, 44.89clip/s]\n"}
,{"stream_name":"stderr","time":110.758445784,"data":"\r[features] train_uniform:   5%|▍         | 577/11808 [00:27\u003c04:10, 44.89clip/s]\r[features] train_uniform:   5%|▍         | 582/11808 [00:27\u003c04:05, 45.77clip/s]\n"}
,{"stream_name":"stderr","time":110.858514049,"data":"\r[features] train_uniform:   5%|▍         | 582/11808 [00:27\u003c04:05, 45.77clip/s]\r[features] train_uniform:   5%|▍         | 587/11808 [00:27\u003c03:59, 46.86clip/s]\n"}
,{"stream_name":"stderr","time":110.979398783,"data":"\r[features] train_uniform:   5%|▍         | 587/11808 [00:27\u003c03:59, 46.86clip/s]\r[features] train_uniform:   5%|▌         | 592/11808 [00:27\u003c04:08, 45.13clip/s]\n"}
,{"stream_name":"stderr","time":111.095031584,"data":"\r[features] train_uniform:   5%|▌         | 592/11808 [00:27\u003c04:08, 45.13clip/s]\r[features] train_uniform:   5%|▌         | 597/11808 [00:27\u003c04:11, 44.58clip/s]\n"}
,{"stream_name":"stderr","time":111.259852366,"data":"\r[features] train_uniform:   5%|▌         | 597/11808 [00:27\u003c04:11, 44.58clip/s]\r[features] train_uniform:   5%|▌         | 602/11808 [00:27\u003c04:45, 39.27clip/s]\n"}
,{"stream_name":"stderr","time":111.469449113,"data":"\r[features] train_uniform:   5%|▌         | 602/11808 [00:27\u003c04:45, 39.27clip/s]\r[features] train_uniform:   5%|▌         | 607/11808 [00:28\u003c05:40, 32.86clip/s]\n"}
,{"stream_name":"stderr","time":111.583373759,"data":"\r[features] train_uniform:   5%|▌         | 607/11808 [00:28\u003c05:40, 32.86clip/s]\r[features] train_uniform:   5%|▌         | 613/11808 [00:28\u003c04:56, 37.75clip/s]\n"}
,{"stream_name":"stderr","time":111.689637366,"data":"\r[features] train_uniform:   5%|▌         | 613/11808 [00:28\u003c04:56, 37.75clip/s]\r[features] train_uniform:   5%|▌         | 618/11808 [00:28\u003c04:40, 39.89clip/s]\n"}
,{"stream_name":"stderr","time":111.797389307,"data":"\r[features] train_uniform:   5%|▌         | 618/11808 [00:28\u003c04:40, 39.89clip/s]\r[features] train_uniform:   5%|▌         | 623/11808 [00:28\u003c04:28, 41.61clip/s]\n"}
,{"stream_name":"stderr","time":111.928982843,"data":"\r[features] train_uniform:   5%|▌         | 623/11808 [00:28\u003c04:28, 41.61clip/s]\r[features] train_uniform:   5%|▌         | 628/11808 [00:28\u003c04:36, 40.47clip/s]\n"}
,{"stream_name":"stderr","time":112.047637781,"data":"\r[features] train_uniform:   5%|▌         | 628/11808 [00:28\u003c04:36, 40.47clip/s]\r[features] train_uniform:   5%|▌         | 633/11808 [00:28\u003c04:33, 40.91clip/s]\n"}
,{"stream_name":"stderr","time":112.172711627,"data":"\r[features] train_uniform:   5%|▌         | 633/11808 [00:28\u003c04:33, 40.91clip/s]\r[features] train_uniform:   5%|▌         | 639/11808 [00:28\u003c04:19, 43.05clip/s]\n"}
,{"stream_name":"stderr","time":112.282067313,"data":"\r[features] train_uniform:   5%|▌         | 639/11808 [00:28\u003c04:19, 43.05clip/s]\r[features] train_uniform:   5%|▌         | 644/11808 [00:28\u003c04:14, 43.80clip/s]\n"}
,{"stream_name":"stderr","time":112.398042738,"data":"\r[features] train_uniform:   5%|▌         | 644/11808 [00:28\u003c04:14, 43.80clip/s]\r[features] train_uniform:   5%|▌         | 649/11808 [00:28\u003c04:16, 43.59clip/s]\n"}
,{"stream_name":"stderr","time":112.531811774,"data":"\r[features] train_uniform:   5%|▌         | 649/11808 [00:28\u003c04:16, 43.59clip/s]\r[features] train_uniform:   6%|▌         | 654/11808 [00:29\u003c04:28, 41.58clip/s]\n"}
,{"stream_name":"stderr","time":112.675866041,"data":"\r[features] train_uniform:   6%|▌         | 654/11808 [00:29\u003c04:28, 41.58clip/s]\r[features] train_uniform:   6%|▌         | 659/11808 [00:29\u003c04:44, 39.25clip/s]\n"}
,{"stream_name":"stderr","time":112.783720754,"data":"\r[features] train_uniform:   6%|▌         | 659/11808 [00:29\u003c04:44, 39.25clip/s]\r[features] train_uniform:   6%|▌         | 664/11808 [00:29\u003c04:30, 41.13clip/s]\n"}
,{"stream_name":"stderr","time":112.888225216,"data":"\r[features] train_uniform:   6%|▌         | 664/11808 [00:29\u003c04:30, 41.13clip/s]\r[features] train_uniform:   6%|▌         | 669/11808 [00:29\u003c04:19, 42.97clip/s]\n"}
,{"stream_name":"stderr","time":113.007196091,"data":"\r[features] train_uniform:   6%|▌         | 669/11808 [00:29\u003c04:19, 42.97clip/s]\r[features] train_uniform:   6%|▌         | 674/11808 [00:29\u003c04:20, 42.67clip/s]\n"}
,{"stream_name":"stderr","time":113.120677054,"data":"\r[features] train_uniform:   6%|▌         | 674/11808 [00:29\u003c04:20, 42.67clip/s]\r[features] train_uniform:   6%|▌         | 679/11808 [00:29\u003c04:18, 43.05clip/s]\n"}
,{"stream_name":"stderr","time":113.222923815,"data":"\r[features] train_uniform:   6%|▌         | 679/11808 [00:29\u003c04:18, 43.05clip/s]\r[features] train_uniform:   6%|▌         | 684/11808 [00:29\u003c04:08, 44.72clip/s]\n"}
,{"stream_name":"stderr","time":113.398460217,"data":"\r[features] train_uniform:   6%|▌         | 684/11808 [00:29\u003c04:08, 44.72clip/s]\r[features] train_uniform:   6%|▌         | 689/11808 [00:29\u003c04:39, 39.74clip/s]\n"}
,{"stream_name":"stderr","time":113.499533517,"data":"\r[features] train_uniform:   6%|▌         | 689/11808 [00:29\u003c04:39, 39.74clip/s]\r[features] train_uniform:   6%|▌         | 694/11808 [00:30\u003c04:34, 40.43clip/s]\n"}
,{"stream_name":"stderr","time":113.636583639,"data":"\r[features] train_uniform:   6%|▌         | 694/11808 [00:30\u003c04:34, 40.43clip/s]\r[features] train_uniform:   6%|▌         | 699/11808 [00:30\u003c04:43, 39.17clip/s]\n"}
,{"stream_name":"stderr","time":113.756209605,"data":"\r[features] train_uniform:   6%|▌         | 699/11808 [00:30\u003c04:43, 39.17clip/s]\r[features] train_uniform:   6%|▌         | 704/11808 [00:30\u003c04:37, 39.98clip/s]\n"}
,{"stream_name":"stderr","time":113.861976966,"data":"\r[features] train_uniform:   6%|▌         | 704/11808 [00:30\u003c04:37, 39.98clip/s]\r[features] train_uniform:   6%|▌         | 709/11808 [00:30\u003c04:25, 41.83clip/s]\n"}
,{"stream_name":"stderr","time":113.97271026,"data":"\r[features] train_uniform:   6%|▌         | 709/11808 [00:30\u003c04:25, 41.83clip/s]\r[features] train_uniform:   6%|▌         | 714/11808 [00:30\u003c04:19, 42.81clip/s]\n"}
,{"stream_name":"stderr","time":114.082094057,"data":"\r[features] train_uniform:   6%|▌         | 714/11808 [00:30\u003c04:19, 42.81clip/s]\r[features] train_uniform:   6%|▌         | 720/11808 [00:30\u003c03:59, 46.21clip/s]\n"}
,{"stream_name":"stderr","time":114.194929888,"data":"\r[features] train_uniform:   6%|▌         | 720/11808 [00:30\u003c03:59, 46.21clip/s]\r[features] train_uniform:   6%|▌         | 725/11808 [00:30\u003c04:02, 45.64clip/s]\n"}
,{"stream_name":"stderr","time":114.303411905,"data":"\r[features] train_uniform:   6%|▌         | 725/11808 [00:30\u003c04:02, 45.64clip/s]\r[features] train_uniform:   6%|▌         | 730/11808 [00:30\u003c04:01, 45.84clip/s]\n"}
,{"stream_name":"stderr","time":114.435521198,"data":"\r[features] train_uniform:   6%|▌         | 730/11808 [00:30\u003c04:01, 45.84clip/s]\r[features] train_uniform:   6%|▌         | 735/11808 [00:30\u003c04:16, 43.16clip/s]\n"}
,{"stream_name":"stderr","time":114.547093097,"data":"\r[features] train_uniform:   6%|▌         | 735/11808 [00:30\u003c04:16, 43.16clip/s]\r[features] train_uniform:   6%|▋         | 740/11808 [00:31\u003c04:13, 43.61clip/s]\n"}
,{"stream_name":"stderr","time":114.706243313,"data":"\r[features] train_uniform:   6%|▋         | 740/11808 [00:31\u003c04:13, 43.61clip/s]\r[features] train_uniform:   6%|▋         | 745/11808 [00:31\u003c04:42, 39.10clip/s]\n"}
,{"stream_name":"stderr","time":114.817912152,"data":"\r[features] train_uniform:   6%|▋         | 745/11808 [00:31\u003c04:42, 39.10clip/s]\r[features] train_uniform:   6%|▋         | 750/11808 [00:31\u003c04:32, 40.65clip/s]\n"}
,{"stream_name":"stderr","time":114.932282563,"data":"\r[features] train_uniform:   6%|▋         | 750/11808 [00:31\u003c04:32, 40.65clip/s]\r[features] train_uniform:   6%|▋         | 755/11808 [00:31\u003c04:26, 41.51clip/s]\n"}
,{"stream_name":"stderr","time":115.045695316,"data":"\r[features] train_uniform:   6%|▋         | 755/11808 [00:31\u003c04:26, 41.51clip/s]\r[features] train_uniform:   6%|▋         | 760/11808 [00:31\u003c04:21, 42.24clip/s]\n"}
,{"stream_name":"stderr","time":115.176965116,"data":"\r[features] train_uniform:   6%|▋         | 760/11808 [00:31\u003c04:21, 42.24clip/s]\r[features] train_uniform:   6%|▋         | 765/11808 [00:31\u003c04:29, 40.94clip/s]\n"}
,{"stream_name":"stderr","time":115.352106934,"data":"\r[features] train_uniform:   6%|▋         | 765/11808 [00:31\u003c04:29, 40.94clip/s]\r[features] train_uniform:   7%|▋         | 770/11808 [00:31\u003c05:04, 36.26clip/s]\n"}
,{"stream_name":"stderr","time":115.469174364,"data":"\r[features] train_uniform:   7%|▋         | 770/11808 [00:31\u003c05:04, 36.26clip/s]\r[features] train_uniform:   7%|▋         | 775/11808 [00:32\u003c04:50, 37.93clip/s]\n"}
,{"stream_name":"stderr","time":115.587966823,"data":"\r[features] train_uniform:   7%|▋         | 775/11808 [00:32\u003c04:50, 37.93clip/s]\r[features] train_uniform:   7%|▋         | 780/11808 [00:32\u003c04:41, 39.11clip/s]\n"}
,{"stream_name":"stderr","time":115.706255177,"data":"\r[features] train_uniform:   7%|▋         | 780/11808 [00:32\u003c04:41, 39.11clip/s]\r[features] train_uniform:   7%|▋         | 786/11808 [00:32\u003c04:19, 42.41clip/s]\n"}
,{"stream_name":"stderr","time":115.813157761,"data":"\r[features] train_uniform:   7%|▋         | 786/11808 [00:32\u003c04:19, 42.41clip/s]\r[features] train_uniform:   7%|▋         | 791/11808 [00:32\u003c04:12, 43.56clip/s]\n"}
,{"stream_name":"stderr","time":115.920346682,"data":"\r[features] train_uniform:   7%|▋         | 791/11808 [00:32\u003c04:12, 43.56clip/s]\r[features] train_uniform:   7%|▋         | 796/11808 [00:32\u003c04:07, 44.42clip/s]\n"}
,{"stream_name":"stderr","time":116.037634185,"data":"\r[features] train_uniform:   7%|▋         | 796/11808 [00:32\u003c04:07, 44.42clip/s]\r[features] train_uniform:   7%|▋         | 801/11808 [00:32\u003c04:10, 43.89clip/s]\n"}
,{"stream_name":"stderr","time":116.167246494,"data":"\r[features] train_uniform:   7%|▋         | 801/11808 [00:32\u003c04:10, 43.89clip/s]\r[features] train_uniform:   7%|▋         | 806/11808 [00:32\u003c04:20, 42.17clip/s]\n"}
,{"stream_name":"stderr","time":116.268201334,"data":"\r[features] train_uniform:   7%|▋         | 806/11808 [00:32\u003c04:20, 42.17clip/s]\r[features] train_uniform:   7%|▋         | 811/11808 [00:32\u003c04:09, 44.14clip/s]\n"}
,{"stream_name":"stderr","time":116.42926366,"data":"\r[features] train_uniform:   7%|▋         | 811/11808 [00:32\u003c04:09, 44.14clip/s]\r[features] train_uniform:   7%|▋         | 816/11808 [00:32\u003c04:40, 39.22clip/s]\n"}
,{"stream_name":"stderr","time":116.545092826,"data":"\r[features] train_uniform:   7%|▋         | 816/11808 [00:32\u003c04:40, 39.22clip/s]\r[features] train_uniform:   7%|▋         | 822/11808 [00:33\u003c04:17, 42.67clip/s]\n"}
,{"stream_name":"stderr","time":116.654616494,"data":"\r[features] train_uniform:   7%|▋         | 822/11808 [00:33\u003c04:17, 42.67clip/s]\r[features] train_uniform:   7%|▋         | 827/11808 [00:33\u003c04:12, 43.44clip/s]\n"}
,{"stream_name":"stderr","time":116.758525172,"data":"\r[features] train_uniform:   7%|▋         | 827/11808 [00:33\u003c04:12, 43.44clip/s]\r[features] train_uniform:   7%|▋         | 832/11808 [00:33\u003c04:05, 44.74clip/s]\n"}
,{"stream_name":"stderr","time":116.859811595,"data":"\r[features] train_uniform:   7%|▋         | 832/11808 [00:33\u003c04:05, 44.74clip/s]\r[features] train_uniform:   7%|▋         | 837/11808 [00:33\u003c03:58, 46.02clip/s]\n"}
,{"stream_name":"stderr","time":116.972257749,"data":"\r[features] train_uniform:   7%|▋         | 837/11808 [00:33\u003c03:58, 46.02clip/s]\r[features] train_uniform:   7%|▋         | 842/11808 [00:33\u003c04:00, 45.55clip/s]\n"}
,{"stream_name":"stderr","time":117.089742233,"data":"\r[features] train_uniform:   7%|▋         | 842/11808 [00:33\u003c04:00, 45.55clip/s]\r[features] train_uniform:   7%|▋         | 847/11808 [00:33\u003c04:05, 44.62clip/s]\n"}
,{"stream_name":"stderr","time":117.197836456,"data":"\r[features] train_uniform:   7%|▋         | 847/11808 [00:33\u003c04:05, 44.62clip/s]\r[features] train_uniform:   7%|▋         | 852/11808 [00:33\u003c04:03, 45.08clip/s]\n"}
,{"stream_name":"stderr","time":117.306021331,"data":"\r[features] train_uniform:   7%|▋         | 852/11808 [00:33\u003c04:03, 45.08clip/s]\r[features] train_uniform:   7%|▋         | 857/11808 [00:33\u003c04:00, 45.44clip/s]\n"}
,{"stream_name":"stderr","time":117.421948086,"data":"\r[features] train_uniform:   7%|▋         | 857/11808 [00:33\u003c04:00, 45.44clip/s]\r[features] train_uniform:   7%|▋         | 862/11808 [00:33\u003c04:04, 44.70clip/s]\n"}
,{"stream_name":"stderr","time":117.546368121,"data":"\r[features] train_uniform:   7%|▋         | 862/11808 [00:33\u003c04:04, 44.70clip/s]\r[features] train_uniform:   7%|▋         | 868/11808 [00:34\u003c03:58, 45.87clip/s]\n"}
,{"stream_name":"stderr","time":117.653836691,"data":"\r[features] train_uniform:   7%|▋         | 868/11808 [00:34\u003c03:58, 45.87clip/s]\r[features] train_uniform:   7%|▋         | 873/11808 [00:34\u003c03:57, 46.03clip/s]\n"}
,{"stream_name":"stderr","time":117.787222407,"data":"\r[features] train_uniform:   7%|▋         | 873/11808 [00:34\u003c03:57, 46.03clip/s]\r[features] train_uniform:   7%|▋         | 878/11808 [00:34\u003c04:13, 43.18clip/s]\n"}
,{"stream_name":"stderr","time":117.904785866,"data":"\r[features] train_uniform:   7%|▋         | 878/11808 [00:34\u003c04:13, 43.18clip/s]\r[features] train_uniform:   7%|▋         | 883/11808 [00:34\u003c04:14, 42.98clip/s]\n"}
,{"stream_name":"stderr","time":118.018353344,"data":"\r[features] train_uniform:   7%|▋         | 883/11808 [00:34\u003c04:14, 42.98clip/s]\r[features] train_uniform:   8%|▊         | 889/11808 [00:34\u003c03:58, 45.85clip/s]\n"}
,{"stream_name":"stderr","time":118.140171899,"data":"\r[features] train_uniform:   8%|▊         | 889/11808 [00:34\u003c03:58, 45.85clip/s]\r[features] train_uniform:   8%|▊         | 895/11808 [00:34\u003c03:52, 46.88clip/s]\n"}
,{"stream_name":"stderr","time":118.253729658,"data":"\r[features] train_uniform:   8%|▊         | 895/11808 [00:34\u003c03:52, 46.88clip/s]\r[features] train_uniform:   8%|▊         | 900/11808 [00:34\u003c03:56, 46.08clip/s]\n"}
,{"stream_name":"stderr","time":118.359518157,"data":"\r[features] train_uniform:   8%|▊         | 900/11808 [00:34\u003c03:56, 46.08clip/s]\r[features] train_uniform:   8%|▊         | 905/11808 [00:34\u003c03:54, 46.42clip/s]\n"}
,{"stream_name":"stderr","time":118.472798575,"data":"\r[features] train_uniform:   8%|▊         | 905/11808 [00:34\u003c03:54, 46.42clip/s]\r[features] train_uniform:   8%|▊         | 910/11808 [00:35\u003c03:58, 45.73clip/s]\n"}
,{"stream_name":"stderr","time":118.576117385,"data":"\r[features] train_uniform:   8%|▊         | 910/11808 [00:35\u003c03:58, 45.73clip/s]\r[features] train_uniform:   8%|▊         | 915/11808 [00:35\u003c03:54, 46.47clip/s]\n"}
,{"stream_name":"stderr","time":118.704269876,"data":"\r[features] train_uniform:   8%|▊         | 915/11808 [00:35\u003c03:54, 46.47clip/s]\r[features] train_uniform:   8%|▊         | 920/11808 [00:35\u003c04:07, 44.00clip/s]\n"}
,{"stream_name":"stderr","time":118.810785436,"data":"\r[features] train_uniform:   8%|▊         | 920/11808 [00:35\u003c04:07, 44.00clip/s]\r[features] train_uniform:   8%|▊         | 925/11808 [00:35\u003c04:02, 44.83clip/s]\n"}
,{"stream_name":"stderr","time":118.92861304,"data":"\r[features] train_uniform:   8%|▊         | 925/11808 [00:35\u003c04:02, 44.83clip/s]\r[features] train_uniform:   8%|▊         | 930/11808 [00:35\u003c04:06, 44.05clip/s]\n"}
,{"stream_name":"stderr","time":119.041344648,"data":"\r[features] train_uniform:   8%|▊         | 930/11808 [00:35\u003c04:06, 44.05clip/s]\r[features] train_uniform:   8%|▊         | 935/11808 [00:35\u003c04:05, 44.21clip/s]\n"}
,{"stream_name":"stderr","time":119.149924212,"data":"\r[features] train_uniform:   8%|▊         | 935/11808 [00:35\u003c04:05, 44.21clip/s]\r[features] train_uniform:   8%|▊         | 940/11808 [00:35\u003c04:03, 44.68clip/s]\n"}
,{"stream_name":"stderr","time":119.261461098,"data":"\r[features] train_uniform:   8%|▊         | 940/11808 [00:35\u003c04:03, 44.68clip/s]\r[features] train_uniform:   8%|▊         | 945/11808 [00:35\u003c04:03, 44.70clip/s]\n"}
,{"stream_name":"stderr","time":119.376901847,"data":"\r[features] train_uniform:   8%|▊         | 945/11808 [00:35\u003c04:03, 44.70clip/s]\r[features] train_uniform:   8%|▊         | 951/11808 [00:35\u003c03:51, 46.92clip/s]\n"}
,{"stream_name":"stderr","time":119.539769991,"data":"\r[features] train_uniform:   8%|▊         | 951/11808 [00:35\u003c03:51, 46.92clip/s]\r[features] train_uniform:   8%|▊         | 956/11808 [00:36\u003c04:25, 40.80clip/s]\n"}
,{"stream_name":"stderr","time":119.659836457,"data":"\r[features] train_uniform:   8%|▊         | 956/11808 [00:36\u003c04:25, 40.80clip/s]\r[features] train_uniform:   8%|▊         | 961/11808 [00:36\u003c04:24, 41.05clip/s]\n"}
,{"stream_name":"stderr","time":119.767818574,"data":"\r[features] train_uniform:   8%|▊         | 961/11808 [00:36\u003c04:24, 41.05clip/s]\r[features] train_uniform:   8%|▊         | 966/11808 [00:36\u003c04:15, 42.45clip/s]\n"}
,{"stream_name":"stderr","time":119.880252118,"data":"\r[features] train_uniform:   8%|▊         | 966/11808 [00:36\u003c04:15, 42.45clip/s]\r[features] train_uniform:   8%|▊         | 971/11808 [00:36\u003c04:11, 43.01clip/s]\n"}
,{"stream_name":"stderr","time":119.98111027,"data":"\r[features] train_uniform:   8%|▊         | 971/11808 [00:36\u003c04:11, 43.01clip/s]\r[features] train_uniform:   8%|▊         | 976/11808 [00:36\u003c04:02, 44.74clip/s]\n"}
,{"stream_name":"stderr","time":120.089571645,"data":"\r[features] train_uniform:   8%|▊         | 976/11808 [00:36\u003c04:02, 44.74clip/s]\r[features] train_uniform:   8%|▊         | 981/11808 [00:36\u003c03:59, 45.11clip/s]\n"}
,{"stream_name":"stderr","time":120.195060127,"data":"\r[features] train_uniform:   8%|▊         | 981/11808 [00:36\u003c03:59, 45.11clip/s]\r[features] train_uniform:   8%|▊         | 986/11808 [00:36\u003c03:56, 45.83clip/s]\n"}
,{"stream_name":"stderr","time":120.310597846,"data":"\r[features] train_uniform:   8%|▊         | 986/11808 [00:36\u003c03:56, 45.83clip/s]\r[features] train_uniform:   8%|▊         | 991/11808 [00:36\u003c04:00, 45.02clip/s]\n"}
,{"stream_name":"stderr","time":120.431643591,"data":"\r[features] train_uniform:   8%|▊         | 991/11808 [00:36\u003c04:00, 45.02clip/s]\r[features] train_uniform:   8%|▊         | 996/11808 [00:36\u003c04:06, 43.84clip/s]\n"}
,{"stream_name":"stderr","time":120.550113256,"data":"\r[features] train_uniform:   8%|▊         | 996/11808 [00:36\u003c04:06, 43.84clip/s]\r[features] train_uniform:   8%|▊         | 1001/11808 [00:37\u003c04:09, 43.40clip/s]\n"}
,{"stream_name":"stderr","time":120.657536314,"data":"\r[features] train_uniform:   8%|▊         | 1001/11808 [00:37\u003c04:09, 43.40clip/s]\r[features] train_uniform:   9%|▊         | 1006/11808 [00:37\u003c04:04, 44.22clip/s]\n"}
,{"stream_name":"stderr","time":120.76679479,"data":"\r[features] train_uniform:   9%|▊         | 1006/11808 [00:37\u003c04:04, 44.22clip/s]\r[features] train_uniform:   9%|▊         | 1011/11808 [00:37\u003c04:01, 44.70clip/s]\n"}
,{"stream_name":"stderr","time":120.917037052,"data":"\r[features] train_uniform:   9%|▊         | 1011/11808 [00:37\u003c04:01, 44.70clip/s]\r[features] train_uniform:   9%|▊         | 1016/11808 [00:37\u003c04:24, 40.83clip/s]\n"}
,{"stream_name":"stderr","time":121.01929619,"data":"\r[features] train_uniform:   9%|▊         | 1016/11808 [00:37\u003c04:24, 40.83clip/s]\r[features] train_uniform:   9%|▊         | 1021/11808 [00:37\u003c04:13, 42.63clip/s]\n"}
,{"stream_name":"stderr","time":121.136026779,"data":"\r[features] train_uniform:   9%|▊         | 1021/11808 [00:37\u003c04:13, 42.63clip/s]\r[features] train_uniform:   9%|▊         | 1026/11808 [00:37\u003c04:12, 42.70clip/s]\n"}
,{"stream_name":"stderr","time":121.291313952,"data":"\r[features] train_uniform:   9%|▊         | 1026/11808 [00:37\u003c04:12, 42.70clip/s]\r[features] train_uniform:   9%|▊         | 1031/11808 [00:37\u003c04:36, 38.93clip/s]\n"}
,{"stream_name":"stderr","time":121.402101578,"data":"\r[features] train_uniform:   9%|▊         | 1031/11808 [00:37\u003c04:36, 38.93clip/s]\r[features] train_uniform:   9%|▉         | 1036/11808 [00:37\u003c04:25, 40.62clip/s]\n"}
,{"stream_name":"stderr","time":121.550191863,"data":"\r[features] train_uniform:   9%|▉         | 1036/11808 [00:37\u003c04:25, 40.62clip/s]\r[features] train_uniform:   9%|▉         | 1041/11808 [00:38\u003c04:41, 38.24clip/s]\n"}
,{"stream_name":"stderr","time":121.659906646,"data":"\r[features] train_uniform:   9%|▉         | 1041/11808 [00:38\u003c04:41, 38.24clip/s]\r[features] train_uniform:   9%|▉         | 1046/11808 [00:38\u003c04:27, 40.21clip/s]\n"}
,{"stream_name":"stderr","time":121.762316887,"data":"\r[features] train_uniform:   9%|▉         | 1046/11808 [00:38\u003c04:27, 40.21clip/s]\r[features] train_uniform:   9%|▉         | 1051/11808 [00:38\u003c04:13, 42.41clip/s]\n"}
,{"stream_name":"stderr","time":121.890919874,"data":"\r[features] train_uniform:   9%|▉         | 1051/11808 [00:38\u003c04:13, 42.41clip/s]\r[features] train_uniform:   9%|▉         | 1056/11808 [00:38\u003c04:20, 41.30clip/s]\n"}
,{"stream_name":"stderr","time":122.011149777,"data":"\r[features] train_uniform:   9%|▉         | 1056/11808 [00:38\u003c04:20, 41.30clip/s]\r[features] train_uniform:   9%|▉         | 1061/11808 [00:38\u003c04:19, 41.38clip/s]\n"}
,{"stream_name":"stderr","time":122.127753457,"data":"\r[features] train_uniform:   9%|▉         | 1061/11808 [00:38\u003c04:19, 41.38clip/s]\r[features] train_uniform:   9%|▉         | 1066/11808 [00:38\u003c04:16, 41.83clip/s]\n"}
,{"stream_name":"stderr","time":122.234922428,"data":"\r[features] train_uniform:   9%|▉         | 1066/11808 [00:38\u003c04:16, 41.83clip/s]\r[features] train_uniform:   9%|▉         | 1071/11808 [00:38\u003c04:09, 43.12clip/s]\n"}
,{"stream_name":"stderr","time":122.358359899,"data":"\r[features] train_uniform:   9%|▉         | 1071/11808 [00:38\u003c04:09, 43.12clip/s]\r[features] train_uniform:   9%|▉         | 1076/11808 [00:38\u003c04:13, 42.31clip/s]\n"}
,{"stream_name":"stderr","time":122.462052557,"data":"\r[features] train_uniform:   9%|▉         | 1076/11808 [00:38\u003c04:13, 42.31clip/s]\r[features] train_uniform:   9%|▉         | 1081/11808 [00:39\u003c04:04, 43.91clip/s]\n"}
,{"stream_name":"stderr","time":122.58080829,"data":"\r[features] train_uniform:   9%|▉         | 1081/11808 [00:39\u003c04:04, 43.91clip/s]\r[features] train_uniform:   9%|▉         | 1086/11808 [00:39\u003c04:06, 43.42clip/s]\n"}
,{"stream_name":"stderr","time":122.69442458,"data":"\r[features] train_uniform:   9%|▉         | 1086/11808 [00:39\u003c04:06, 43.42clip/s]\r[features] train_uniform:   9%|▉         | 1091/11808 [00:39\u003c04:05, 43.62clip/s]\n"}
,{"stream_name":"stderr","time":122.811892499,"data":"\r[features] train_uniform:   9%|▉         | 1091/11808 [00:39\u003c04:05, 43.62clip/s]\r[features] train_uniform:   9%|▉         | 1097/11808 [00:39\u003c03:53, 45.84clip/s]\n"}
,{"stream_name":"stderr","time":123.033340781,"data":"\r[features] train_uniform:   9%|▉         | 1097/11808 [00:39\u003c03:53, 45.84clip/s]\r[features] train_uniform:   9%|▉         | 1102/11808 [00:39\u003c05:02, 35.38clip/s]\n"}
,{"stream_name":"stderr","time":123.190820121,"data":"\r[features] train_uniform:   9%|▉         | 1102/11808 [00:39\u003c05:02, 35.38clip/s]\r[features] train_uniform:   9%|▉         | 1106/11808 [00:39\u003c05:31, 32.24clip/s]\n"}
,{"stream_name":"stderr","time":123.30263774,"data":"\r[features] train_uniform:   9%|▉         | 1106/11808 [00:39\u003c05:31, 32.24clip/s]\r[features] train_uniform:   9%|▉         | 1110/11808 [00:39\u003c05:23, 33.08clip/s]\n"}
,{"stream_name":"stderr","time":123.405200412,"data":"\r[features] train_uniform:   9%|▉         | 1110/11808 [00:39\u003c05:23, 33.08clip/s]\r[features] train_uniform:   9%|▉         | 1114/11808 [00:39\u003c05:10, 34.49clip/s]\n"}
,{"stream_name":"stderr","time":123.533291111,"data":"\r[features] train_uniform:   9%|▉         | 1114/11808 [00:39\u003c05:10, 34.49clip/s]\r[features] train_uniform:   9%|▉         | 1118/11808 [00:40\u003c05:18, 33.51clip/s]\n"}
,{"stream_name":"stderr","time":123.641099124,"data":"\r[features] train_uniform:   9%|▉         | 1118/11808 [00:40\u003c05:18, 33.51clip/s]\r[features] train_uniform:  10%|▉         | 1122/11808 [00:40\u003c05:09, 34.47clip/s]\n"}
,{"stream_name":"stderr","time":123.755191182,"data":"\r[features] train_uniform:  10%|▉         | 1122/11808 [00:40\u003c05:09, 34.47clip/s]\r[features] train_uniform:  10%|▉         | 1126/11808 [00:40\u003c05:08, 34.64clip/s]\n"}
,{"stream_name":"stderr","time":123.880262515,"data":"\r[features] train_uniform:  10%|▉         | 1126/11808 [00:40\u003c05:08, 34.64clip/s]\r[features] train_uniform:  10%|▉         | 1130/11808 [00:40\u003c05:16, 33.79clip/s]\n"}
,{"stream_name":"stderr","time":123.988044065,"data":"\r[features] train_uniform:  10%|▉         | 1130/11808 [00:40\u003c05:16, 33.79clip/s]\r[features] train_uniform:  10%|▉         | 1134/11808 [00:40\u003c05:07, 34.73clip/s]\n"}
,{"stream_name":"stderr","time":124.108474132,"data":"\r[features] train_uniform:  10%|▉         | 1134/11808 [00:40\u003c05:07, 34.73clip/s]\r[features] train_uniform:  10%|▉         | 1138/11808 [00:40\u003c05:11, 34.26clip/s]\n"}
,{"stream_name":"stderr","time":124.231824,"data":"\r[features] train_uniform:  10%|▉         | 1138/11808 [00:40\u003c05:11, 34.26clip/s]\r[features] train_uniform:  10%|▉         | 1143/11808 [00:40\u003c04:54, 36.19clip/s]\n"}
,{"stream_name":"stderr","time":124.346948903,"data":"\r[features] train_uniform:  10%|▉         | 1143/11808 [00:40\u003c04:54, 36.19clip/s]\r[features] train_uniform:  10%|▉         | 1149/11808 [00:40\u003c04:20, 40.84clip/s]\n"}
,{"stream_name":"stderr","time":124.47038101,"data":"\r[features] train_uniform:  10%|▉         | 1149/11808 [00:40\u003c04:20, 40.84clip/s]\r[features] train_uniform:  10%|▉         | 1154/11808 [00:41\u003c04:21, 40.75clip/s]\n"}
,{"stream_name":"stderr","time":124.574975527,"data":"\r[features] train_uniform:  10%|▉         | 1154/11808 [00:41\u003c04:21, 40.75clip/s]\r[features] train_uniform:  10%|▉         | 1159/11808 [00:41\u003c04:09, 42.66clip/s]\n"}
,{"stream_name":"stderr","time":124.687669729,"data":"\r[features] train_uniform:  10%|▉         | 1159/11808 [00:41\u003c04:09, 42.66clip/s]\r[features] train_uniform:  10%|▉         | 1164/11808 [00:41\u003c04:06, 43.17clip/s]\n"}
,{"stream_name":"stderr","time":124.817541271,"data":"\r[features] train_uniform:  10%|▉         | 1164/11808 [00:41\u003c04:06, 43.17clip/s]\r[features] train_uniform:  10%|▉         | 1169/11808 [00:41\u003c04:15, 41.65clip/s]\n"}
,{"stream_name":"stderr","time":124.927691624,"data":"\r[features] train_uniform:  10%|▉         | 1169/11808 [00:41\u003c04:15, 41.65clip/s]\r[features] train_uniform:  10%|▉         | 1174/11808 [00:41\u003c04:08, 42.71clip/s]\n"}
,{"stream_name":"stderr","time":125.046861217,"data":"\r[features] train_uniform:  10%|▉         | 1174/11808 [00:41\u003c04:08, 42.71clip/s]\r[features] train_uniform:  10%|▉         | 1179/11808 [00:41\u003c04:10, 42.49clip/s]\n"}
,{"stream_name":"stderr","time":125.162063164,"data":"\r[features] train_uniform:  10%|▉         | 1179/11808 [00:41\u003c04:10, 42.49clip/s]\r[features] train_uniform:  10%|█         | 1184/11808 [00:41\u003c04:08, 42.75clip/s]\n"}
,{"stream_name":"stderr","time":125.264388824,"data":"\r[features] train_uniform:  10%|█         | 1184/11808 [00:41\u003c04:08, 42.75clip/s]\r[features] train_uniform:  10%|█         | 1189/11808 [00:41\u003c03:58, 44.44clip/s]\n"}
,{"stream_name":"stderr","time":125.378002956,"data":"\r[features] train_uniform:  10%|█         | 1189/11808 [00:41\u003c03:58, 44.44clip/s]\r[features] train_uniform:  10%|█         | 1194/11808 [00:41\u003c03:59, 44.27clip/s]\n"}
,{"stream_name":"stderr","time":125.48504274,"data":"\r[features] train_uniform:  10%|█         | 1194/11808 [00:41\u003c03:59, 44.27clip/s]\r[features] train_uniform:  10%|█         | 1199/11808 [00:42\u003c03:55, 45.00clip/s]\n"}
,{"stream_name":"stderr","time":125.592157798,"data":"\r[features] train_uniform:  10%|█         | 1199/11808 [00:42\u003c03:55, 45.00clip/s]\r[features] train_uniform:  10%|█         | 1204/11808 [00:42\u003c03:53, 45.50clip/s]\n"}
,{"stream_name":"stderr","time":125.706032736,"data":"\r[features] train_uniform:  10%|█         | 1204/11808 [00:42\u003c03:53, 45.50clip/s]\r[features] train_uniform:  10%|█         | 1209/11808 [00:42\u003c03:55, 45.01clip/s]\n"}
,{"stream_name":"stderr","time":125.884042274,"data":"\r[features] train_uniform:  10%|█         | 1209/11808 [00:42\u003c03:55, 45.01clip/s]\r[features] train_uniform:  10%|█         | 1214/11808 [00:42\u003c04:37, 38.11clip/s]\n"}
,{"stream_name":"stderr","time":125.985467392,"data":"\r[features] train_uniform:  10%|█         | 1214/11808 [00:42\u003c04:37, 38.11clip/s]\r[features] train_uniform:  10%|█         | 1219/11808 [00:42\u003c04:18, 40.90clip/s]\n"}
,{"stream_name":"stderr","time":126.113657442,"data":"\r[features] train_uniform:  10%|█         | 1219/11808 [00:42\u003c04:18, 40.90clip/s]\r[features] train_uniform:  10%|█         | 1224/11808 [00:42\u003c04:22, 40.31clip/s]\n"}
,{"stream_name":"stderr","time":126.248282676,"data":"\r[features] train_uniform:  10%|█         | 1224/11808 [00:42\u003c04:22, 40.31clip/s]\r[features] train_uniform:  10%|█         | 1229/11808 [00:42\u003c04:29, 39.33clip/s]\n"}
,{"stream_name":"stderr","time":126.352461855,"data":"\r[features] train_uniform:  10%|█         | 1229/11808 [00:42\u003c04:29, 39.33clip/s]\r[features] train_uniform:  10%|█         | 1234/11808 [00:42\u003c04:14, 41.54clip/s]\n"}
,{"stream_name":"stderr","time":126.453529768,"data":"\r[features] train_uniform:  10%|█         | 1234/11808 [00:42\u003c04:14, 41.54clip/s]\r[features] train_uniform:  10%|█         | 1239/11808 [00:42\u003c04:02, 43.65clip/s]\n"}
,{"stream_name":"stderr","time":126.562364247,"data":"\r[features] train_uniform:  10%|█         | 1239/11808 [00:42\u003c04:02, 43.65clip/s]\r[features] train_uniform:  11%|█         | 1244/11808 [00:43\u003c03:58, 44.33clip/s]\n"}
,{"stream_name":"stderr","time":126.681498949,"data":"\r[features] train_uniform:  11%|█         | 1244/11808 [00:43\u003c03:58, 44.33clip/s]\r[features] train_uniform:  11%|█         | 1249/11808 [00:43\u003c04:02, 43.58clip/s]\n"}
,{"stream_name":"stderr","time":126.807826306,"data":"\r[features] train_uniform:  11%|█         | 1249/11808 [00:43\u003c04:02, 43.58clip/s]\r[features] train_uniform:  11%|█         | 1255/11808 [00:43\u003c03:55, 44.84clip/s]\n"}
,{"stream_name":"stderr","time":126.922708949,"data":"\r[features] train_uniform:  11%|█         | 1255/11808 [00:43\u003c03:55, 44.84clip/s]\r[features] train_uniform:  11%|█         | 1260/11808 [00:43\u003c03:57, 44.44clip/s]\n"}
,{"stream_name":"stderr","time":127.038916365,"data":"\r[features] train_uniform:  11%|█         | 1260/11808 [00:43\u003c03:57, 44.44clip/s]\r[features] train_uniform:  11%|█         | 1265/11808 [00:43\u003c03:59, 44.03clip/s]\n"}
,{"stream_name":"stderr","time":127.159720485,"data":"\r[features] train_uniform:  11%|█         | 1265/11808 [00:43\u003c03:59, 44.03clip/s]\r[features] train_uniform:  11%|█         | 1270/11808 [00:43\u003c04:03, 43.26clip/s]\n"}
,{"stream_name":"stderr","time":127.293356967,"data":"\r[features] train_uniform:  11%|█         | 1270/11808 [00:43\u003c04:03, 43.26clip/s]\r[features] train_uniform:  11%|█         | 1275/11808 [00:43\u003c04:15, 41.28clip/s]\n"}
,{"stream_name":"stderr","time":127.399957346,"data":"\r[features] train_uniform:  11%|█         | 1275/11808 [00:43\u003c04:15, 41.28clip/s]\r[features] train_uniform:  11%|█         | 1280/11808 [00:43\u003c04:05, 42.86clip/s]\n"}
,{"stream_name":"stderr","time":127.540819145,"data":"\r[features] train_uniform:  11%|█         | 1280/11808 [00:43\u003c04:05, 42.86clip/s]\r[features] train_uniform:  11%|█         | 1285/11808 [00:44\u003c04:20, 40.35clip/s]\n"}
,{"stream_name":"stderr","time":127.655024172,"data":"\r[features] train_uniform:  11%|█         | 1285/11808 [00:44\u003c04:20, 40.35clip/s]\r[features] train_uniform:  11%|█         | 1290/11808 [00:44\u003c04:14, 41.31clip/s]\n"}
,{"stream_name":"stderr","time":127.792231165,"data":"\r[features] train_uniform:  11%|█         | 1290/11808 [00:44\u003c04:14, 41.31clip/s]\r[features] train_uniform:  11%|█         | 1295/11808 [00:44\u003c04:24, 39.72clip/s]\n"}
,{"stream_name":"stderr","time":127.902091319,"data":"\r[features] train_uniform:  11%|█         | 1295/11808 [00:44\u003c04:24, 39.72clip/s]\r[features] train_uniform:  11%|█         | 1300/11808 [00:44\u003c04:14, 41.29clip/s]\n"}
,{"stream_name":"stderr","time":128.099172294,"data":"\r[features] train_uniform:  11%|█         | 1300/11808 [00:44\u003c04:14, 41.29clip/s]\r[features] train_uniform:  11%|█         | 1305/11808 [00:44\u003c05:01, 34.81clip/s]\n"}
,{"stream_name":"stderr","time":128.210587279,"data":"\r[features] train_uniform:  11%|█         | 1305/11808 [00:44\u003c05:01, 34.81clip/s]\r[features] train_uniform:  11%|█         | 1309/11808 [00:44\u003c04:59, 35.07clip/s]\n"}
,{"stream_name":"stderr","time":128.323105966,"data":"\r[features] train_uniform:  11%|█         | 1309/11808 [00:44\u003c04:59, 35.07clip/s]\r[features] train_uniform:  11%|█         | 1314/11808 [00:44\u003c04:39, 37.49clip/s]\n"}
,{"stream_name":"stderr","time":128.434170327,"data":"\r[features] train_uniform:  11%|█         | 1314/11808 [00:44\u003c04:39, 37.49clip/s]\r[features] train_uniform:  11%|█         | 1319/11808 [00:44\u003c04:24, 39.59clip/s]\n"}
,{"stream_name":"stderr","time":128.538064134,"data":"\r[features] train_uniform:  11%|█         | 1319/11808 [00:44\u003c04:24, 39.59clip/s]\r[features] train_uniform:  11%|█         | 1324/11808 [00:45\u003c04:10, 41.87clip/s]\n"}
,{"stream_name":"stderr","time":128.688385845,"data":"\r[features] train_uniform:  11%|█         | 1324/11808 [00:45\u003c04:10, 41.87clip/s]\r[features] train_uniform:  11%|█▏        | 1329/11808 [00:45\u003c04:30, 38.80clip/s]\n"}
,{"stream_name":"stderr","time":128.799994214,"data":"\r[features] train_uniform:  11%|█▏        | 1329/11808 [00:45\u003c04:30, 38.80clip/s]\r[features] train_uniform:  11%|█▏        | 1334/11808 [00:45\u003c04:19, 40.39clip/s]\n"}
,{"stream_name":"stderr","time":128.909135132,"data":"\r[features] train_uniform:  11%|█▏        | 1334/11808 [00:45\u003c04:19, 40.39clip/s]\r[features] train_uniform:  11%|█▏        | 1339/11808 [00:45\u003c04:09, 41.97clip/s]\n"}
,{"stream_name":"stderr","time":129.009396885,"data":"\r[features] train_uniform:  11%|█▏        | 1339/11808 [00:45\u003c04:09, 41.97clip/s]\r[features] train_uniform:  11%|█▏        | 1344/11808 [00:45\u003c03:57, 44.00clip/s]\n"}
,{"stream_name":"stderr","time":129.114853759,"data":"\r[features] train_uniform:  11%|█▏        | 1344/11808 [00:45\u003c03:57, 44.00clip/s]\r[features] train_uniform:  11%|█▏        | 1349/11808 [00:45\u003c03:52, 44.95clip/s]\n"}
,{"stream_name":"stderr","time":129.227023726,"data":"\r[features] train_uniform:  11%|█▏        | 1349/11808 [00:45\u003c03:52, 44.95clip/s]\r[features] train_uniform:  11%|█▏        | 1354/11808 [00:45\u003c03:53, 44.86clip/s]\n"}
,{"stream_name":"stderr","time":129.415595089,"data":"\r[features] train_uniform:  11%|█▏        | 1354/11808 [00:45\u003c03:53, 44.86clip/s]\r[features] train_uniform:  12%|█▏        | 1359/11808 [00:45\u003c04:41, 37.18clip/s]\n"}
,{"stream_name":"stderr","time":129.539470061,"data":"\r[features] train_uniform:  12%|█▏        | 1359/11808 [00:45\u003c04:41, 37.18clip/s]\r[features] train_uniform:  12%|█▏        | 1365/11808 [00:46\u003c04:18, 40.33clip/s]\n"}
,{"stream_name":"stderr","time":129.653836988,"data":"\r[features] train_uniform:  12%|█▏        | 1365/11808 [00:46\u003c04:18, 40.33clip/s]\r[features] train_uniform:  12%|█▏        | 1371/11808 [00:46\u003c03:59, 43.67clip/s]\n"}
,{"stream_name":"stderr","time":129.766509385,"data":"\r[features] train_uniform:  12%|█▏        | 1371/11808 [00:46\u003c03:59, 43.67clip/s]\r[features] train_uniform:  12%|█▏        | 1377/11808 [00:46\u003c03:45, 46.28clip/s]\n"}
,{"stream_name":"stderr","time":129.877860037,"data":"\r[features] train_uniform:  12%|█▏        | 1377/11808 [00:46\u003c03:45, 46.28clip/s]\r[features] train_uniform:  12%|█▏        | 1382/11808 [00:46\u003c03:47, 45.88clip/s]\n"}
,{"stream_name":"stderr","time":129.989624207,"data":"\r[features] train_uniform:  12%|█▏        | 1382/11808 [00:46\u003c03:47, 45.88clip/s]\r[features] train_uniform:  12%|█▏        | 1387/11808 [00:46\u003c03:48, 45.56clip/s]\n"}
,{"stream_name":"stderr","time":130.089619965,"data":"\r[features] train_uniform:  12%|█▏        | 1387/11808 [00:46\u003c03:48, 45.56clip/s]\r[features] train_uniform:  12%|█▏        | 1392/11808 [00:46\u003c03:42, 46.72clip/s]\n"}
,{"stream_name":"stderr","time":130.203577414,"data":"\r[features] train_uniform:  12%|█▏        | 1392/11808 [00:46\u003c03:42, 46.72clip/s]\r[features] train_uniform:  12%|█▏        | 1397/11808 [00:46\u003c03:46, 45.94clip/s]\n"}
,{"stream_name":"stderr","time":130.312365087,"data":"\r[features] train_uniform:  12%|█▏        | 1397/11808 [00:46\u003c03:46, 45.94clip/s]\r[features] train_uniform:  12%|█▏        | 1402/11808 [00:46\u003c03:46, 45.89clip/s]\n"}
,{"stream_name":"stderr","time":130.447350408,"data":"\r[features] train_uniform:  12%|█▏        | 1402/11808 [00:46\u003c03:46, 45.89clip/s]\r[features] train_uniform:  12%|█▏        | 1407/11808 [00:46\u003c04:02, 42.90clip/s]\n"}
,{"stream_name":"stderr","time":130.558398155,"data":"\r[features] train_uniform:  12%|█▏        | 1407/11808 [00:46\u003c04:02, 42.90clip/s]\r[features] train_uniform:  12%|█▏        | 1412/11808 [00:47\u003c03:59, 43.47clip/s]\n"}
,{"stream_name":"stderr","time":130.666602474,"data":"\r[features] train_uniform:  12%|█▏        | 1412/11808 [00:47\u003c03:59, 43.47clip/s]\r[features] train_uniform:  12%|█▏        | 1417/11808 [00:47\u003c03:54, 44.25clip/s]\n"}
,{"stream_name":"stderr","time":130.904210964,"data":"\r[features] train_uniform:  12%|█▏        | 1417/11808 [00:47\u003c03:54, 44.25clip/s]\r[features] train_uniform:  12%|█▏        | 1422/11808 [00:47\u003c05:09, 33.60clip/s]\n"}
,{"stream_name":"stderr","time":131.031915077,"data":"\r[features] train_uniform:  12%|█▏        | 1422/11808 [00:47\u003c05:09, 33.60clip/s]\r[features] train_uniform:  12%|█▏        | 1426/11808 [00:47\u003c05:17, 32.67clip/s]\n"}
,{"stream_name":"stderr","time":131.133083758,"data":"\r[features] train_uniform:  12%|█▏        | 1426/11808 [00:47\u003c05:17, 32.67clip/s]\r[features] train_uniform:  12%|█▏        | 1430/11808 [00:47\u003c05:02, 34.26clip/s]\n"}
,{"stream_name":"stderr","time":131.28006837,"data":"\r[features] train_uniform:  12%|█▏        | 1430/11808 [00:47\u003c05:02, 34.26clip/s]\r[features] train_uniform:  12%|█▏        | 1434/11808 [00:47\u003c05:24, 31.97clip/s]\n"}
,{"stream_name":"stderr","time":131.400546938,"data":"\r[features] train_uniform:  12%|█▏        | 1434/11808 [00:47\u003c05:24, 31.97clip/s]\r[features] train_uniform:  12%|█▏        | 1439/11808 [00:47\u003c04:59, 34.62clip/s]\n"}
,{"stream_name":"stderr","time":131.512977269,"data":"\r[features] train_uniform:  12%|█▏        | 1439/11808 [00:47\u003c04:59, 34.62clip/s]\r[features] train_uniform:  12%|█▏        | 1444/11808 [00:48\u003c04:38, 37.25clip/s]\n"}
,{"stream_name":"stderr","time":131.622591851,"data":"\r[features] train_uniform:  12%|█▏        | 1444/11808 [00:48\u003c04:38, 37.25clip/s]\r[features] train_uniform:  12%|█▏        | 1450/11808 [00:48\u003c04:06, 42.00clip/s]\n"}
,{"stream_name":"stderr","time":131.73001316,"data":"\r[features] train_uniform:  12%|█▏        | 1450/11808 [00:48\u003c04:06, 42.00clip/s]\r[features] train_uniform:  12%|█▏        | 1455/11808 [00:48\u003c03:59, 43.26clip/s]\n"}
,{"stream_name":"stderr","time":131.839997709,"data":"\r[features] train_uniform:  12%|█▏        | 1455/11808 [00:48\u003c03:59, 43.26clip/s]\r[features] train_uniform:  12%|█▏        | 1460/11808 [00:48\u003c03:55, 43.91clip/s]\n"}
,{"stream_name":"stderr","time":131.944288631,"data":"\r[features] train_uniform:  12%|█▏        | 1460/11808 [00:48\u003c03:55, 43.91clip/s]\r[features] train_uniform:  12%|█▏        | 1465/11808 [00:48\u003c03:49, 45.06clip/s]\n"}
,{"stream_name":"stderr","time":132.060032499,"data":"\r[features] train_uniform:  12%|█▏        | 1465/11808 [00:48\u003c03:49, 45.06clip/s]\r[features] train_uniform:  12%|█▏        | 1470/11808 [00:48\u003c03:52, 44.55clip/s]\n"}
,{"stream_name":"stderr","time":132.194312986,"data":"\r[features] train_uniform:  12%|█▏        | 1470/11808 [00:48\u003c03:52, 44.55clip/s]\r[features] train_uniform:  12%|█▏        | 1475/11808 [00:48\u003c04:05, 42.06clip/s]\n"}
,{"stream_name":"stderr","time":132.320010151,"data":"\r[features] train_uniform:  12%|█▏        | 1475/11808 [00:48\u003c04:05, 42.06clip/s]\r[features] train_uniform:  13%|█▎        | 1480/11808 [00:48\u003c04:10, 41.27clip/s]\n"}
,{"stream_name":"stderr","time":132.427098877,"data":"\r[features] train_uniform:  13%|█▎        | 1480/11808 [00:48\u003c04:10, 41.27clip/s]\r[features] train_uniform:  13%|█▎        | 1485/11808 [00:48\u003c04:01, 42.74clip/s]\n"}
,{"stream_name":"stderr","time":132.553589983,"data":"\r[features] train_uniform:  13%|█▎        | 1485/11808 [00:48\u003c04:01, 42.74clip/s]\r[features] train_uniform:  13%|█▎        | 1490/11808 [00:49\u003c04:07, 41.73clip/s]\n"}
,{"stream_name":"stderr","time":132.668511005,"data":"\r[features] train_uniform:  13%|█▎        | 1490/11808 [00:49\u003c04:07, 41.73clip/s]\r[features] train_uniform:  13%|█▎        | 1495/11808 [00:49\u003c04:03, 42.30clip/s]\n"}
,{"stream_name":"stderr","time":132.777832452,"data":"\r[features] train_uniform:  13%|█▎        | 1495/11808 [00:49\u003c04:03, 42.30clip/s]\r[features] train_uniform:  13%|█▎        | 1500/11808 [00:49\u003c03:58, 43.23clip/s]\n"}
,{"stream_name":"stderr","time":132.894679166,"data":"\r[features] train_uniform:  13%|█▎        | 1500/11808 [00:49\u003c03:58, 43.23clip/s]\r[features] train_uniform:  13%|█▎        | 1505/11808 [00:49\u003c03:58, 43.13clip/s]\n"}
,{"stream_name":"stderr","time":133.004593486,"data":"\r[features] train_uniform:  13%|█▎        | 1505/11808 [00:49\u003c03:58, 43.13clip/s]\r[features] train_uniform:  13%|█▎        | 1510/11808 [00:49\u003c03:54, 43.86clip/s]\n"}
,{"stream_name":"stderr","time":133.117621506,"data":"\r[features] train_uniform:  13%|█▎        | 1510/11808 [00:49\u003c03:54, 43.86clip/s]\r[features] train_uniform:  13%|█▎        | 1515/11808 [00:49\u003c03:54, 43.91clip/s]\n"}
,{"stream_name":"stderr","time":133.22849742,"data":"\r[features] train_uniform:  13%|█▎        | 1515/11808 [00:49\u003c03:54, 43.91clip/s]\r[features] train_uniform:  13%|█▎        | 1520/11808 [00:49\u003c03:52, 44.23clip/s]\n"}
,{"stream_name":"stderr","time":133.343217277,"data":"\r[features] train_uniform:  13%|█▎        | 1520/11808 [00:49\u003c03:52, 44.23clip/s]\r[features] train_uniform:  13%|█▎        | 1525/11808 [00:49\u003c03:53, 44.06clip/s]\n"}
,{"stream_name":"stderr","time":133.452946005,"data":"\r[features] train_uniform:  13%|█▎        | 1525/11808 [00:49\u003c03:53, 44.06clip/s]\r[features] train_uniform:  13%|█▎        | 1530/11808 [00:49\u003c03:50, 44.55clip/s]\n"}
,{"stream_name":"stderr","time":133.558517597,"data":"\r[features] train_uniform:  13%|█▎        | 1530/11808 [00:49\u003c03:50, 44.55clip/s]\r[features] train_uniform:  13%|█▎        | 1535/11808 [00:50\u003c03:46, 45.34clip/s]\n"}
,{"stream_name":"stderr","time":133.67585796,"data":"\r[features] train_uniform:  13%|█▎        | 1535/11808 [00:50\u003c03:46, 45.34clip/s]\r[features] train_uniform:  13%|█▎        | 1541/11808 [00:50\u003c03:37, 47.13clip/s]\n"}
,{"stream_name":"stderr","time":133.791647147,"data":"\r[features] train_uniform:  13%|█▎        | 1541/11808 [00:50\u003c03:37, 47.13clip/s]\r[features] train_uniform:  13%|█▎        | 1547/11808 [00:50\u003c03:31, 48.56clip/s]\n"}
,{"stream_name":"stderr","time":133.897460128,"data":"\r[features] train_uniform:  13%|█▎        | 1547/11808 [00:50\u003c03:31, 48.56clip/s]\r[features] train_uniform:  13%|█▎        | 1552/11808 [00:50\u003c03:32, 48.20clip/s]\n"}
,{"stream_name":"stderr","time":134.000317431,"data":"\r[features] train_uniform:  13%|█▎        | 1552/11808 [00:50\u003c03:32, 48.20clip/s]\r[features] train_uniform:  13%|█▎        | 1557/11808 [00:50\u003c03:31, 48.42clip/s]\n"}
,{"stream_name":"stderr","time":134.11979392,"data":"\r[features] train_uniform:  13%|█▎        | 1557/11808 [00:50\u003c03:31, 48.42clip/s]\r[features] train_uniform:  13%|█▎        | 1563/11808 [00:50\u003c03:29, 48.88clip/s]\n"}
,{"stream_name":"stderr","time":134.234851971,"data":"\r[features] train_uniform:  13%|█▎        | 1563/11808 [00:50\u003c03:29, 48.88clip/s]\r[features] train_uniform:  13%|█▎        | 1568/11808 [00:50\u003c03:36, 47.25clip/s]\n"}
,{"stream_name":"stderr","time":134.359013373,"data":"\r[features] train_uniform:  13%|█▎        | 1568/11808 [00:50\u003c03:36, 47.25clip/s]\r[features] train_uniform:  13%|█▎        | 1573/11808 [00:50\u003c03:47, 45.03clip/s]\n"}
,{"stream_name":"stderr","time":134.458928483,"data":"\r[features] train_uniform:  13%|█▎        | 1573/11808 [00:50\u003c03:47, 45.03clip/s]\r[features] train_uniform:  13%|█▎        | 1578/11808 [00:50\u003c03:40, 46.35clip/s]\n"}
,{"stream_name":"stderr","time":134.561920958,"data":"\r[features] train_uniform:  13%|█▎        | 1578/11808 [00:50\u003c03:40, 46.35clip/s]\r[features] train_uniform:  13%|█▎        | 1583/11808 [00:51\u003c03:37, 46.98clip/s]\n"}
,{"stream_name":"stderr","time":134.672874425,"data":"\r[features] train_uniform:  13%|█▎        | 1583/11808 [00:51\u003c03:37, 46.98clip/s]\r[features] train_uniform:  13%|█▎        | 1588/11808 [00:51\u003c03:40, 46.41clip/s]\n"}
,{"stream_name":"stderr","time":134.790655076,"data":"\r[features] train_uniform:  13%|█▎        | 1588/11808 [00:51\u003c03:40, 46.41clip/s]\r[features] train_uniform:  13%|█▎        | 1594/11808 [00:51\u003c03:33, 47.84clip/s]\n"}
,{"stream_name":"stderr","time":134.90727564,"data":"\r[features] train_uniform:  13%|█▎        | 1594/11808 [00:51\u003c03:33, 47.84clip/s]\r[features] train_uniform:  14%|█▎        | 1600/11808 [00:51\u003c03:28, 48.95clip/s]\n"}
,{"stream_name":"stderr","time":135.010661285,"data":"\r[features] train_uniform:  14%|█▎        | 1600/11808 [00:51\u003c03:28, 48.95clip/s]\r[features] train_uniform:  14%|█▎        | 1605/11808 [00:51\u003c03:29, 48.80clip/s]\n"}
,{"stream_name":"stderr","time":135.126433527,"data":"\r[features] train_uniform:  14%|█▎        | 1605/11808 [00:51\u003c03:29, 48.80clip/s]\r[features] train_uniform:  14%|█▎        | 1611/11808 [00:51\u003c03:25, 49.74clip/s]\n"}
,{"stream_name":"stderr","time":135.243969857,"data":"\r[features] train_uniform:  14%|█▎        | 1611/11808 [00:51\u003c03:25, 49.74clip/s]\r[features] train_uniform:  14%|█▎        | 1616/11808 [00:51\u003c03:34, 47.52clip/s]\n"}
,{"stream_name":"stderr","time":135.352474612,"data":"\r[features] train_uniform:  14%|█▎        | 1616/11808 [00:51\u003c03:34, 47.52clip/s]\r[features] train_uniform:  14%|█▎        | 1621/11808 [00:51\u003c03:36, 47.07clip/s]\n"}
,{"stream_name":"stderr","time":135.456392453,"data":"\r[features] train_uniform:  14%|█▎        | 1621/11808 [00:51\u003c03:36, 47.07clip/s]\r[features] train_uniform:  14%|█▍        | 1626/11808 [00:51\u003c03:35, 47.34clip/s]\n"}
,{"stream_name":"stderr","time":135.55739814,"data":"\r[features] train_uniform:  14%|█▍        | 1626/11808 [00:51\u003c03:35, 47.34clip/s]\r[features] train_uniform:  14%|█▍        | 1631/11808 [00:52\u003c03:32, 47.94clip/s]\n"}
,{"stream_name":"stderr","time":135.666627133,"data":"\r[features] train_uniform:  14%|█▍        | 1631/11808 [00:52\u003c03:32, 47.94clip/s]\r[features] train_uniform:  14%|█▍        | 1636/11808 [00:52\u003c03:34, 47.46clip/s]\n"}
,{"stream_name":"stderr","time":135.820505479,"data":"\r[features] train_uniform:  14%|█▍        | 1636/11808 [00:52\u003c03:34, 47.46clip/s]\r[features] train_uniform:  14%|█▍        | 1641/11808 [00:52\u003c04:03, 41.77clip/s]\n"}
,{"stream_name":"stderr","time":135.940044124,"data":"\r[features] train_uniform:  14%|█▍        | 1641/11808 [00:52\u003c04:03, 41.77clip/s]\r[features] train_uniform:  14%|█▍        | 1646/11808 [00:52\u003c04:03, 41.70clip/s]\n"}
,{"stream_name":"stderr","time":136.065093144,"data":"\r[features] train_uniform:  14%|█▍        | 1646/11808 [00:52\u003c04:03, 41.70clip/s]\r[features] train_uniform:  14%|█▍        | 1651/11808 [00:52\u003c04:06, 41.16clip/s]\n"}
,{"stream_name":"stderr","time":136.180176001,"data":"\r[features] train_uniform:  14%|█▍        | 1651/11808 [00:52\u003c04:06, 41.16clip/s]\r[features] train_uniform:  14%|█▍        | 1656/11808 [00:52\u003c04:03, 41.78clip/s]\n"}
,{"stream_name":"stderr","time":136.301994574,"data":"\r[features] train_uniform:  14%|█▍        | 1656/11808 [00:52\u003c04:03, 41.78clip/s]\r[features] train_uniform:  14%|█▍        | 1661/11808 [00:52\u003c04:04, 41.57clip/s]\n"}
,{"stream_name":"stderr","time":136.414042722,"data":"\r[features] train_uniform:  14%|█▍        | 1661/11808 [00:52\u003c04:04, 41.57clip/s]\r[features] train_uniform:  14%|█▍        | 1666/11808 [00:52\u003c03:59, 42.42clip/s]\n"}
,{"stream_name":"stderr","time":136.534609025,"data":"\r[features] train_uniform:  14%|█▍        | 1666/11808 [00:52\u003c03:59, 42.42clip/s]\r[features] train_uniform:  14%|█▍        | 1671/11808 [00:53\u003c04:00, 42.15clip/s]\n"}
,{"stream_name":"stderr","time":136.731695689,"data":"\r[features] train_uniform:  14%|█▍        | 1671/11808 [00:53\u003c04:00, 42.15clip/s]\r[features] train_uniform:  14%|█▍        | 1676/11808 [00:53\u003c04:48, 35.17clip/s]\n"}
,{"stream_name":"stderr","time":136.9866536,"data":"\r[features] train_uniform:  14%|█▍        | 1676/11808 [00:53\u003c04:48, 35.17clip/s]\r[features] train_uniform:  14%|█▍        | 1680/11808 [00:53\u003c06:19, 26.71clip/s]\n"}
,{"stream_name":"stderr","time":137.290197814,"data":"\r[features] train_uniform:  14%|█▍        | 1680/11808 [00:53\u003c06:19, 26.71clip/s]\r[features] train_uniform:  14%|█▍        | 1684/11808 [00:53\u003c08:02, 20.98clip/s]\n"}
,{"stream_name":"stderr","time":137.39071942,"data":"\r[features] train_uniform:  14%|█▍        | 1684/11808 [00:53\u003c08:02, 20.98clip/s]\r[features] train_uniform:  14%|█▍        | 1689/11808 [00:53\u003c06:32, 25.77clip/s]\n"}
,{"stream_name":"stderr","time":137.529264445,"data":"\r[features] train_uniform:  14%|█▍        | 1689/11808 [00:53\u003c06:32, 25.77clip/s]\r[features] train_uniform:  14%|█▍        | 1694/11808 [00:54\u003c05:56, 28.33clip/s]\n"}
,{"stream_name":"stderr","time":137.632077534,"data":"\r[features] train_uniform:  14%|█▍        | 1694/11808 [00:54\u003c05:56, 28.33clip/s]\r[features] train_uniform:  14%|█▍        | 1699/11808 [00:54\u003c05:10, 32.55clip/s]\n"}
,{"stream_name":"stderr","time":137.740860438,"data":"\r[features] train_uniform:  14%|█▍        | 1699/11808 [00:54\u003c05:10, 32.55clip/s]\r[features] train_uniform:  14%|█▍        | 1704/11808 [00:54\u003c04:42, 35.74clip/s]\n"}
,{"stream_name":"stderr","time":137.85317725,"data":"\r[features] train_uniform:  14%|█▍        | 1704/11808 [00:54\u003c04:42, 35.74clip/s]\r[features] train_uniform:  14%|█▍        | 1710/11808 [00:54\u003c04:10, 40.36clip/s]\n"}
,{"stream_name":"stderr","time":137.977560319,"data":"\r[features] train_uniform:  14%|█▍        | 1710/11808 [00:54\u003c04:10, 40.36clip/s]\r[features] train_uniform:  15%|█▍        | 1716/11808 [00:54\u003c03:56, 42.65clip/s]\n"}
,{"stream_name":"stderr","time":138.098704534,"data":"\r[features] train_uniform:  15%|█▍        | 1716/11808 [00:54\u003c03:56, 42.65clip/s]\r[features] train_uniform:  15%|█▍        | 1721/11808 [00:54\u003c03:58, 42.26clip/s]\n"}
,{"stream_name":"stderr","time":138.222856257,"data":"\r[features] train_uniform:  15%|█▍        | 1721/11808 [00:54\u003c03:58, 42.26clip/s]\r[features] train_uniform:  15%|█▍        | 1726/11808 [00:54\u003c04:01, 41.67clip/s]\n"}
,{"stream_name":"stderr","time":138.352855854,"data":"\r[features] train_uniform:  15%|█▍        | 1726/11808 [00:54\u003c04:01, 41.67clip/s]\r[features] train_uniform:  15%|█▍        | 1731/11808 [00:54\u003c04:07, 40.72clip/s]\n"}
,{"stream_name":"stderr","time":138.466890165,"data":"\r[features] train_uniform:  15%|█▍        | 1731/11808 [00:54\u003c04:07, 40.72clip/s]\r[features] train_uniform:  15%|█▍        | 1737/11808 [00:55\u003c03:48, 44.01clip/s]\n"}
,{"stream_name":"stderr","time":138.571476163,"data":"\r[features] train_uniform:  15%|█▍        | 1737/11808 [00:55\u003c03:48, 44.01clip/s]\r[features] train_uniform:  15%|█▍        | 1742/11808 [00:55\u003c03:43, 45.02clip/s]\n"}
,{"stream_name":"stderr","time":138.678193874,"data":"\r[features] train_uniform:  15%|█▍        | 1742/11808 [00:55\u003c03:43, 45.02clip/s]\r[features] train_uniform:  15%|█▍        | 1747/11808 [00:55\u003c03:40, 45.55clip/s]\n"}
,{"stream_name":"stderr","time":138.804665694,"data":"\r[features] train_uniform:  15%|█▍        | 1747/11808 [00:55\u003c03:40, 45.55clip/s]\r[features] train_uniform:  15%|█▍        | 1752/11808 [00:55\u003c03:49, 43.91clip/s]\n"}
,{"stream_name":"stderr","time":138.923194618,"data":"\r[features] train_uniform:  15%|█▍        | 1752/11808 [00:55\u003c03:49, 43.91clip/s]\r[features] train_uniform:  15%|█▍        | 1757/11808 [00:55\u003c03:53, 43.06clip/s]\n"}
,{"stream_name":"stderr","time":139.034965748,"data":"\r[features] train_uniform:  15%|█▍        | 1757/11808 [00:55\u003c03:53, 43.06clip/s]\r[features] train_uniform:  15%|█▍        | 1762/11808 [00:55\u003c03:50, 43.54clip/s]\n"}
,{"stream_name":"stderr","time":139.156308782,"data":"\r[features] train_uniform:  15%|█▍        | 1762/11808 [00:55\u003c03:50, 43.54clip/s]\r[features] train_uniform:  15%|█▍        | 1767/11808 [00:55\u003c03:54, 42.86clip/s]\n"}
,{"stream_name":"stderr","time":139.283520695,"data":"\r[features] train_uniform:  15%|█▍        | 1767/11808 [00:55\u003c03:54, 42.86clip/s]\r[features] train_uniform:  15%|█▌        | 1772/11808 [00:55\u003c03:59, 41.93clip/s]\n"}
,{"stream_name":"stderr","time":139.399058021,"data":"\r[features] train_uniform:  15%|█▌        | 1772/11808 [00:55\u003c03:59, 41.93clip/s]\r[features] train_uniform:  15%|█▌        | 1777/11808 [00:55\u003c03:58, 42.10clip/s]\n"}
,{"stream_name":"stderr","time":139.500821625,"data":"\r[features] train_uniform:  15%|█▌        | 1777/11808 [00:55\u003c03:58, 42.10clip/s]\r[features] train_uniform:  15%|█▌        | 1782/11808 [00:56\u003c03:47, 44.11clip/s]\n"}
,{"stream_name":"stderr","time":139.60100525000001,"data":"\r[features] train_uniform:  15%|█▌        | 1782/11808 [00:56\u003c03:47, 44.11clip/s]\r[features] train_uniform:  15%|█▌        | 1787/11808 [00:56\u003c03:39, 45.68clip/s]\n"}
,{"stream_name":"stderr","time":139.724598059,"data":"\r[features] train_uniform:  15%|█▌        | 1787/11808 [00:56\u003c03:39, 45.68clip/s]\r[features] train_uniform:  15%|█▌        | 1792/11808 [00:56\u003c03:48, 43.87clip/s]\n"}
,{"stream_name":"stderr","time":139.832610897,"data":"\r[features] train_uniform:  15%|█▌        | 1792/11808 [00:56\u003c03:48, 43.87clip/s]\r[features] train_uniform:  15%|█▌        | 1797/11808 [00:56\u003c03:44, 44.59clip/s]\n"}
,{"stream_name":"stderr","time":139.937449311,"data":"\r[features] train_uniform:  15%|█▌        | 1797/11808 [00:56\u003c03:44, 44.59clip/s]\r[features] train_uniform:  15%|█▌        | 1802/11808 [00:56\u003c03:40, 45.46clip/s]\n"}
,{"stream_name":"stderr","time":140.054290287,"data":"\r[features] train_uniform:  15%|█▌        | 1802/11808 [00:56\u003c03:40, 45.46clip/s]\r[features] train_uniform:  15%|█▌        | 1807/11808 [00:56\u003c03:44, 44.60clip/s]\n"}
,{"stream_name":"stderr","time":140.159548183,"data":"\r[features] train_uniform:  15%|█▌        | 1807/11808 [00:56\u003c03:44, 44.60clip/s]\r[features] train_uniform:  15%|█▌        | 1812/11808 [00:56\u003c03:39, 45.50clip/s]\n"}
,{"stream_name":"stderr","time":140.261480862,"data":"\r[features] train_uniform:  15%|█▌        | 1812/11808 [00:56\u003c03:39, 45.50clip/s]\r[features] train_uniform:  15%|█▌        | 1817/11808 [00:56\u003c03:35, 46.46clip/s]\n"}
,{"stream_name":"stderr","time":140.402074046,"data":"\r[features] train_uniform:  15%|█▌        | 1817/11808 [00:56\u003c03:35, 46.46clip/s]\r[features] train_uniform:  15%|█▌        | 1822/11808 [00:56\u003c03:54, 42.56clip/s]\n"}
,{"stream_name":"stderr","time":140.523645447,"data":"\r[features] train_uniform:  15%|█▌        | 1822/11808 [00:56\u003c03:54, 42.56clip/s]\r[features] train_uniform:  15%|█▌        | 1828/11808 [00:57\u003c03:43, 44.72clip/s]\n"}
,{"stream_name":"stderr","time":140.633878335,"data":"\r[features] train_uniform:  15%|█▌        | 1828/11808 [00:57\u003c03:43, 44.72clip/s]\r[features] train_uniform:  16%|█▌        | 1833/11808 [00:57\u003c03:42, 44.81clip/s]\n"}
,{"stream_name":"stderr","time":140.76044538,"data":"\r[features] train_uniform:  16%|█▌        | 1833/11808 [00:57\u003c03:42, 44.81clip/s]\r[features] train_uniform:  16%|█▌        | 1839/11808 [00:57\u003c03:38, 45.62clip/s]\n"}
,{"stream_name":"stderr","time":140.868610549,"data":"\r[features] train_uniform:  16%|█▌        | 1839/11808 [00:57\u003c03:38, 45.62clip/s]\r[features] train_uniform:  16%|█▌        | 1844/11808 [00:57\u003c03:35, 46.18clip/s]\n"}
,{"stream_name":"stderr","time":140.978802376,"data":"\r[features] train_uniform:  16%|█▌        | 1844/11808 [00:57\u003c03:35, 46.18clip/s]\r[features] train_uniform:  16%|█▌        | 1849/11808 [00:57\u003c03:38, 45.58clip/s]\n"}
,{"stream_name":"stderr","time":141.096197094,"data":"\r[features] train_uniform:  16%|█▌        | 1849/11808 [00:57\u003c03:38, 45.58clip/s]\r[features] train_uniform:  16%|█▌        | 1854/11808 [00:57\u003c03:42, 44.67clip/s]\n"}
,{"stream_name":"stderr","time":141.249153967,"data":"\r[features] train_uniform:  16%|█▌        | 1854/11808 [00:57\u003c03:42, 44.67clip/s]\r[features] train_uniform:  16%|█▌        | 1859/11808 [00:57\u003c04:04, 40.72clip/s]\n"}
,{"stream_name":"stderr","time":141.38957488,"data":"\r[features] train_uniform:  16%|█▌        | 1859/11808 [00:57\u003c04:04, 40.72clip/s]\r[features] train_uniform:  16%|█▌        | 1864/11808 [00:57\u003c04:17, 38.68clip/s]\n"}
,{"stream_name":"stderr","time":141.501806461,"data":"\r[features] train_uniform:  16%|█▌        | 1864/11808 [00:57\u003c04:17, 38.68clip/s]\r[features] train_uniform:  16%|█▌        | 1868/11808 [00:58\u003c04:22, 37.90clip/s]\n"}
,{"stream_name":"stderr","time":141.602628667,"data":"\r[features] train_uniform:  16%|█▌        | 1868/11808 [00:58\u003c04:22, 37.90clip/s]\r[features] train_uniform:  16%|█▌        | 1873/11808 [00:58\u003c04:03, 40.88clip/s]\n"}
,{"stream_name":"stderr","time":141.723206151,"data":"\r[features] train_uniform:  16%|█▌        | 1873/11808 [00:58\u003c04:03, 40.88clip/s]\r[features] train_uniform:  16%|█▌        | 1879/11808 [00:58\u003c03:47, 43.60clip/s]\n"}
,{"stream_name":"stderr","time":141.847773908,"data":"\r[features] train_uniform:  16%|█▌        | 1879/11808 [00:58\u003c03:47, 43.60clip/s]\r[features] train_uniform:  16%|█▌        | 1885/11808 [00:58\u003c03:39, 45.20clip/s]\n"}
,{"stream_name":"stderr","time":141.96112019,"data":"\r[features] train_uniform:  16%|█▌        | 1885/11808 [00:58\u003c03:39, 45.20clip/s]\r[features] train_uniform:  16%|█▌        | 1890/11808 [00:58\u003c03:41, 44.72clip/s]\n"}
,{"stream_name":"stderr","time":142.063637164,"data":"\r[features] train_uniform:  16%|█▌        | 1890/11808 [00:58\u003c03:41, 44.72clip/s]\r[features] train_uniform:  16%|█▌        | 1895/11808 [00:58\u003c03:36, 45.81clip/s]\n"}
,{"stream_name":"stderr","time":142.171389886,"data":"\r[features] train_uniform:  16%|█▌        | 1895/11808 [00:58\u003c03:36, 45.81clip/s]\r[features] train_uniform:  16%|█▌        | 1900/11808 [00:58\u003c03:35, 46.00clip/s]\n"}
,{"stream_name":"stderr","time":142.289902496,"data":"\r[features] train_uniform:  16%|█▌        | 1900/11808 [00:58\u003c03:35, 46.00clip/s]\r[features] train_uniform:  16%|█▌        | 1905/11808 [00:58\u003c03:41, 44.78clip/s]\n"}
,{"stream_name":"stderr","time":142.404576533,"data":"\r[features] train_uniform:  16%|█▌        | 1905/11808 [00:58\u003c03:41, 44.78clip/s]\r[features] train_uniform:  16%|█▌        | 1910/11808 [00:58\u003c03:42, 44.46clip/s]\n"}
,{"stream_name":"stderr","time":142.542909889,"data":"\r[features] train_uniform:  16%|█▌        | 1910/11808 [00:58\u003c03:42, 44.46clip/s]\r[features] train_uniform:  16%|█▌        | 1915/11808 [00:59\u003c03:57, 41.58clip/s]\n"}
,{"stream_name":"stderr","time":142.668370513,"data":"\r[features] train_uniform:  16%|█▌        | 1915/11808 [00:59\u003c03:57, 41.58clip/s]\r[features] train_uniform:  16%|█▋        | 1920/11808 [00:59\u003c04:00, 41.10clip/s]\n"}
,{"stream_name":"stderr","time":142.773969011,"data":"\r[features] train_uniform:  16%|█▋        | 1920/11808 [00:59\u003c04:00, 41.10clip/s]\r[features] train_uniform:  16%|█▋        | 1925/11808 [00:59\u003c03:51, 42.73clip/s]\n"}
,{"stream_name":"stderr","time":142.874996418,"data":"\r[features] train_uniform:  16%|█▋        | 1925/11808 [00:59\u003c03:51, 42.73clip/s]\r[features] train_uniform:  16%|█▋        | 1930/11808 [00:59\u003c03:41, 44.52clip/s]\n"}
,{"stream_name":"stderr","time":142.984659839,"data":"\r[features] train_uniform:  16%|█▋        | 1930/11808 [00:59\u003c03:41, 44.52clip/s]\r[features] train_uniform:  16%|█▋        | 1935/11808 [00:59\u003c03:40, 44.87clip/s]\n"}
,{"stream_name":"stderr","time":143.093107482,"data":"\r[features] train_uniform:  16%|█▋        | 1935/11808 [00:59\u003c03:40, 44.87clip/s]\r[features] train_uniform:  16%|█▋        | 1940/11808 [00:59\u003c03:38, 45.22clip/s]\n"}
,{"stream_name":"stderr","time":143.234423824,"data":"\r[features] train_uniform:  16%|█▋        | 1940/11808 [00:59\u003c03:38, 45.22clip/s]\r[features] train_uniform:  16%|█▋        | 1945/11808 [00:59\u003c03:56, 41.74clip/s]\n"}
,{"stream_name":"stderr","time":143.364596706,"data":"\r[features] train_uniform:  16%|█▋        | 1945/11808 [00:59\u003c03:56, 41.74clip/s]\r[features] train_uniform:  17%|█▋        | 1950/11808 [00:59\u003c04:02, 40.69clip/s]\n"}
,{"stream_name":"stderr","time":143.542757121,"data":"\r[features] train_uniform:  17%|█▋        | 1950/11808 [00:59\u003c04:02, 40.69clip/s]\r[features] train_uniform:  17%|█▋        | 1955/11808 [01:00\u003c04:10, 39.33clip/s]\n"}
,{"stream_name":"stderr","time":143.60814671,"data":"\r[features] train_uniform:  17%|█▋        | 1955/11808 [01:00\u003c04:10, 39.33clip/s]\r[features] train_uniform:  17%|█▋        | 1959/11808 [01:00\u003c04:13, 38.83clip/s]\n"}
,{"stream_name":"stderr","time":143.727836511,"data":"\r[features] train_uniform:  17%|█▋        | 1959/11808 [01:00\u003c04:13, 38.83clip/s]\r[features] train_uniform:  17%|█▋        | 1965/11808 [01:00\u003c03:53, 42.22clip/s]\n"}
,{"stream_name":"stderr","time":143.852800762,"data":"\r[features] train_uniform:  17%|█▋        | 1965/11808 [01:00\u003c03:53, 42.22clip/s]\r[features] train_uniform:  17%|█▋        | 1971/11808 [01:00\u003c03:43, 44.04clip/s]\n"}
,{"stream_name":"stderr","time":143.960611415,"data":"\r[features] train_uniform:  17%|█▋        | 1971/11808 [01:00\u003c03:43, 44.04clip/s]\r[features] train_uniform:  17%|█▋        | 1976/11808 [01:00\u003c03:39, 44.70clip/s]\n"}
,{"stream_name":"stderr","time":144.073315387,"data":"\r[features] train_uniform:  17%|█▋        | 1976/11808 [01:00\u003c03:39, 44.70clip/s]\r[features] train_uniform:  17%|█▋        | 1981/11808 [01:00\u003c03:40, 44.59clip/s]\n"}
,{"stream_name":"stderr","time":144.192561419,"data":"\r[features] train_uniform:  17%|█▋        | 1981/11808 [01:00\u003c03:40, 44.59clip/s]\r[features] train_uniform:  17%|█▋        | 1986/11808 [01:00\u003c03:44, 43.79clip/s]\n"}
,{"stream_name":"stderr","time":144.315756045,"data":"\r[features] train_uniform:  17%|█▋        | 1986/11808 [01:00\u003c03:44, 43.79clip/s]\r[features] train_uniform:  17%|█▋        | 1991/11808 [01:00\u003c03:49, 42.75clip/s]\n"}
,{"stream_name":"stderr","time":144.430707428,"data":"\r[features] train_uniform:  17%|█▋        | 1991/11808 [01:00\u003c03:49, 42.75clip/s]\r[features] train_uniform:  17%|█▋        | 1996/11808 [01:00\u003c03:48, 42.94clip/s]\n"}
,{"stream_name":"stderr","time":144.533969144,"data":"\r[features] train_uniform:  17%|█▋        | 1996/11808 [01:00\u003c03:48, 42.94clip/s]\r[features] train_uniform:  17%|█▋        | 2001/11808 [01:01\u003c03:40, 44.50clip/s]\n"}
,{"stream_name":"stderr","time":144.643773599,"data":"\r[features] train_uniform:  17%|█▋        | 2001/11808 [01:01\u003c03:40, 44.50clip/s]\r[features] train_uniform:  17%|█▋        | 2006/11808 [01:01\u003c03:38, 44.80clip/s]\n"}
,{"stream_name":"stderr","time":144.746713524,"data":"\r[features] train_uniform:  17%|█▋        | 2006/11808 [01:01\u003c03:38, 44.80clip/s]\r[features] train_uniform:  17%|█▋        | 2011/11808 [01:01\u003c03:33, 45.83clip/s]\n"}
,{"stream_name":"stderr","time":144.862306307,"data":"\r[features] train_uniform:  17%|█▋        | 2011/11808 [01:01\u003c03:33, 45.83clip/s]\r[features] train_uniform:  17%|█▋        | 2016/11808 [01:01\u003c03:37, 45.04clip/s]\n"}
,{"stream_name":"stderr","time":144.969180313,"data":"\r[features] train_uniform:  17%|█▋        | 2016/11808 [01:01\u003c03:37, 45.04clip/s]\r[features] train_uniform:  17%|█▋        | 2021/11808 [01:01\u003c03:34, 45.55clip/s]\n"}
,{"stream_name":"stderr","time":145.076918581,"data":"\r[features] train_uniform:  17%|█▋        | 2021/11808 [01:01\u003c03:34, 45.55clip/s]\r[features] train_uniform:  17%|█▋        | 2026/11808 [01:01\u003c03:33, 45.83clip/s]\n"}
,{"stream_name":"stderr","time":145.188600904,"data":"\r[features] train_uniform:  17%|█▋        | 2026/11808 [01:01\u003c03:33, 45.83clip/s]\r[features] train_uniform:  17%|█▋        | 2031/11808 [01:01\u003c03:34, 45.52clip/s]\n"}
,{"stream_name":"stderr","time":145.303944136,"data":"\r[features] train_uniform:  17%|█▋        | 2031/11808 [01:01\u003c03:34, 45.52clip/s]\r[features] train_uniform:  17%|█▋        | 2036/11808 [01:01\u003c03:37, 44.85clip/s]\n"}
,{"stream_name":"stderr","time":145.438269019,"data":"\r[features] train_uniform:  17%|█▋        | 2036/11808 [01:01\u003c03:37, 44.85clip/s]\r[features] train_uniform:  17%|█▋        | 2041/11808 [01:01\u003c03:51, 42.27clip/s]\n"}
,{"stream_name":"stderr","time":145.543882733,"data":"\r[features] train_uniform:  17%|█▋        | 2041/11808 [01:01\u003c03:51, 42.27clip/s]\r[features] train_uniform:  17%|█▋        | 2046/11808 [01:02\u003c03:43, 43.65clip/s]\n"}
,{"stream_name":"stderr","time":145.664990507,"data":"\r[features] train_uniform:  17%|█▋        | 2046/11808 [01:02\u003c03:43, 43.65clip/s]\r[features] train_uniform:  17%|█▋        | 2051/11808 [01:02\u003c03:47, 42.85clip/s]\n"}
,{"stream_name":"stderr","time":145.780467773,"data":"\r[features] train_uniform:  17%|█▋        | 2051/11808 [01:02\u003c03:47, 42.85clip/s]\r[features] train_uniform:  17%|█▋        | 2057/11808 [01:02\u003c03:33, 45.63clip/s]\n"}
,{"stream_name":"stderr","time":145.898327796,"data":"\r[features] train_uniform:  17%|█▋        | 2057/11808 [01:02\u003c03:33, 45.63clip/s]\r[features] train_uniform:  17%|█▋        | 2062/11808 [01:02\u003c03:38, 44.65clip/s]\n"}
,{"stream_name":"stderr","time":146.00368706,"data":"\r[features] train_uniform:  17%|█▋        | 2062/11808 [01:02\u003c03:38, 44.65clip/s]\r[features] train_uniform:  18%|█▊        | 2067/11808 [01:02\u003c03:34, 45.38clip/s]\n"}
,{"stream_name":"stderr","time":146.161471646,"data":"\r[features] train_uniform:  18%|█▊        | 2067/11808 [01:02\u003c03:34, 45.38clip/s]\r[features] train_uniform:  18%|█▊        | 2072/11808 [01:02\u003c04:01, 40.30clip/s]\n"}
,{"stream_name":"stderr","time":146.265329705,"data":"\r[features] train_uniform:  18%|█▊        | 2072/11808 [01:02\u003c04:01, 40.30clip/s]\r[features] train_uniform:  18%|█▊        | 2077/11808 [01:02\u003c03:49, 42.33clip/s]\n"}
,{"stream_name":"stderr","time":146.427561498,"data":"\r[features] train_uniform:  18%|█▊        | 2077/11808 [01:02\u003c03:49, 42.33clip/s]\r[features] train_uniform:  18%|█▊        | 2082/11808 [01:02\u003c04:14, 38.23clip/s]\n"}
,{"stream_name":"stderr","time":146.528315027,"data":"\r[features] train_uniform:  18%|█▊        | 2082/11808 [01:02\u003c04:14, 38.23clip/s]\r[features] train_uniform:  18%|█▊        | 2087/11808 [01:03\u003c03:57, 40.89clip/s]\n"}
,{"stream_name":"stderr","time":146.644309661,"data":"\r[features] train_uniform:  18%|█▊        | 2087/11808 [01:03\u003c03:57, 40.89clip/s]\r[features] train_uniform:  18%|█▊        | 2092/11808 [01:03\u003c03:53, 41.59clip/s]\n"}
,{"stream_name":"stderr","time":146.745678452,"data":"\r[features] train_uniform:  18%|█▊        | 2092/11808 [01:03\u003c03:53, 41.59clip/s]\r[features] train_uniform:  18%|█▊        | 2097/11808 [01:03\u003c03:42, 43.56clip/s]\n"}
,{"stream_name":"stderr","time":146.890469645,"data":"\r[features] train_uniform:  18%|█▊        | 2097/11808 [01:03\u003c03:42, 43.56clip/s]\r[features] train_uniform:  18%|█▊        | 2102/11808 [01:03\u003c04:00, 40.37clip/s]\n"}
,{"stream_name":"stderr","time":147.01080648,"data":"\r[features] train_uniform:  18%|█▊        | 2102/11808 [01:03\u003c04:00, 40.37clip/s]\r[features] train_uniform:  18%|█▊        | 2108/11808 [01:03\u003c03:44, 43.16clip/s]\n"}
,{"stream_name":"stderr","time":147.123631017,"data":"\r[features] train_uniform:  18%|█▊        | 2108/11808 [01:03\u003c03:44, 43.16clip/s]\r[features] train_uniform:  18%|█▊        | 2113/11808 [01:03\u003c03:42, 43.50clip/s]\n"}
,{"stream_name":"stderr","time":147.224856946,"data":"\r[features] train_uniform:  18%|█▊        | 2113/11808 [01:03\u003c03:42, 43.50clip/s]\r[features] train_uniform:  18%|█▊        | 2118/11808 [01:03\u003c03:35, 45.06clip/s]\n"}
,{"stream_name":"stderr","time":147.33314718,"data":"\r[features] train_uniform:  18%|█▊        | 2118/11808 [01:03\u003c03:35, 45.06clip/s]\r[features] train_uniform:  18%|█▊        | 2123/11808 [01:03\u003c03:33, 45.44clip/s]\n"}
,{"stream_name":"stderr","time":147.452323196,"data":"\r[features] train_uniform:  18%|█▊        | 2123/11808 [01:03\u003c03:33, 45.44clip/s]\r[features] train_uniform:  18%|█▊        | 2128/11808 [01:03\u003c03:38, 44.30clip/s]\n"}
,{"stream_name":"stderr","time":147.568409998,"data":"\r[features] train_uniform:  18%|█▊        | 2128/11808 [01:03\u003c03:38, 44.30clip/s]\r[features] train_uniform:  18%|█▊        | 2133/11808 [01:04\u003c03:39, 43.98clip/s]\n"}
,{"stream_name":"stderr","time":147.672732662,"data":"\r[features] train_uniform:  18%|█▊        | 2133/11808 [01:04\u003c03:39, 43.98clip/s]\r[features] train_uniform:  18%|█▊        | 2138/11808 [01:04\u003c03:34, 45.03clip/s]\n"}
,{"stream_name":"stderr","time":147.817431409,"data":"\r[features] train_uniform:  18%|█▊        | 2138/11808 [01:04\u003c03:34, 45.03clip/s]\r[features] train_uniform:  18%|█▊        | 2143/11808 [01:04\u003c03:53, 41.36clip/s]\n"}
,{"stream_name":"stderr","time":147.926532206,"data":"\r[features] train_uniform:  18%|█▊        | 2143/11808 [01:04\u003c03:53, 41.36clip/s]\r[features] train_uniform:  18%|█▊        | 2148/11808 [01:04\u003c03:47, 42.54clip/s]\n"}
,{"stream_name":"stderr","time":148.138519418,"data":"\r[features] train_uniform:  18%|█▊        | 2148/11808 [01:04\u003c03:47, 42.54clip/s]\r[features] train_uniform:  18%|█▊        | 2153/11808 [01:04\u003c04:41, 34.30clip/s]\n"}
,{"stream_name":"stderr","time":148.260806159,"data":"\r[features] train_uniform:  18%|█▊        | 2153/11808 [01:04\u003c04:41, 34.30clip/s]\r[features] train_uniform:  18%|█▊        | 2159/11808 [01:04\u003c04:12, 38.18clip/s]\n"}
,{"stream_name":"stderr","time":148.482792409,"data":"\r[features] train_uniform:  18%|█▊        | 2159/11808 [01:04\u003c04:12, 38.18clip/s]\r[features] train_uniform:  18%|█▊        | 2164/11808 [01:05\u003c05:02, 31.86clip/s]\n"}
,{"stream_name":"stderr","time":148.594547278,"data":"\r[features] train_uniform:  18%|█▊        | 2164/11808 [01:05\u003c05:02, 31.86clip/s]\r[features] train_uniform:  18%|█▊        | 2168/11808 [01:05\u003c04:54, 32.74clip/s]\n"}
,{"stream_name":"stderr","time":148.766483196,"data":"\r[features] train_uniform:  18%|█▊        | 2168/11808 [01:05\u003c04:54, 32.74clip/s]\r[features] train_uniform:  18%|█▊        | 2172/11808 [01:05\u003c05:25, 29.60clip/s]\n"}
,{"stream_name":"stderr","time":148.871549703,"data":"\r[features] train_uniform:  18%|█▊        | 2172/11808 [01:05\u003c05:25, 29.60clip/s]\r[features] train_uniform:  18%|█▊        | 2177/11808 [01:05\u003c04:46, 33.63clip/s]\n"}
,{"stream_name":"stderr","time":148.980545258,"data":"\r[features] train_uniform:  18%|█▊        | 2177/11808 [01:05\u003c04:46, 33.63clip/s]\r[features] train_uniform:  18%|█▊        | 2182/11808 [01:05\u003c04:22, 36.66clip/s]\n"}
,{"stream_name":"stderr","time":149.084356831,"data":"\r[features] train_uniform:  18%|█▊        | 2182/11808 [01:05\u003c04:22, 36.66clip/s]\r[features] train_uniform:  19%|█▊        | 2186/11808 [01:05\u003c04:18, 37.16clip/s]\n"}
,{"stream_name":"stderr","time":149.18633879,"data":"\r[features] train_uniform:  19%|█▊        | 2186/11808 [01:05\u003c04:18, 37.16clip/s]\r[features] train_uniform:  19%|█▊        | 2191/11808 [01:05\u003c03:59, 40.23clip/s]\n"}
,{"stream_name":"stderr","time":149.304016954,"data":"\r[features] train_uniform:  19%|█▊        | 2191/11808 [01:05\u003c03:59, 40.23clip/s]\r[features] train_uniform:  19%|█▊        | 2196/11808 [01:05\u003c03:54, 40.94clip/s]\n"}
,{"stream_name":"stderr","time":149.414315376,"data":"\r[features] train_uniform:  19%|█▊        | 2196/11808 [01:05\u003c03:54, 40.94clip/s]\r[features] train_uniform:  19%|█▊        | 2201/11808 [01:05\u003c03:47, 42.22clip/s]\n"}
,{"stream_name":"stderr","time":149.519404901,"data":"\r[features] train_uniform:  19%|█▊        | 2201/11808 [01:05\u003c03:47, 42.22clip/s]\r[features] train_uniform:  19%|█▊        | 2206/11808 [01:06\u003c03:39, 43.76clip/s]\n"}
,{"stream_name":"stderr","time":149.619555396,"data":"\r[features] train_uniform:  19%|█▊        | 2206/11808 [01:06\u003c03:39, 43.76clip/s]\r[features] train_uniform:  19%|█▊        | 2211/11808 [01:06\u003c03:31, 45.40clip/s]\n"}
,{"stream_name":"stderr","time":149.739152492,"data":"\r[features] train_uniform:  19%|█▊        | 2211/11808 [01:06\u003c03:31, 45.40clip/s]\r[features] train_uniform:  19%|█▉        | 2216/11808 [01:06\u003c03:36, 44.30clip/s]\n"}
,{"stream_name":"stderr","time":149.849852309,"data":"\r[features] train_uniform:  19%|█▉        | 2216/11808 [01:06\u003c03:36, 44.30clip/s]\r[features] train_uniform:  19%|█▉        | 2221/11808 [01:06\u003c03:35, 44.50clip/s]\n"}
,{"stream_name":"stderr","time":149.975880397,"data":"\r[features] train_uniform:  19%|█▉        | 2221/11808 [01:06\u003c03:35, 44.50clip/s]\r[features] train_uniform:  19%|█▉        | 2226/11808 [01:06\u003c03:42, 42.97clip/s]\n"}
,{"stream_name":"stderr","time":150.098691572,"data":"\r[features] train_uniform:  19%|█▉        | 2226/11808 [01:06\u003c03:42, 42.97clip/s]\r[features] train_uniform:  19%|█▉        | 2231/11808 [01:06\u003c03:46, 42.23clip/s]\n"}
,{"stream_name":"stderr","time":150.212757284,"data":"\r[features] train_uniform:  19%|█▉        | 2231/11808 [01:06\u003c03:46, 42.23clip/s]\r[features] train_uniform:  19%|█▉        | 2236/11808 [01:06\u003c03:44, 42.70clip/s]\n"}
,{"stream_name":"stderr","time":150.340755598,"data":"\r[features] train_uniform:  19%|█▉        | 2236/11808 [01:06\u003c03:44, 42.70clip/s]\r[features] train_uniform:  19%|█▉        | 2241/11808 [01:06\u003c03:50, 41.56clip/s]\n"}
,{"stream_name":"stderr","time":150.452538738,"data":"\r[features] train_uniform:  19%|█▉        | 2241/11808 [01:06\u003c03:50, 41.56clip/s]\r[features] train_uniform:  19%|█▉        | 2246/11808 [01:06\u003c03:45, 42.47clip/s]\n"}
,{"stream_name":"stderr","time":150.560741972,"data":"\r[features] train_uniform:  19%|█▉        | 2246/11808 [01:06\u003c03:45, 42.47clip/s]\r[features] train_uniform:  19%|█▉        | 2251/11808 [01:07\u003c03:39, 43.57clip/s]\n"}
,{"stream_name":"stderr","time":150.672911312,"data":"\r[features] train_uniform:  19%|█▉        | 2251/11808 [01:07\u003c03:39, 43.57clip/s]\r[features] train_uniform:  19%|█▉        | 2256/11808 [01:07\u003c03:37, 43.85clip/s]\n"}
,{"stream_name":"stderr","time":150.779019734,"data":"\r[features] train_uniform:  19%|█▉        | 2256/11808 [01:07\u003c03:37, 43.85clip/s]\r[features] train_uniform:  19%|█▉        | 2261/11808 [01:07\u003c03:33, 44.74clip/s]\n"}
,{"stream_name":"stderr","time":150.912537401,"data":"\r[features] train_uniform:  19%|█▉        | 2261/11808 [01:07\u003c03:33, 44.74clip/s]\r[features] train_uniform:  19%|█▉        | 2266/11808 [01:07\u003c03:43, 42.70clip/s]\n"}
,{"stream_name":"stderr","time":151.017323061,"data":"\r[features] train_uniform:  19%|█▉        | 2266/11808 [01:07\u003c03:43, 42.70clip/s]\r[features] train_uniform:  19%|█▉        | 2271/11808 [01:07\u003c03:38, 43.63clip/s]\n"}
,{"stream_name":"stderr","time":151.205039362,"data":"\r[features] train_uniform:  19%|█▉        | 2271/11808 [01:07\u003c03:38, 43.63clip/s]\r[features] train_uniform:  19%|█▉        | 2276/11808 [01:07\u003c04:19, 36.77clip/s]\n"}
,{"stream_name":"stderr","time":151.318370506,"data":"\r[features] train_uniform:  19%|█▉        | 2276/11808 [01:07\u003c04:19, 36.77clip/s]\r[features] train_uniform:  19%|█▉        | 2280/11808 [01:07\u003c04:23, 36.23clip/s]\n"}
,{"stream_name":"stderr","time":151.431762626,"data":"\r[features] train_uniform:  19%|█▉        | 2280/11808 [01:07\u003c04:23, 36.23clip/s]\r[features] train_uniform:  19%|█▉        | 2284/11808 [01:07\u003c04:24, 35.97clip/s]\n"}
,{"stream_name":"stderr","time":151.535765279,"data":"\r[features] train_uniform:  19%|█▉        | 2284/11808 [01:07\u003c04:24, 35.97clip/s]\r[features] train_uniform:  19%|█▉        | 2289/11808 [01:08\u003c04:02, 39.23clip/s]\n"}
,{"stream_name":"stderr","time":151.652692766,"data":"\r[features] train_uniform:  19%|█▉        | 2289/11808 [01:08\u003c04:02, 39.23clip/s]\r[features] train_uniform:  19%|█▉        | 2294/11808 [01:08\u003c03:56, 40.22clip/s]\n"}
,{"stream_name":"stderr","time":151.757084318,"data":"\r[features] train_uniform:  19%|█▉        | 2294/11808 [01:08\u003c03:56, 40.22clip/s]\r[features] train_uniform:  19%|█▉        | 2299/11808 [01:08\u003c03:44, 42.31clip/s]\n"}
,{"stream_name":"stderr","time":151.859768482,"data":"\r[features] train_uniform:  19%|█▉        | 2299/11808 [01:08\u003c03:44, 42.31clip/s]\r[features] train_uniform:  20%|█▉        | 2304/11808 [01:08\u003c03:35, 44.11clip/s]\n"}
,{"stream_name":"stderr","time":151.968420376,"data":"\r[features] train_uniform:  20%|█▉        | 2304/11808 [01:08\u003c03:35, 44.11clip/s]\r[features] train_uniform:  20%|█▉        | 2309/11808 [01:08\u003c03:32, 44.64clip/s]\n"}
,{"stream_name":"stderr","time":152.07489656,"data":"\r[features] train_uniform:  20%|█▉        | 2309/11808 [01:08\u003c03:32, 44.64clip/s]\r[features] train_uniform:  20%|█▉        | 2314/11808 [01:08\u003c03:29, 45.33clip/s]\n"}
,{"stream_name":"stderr","time":152.187286136,"data":"\r[features] train_uniform:  20%|█▉        | 2314/11808 [01:08\u003c03:29, 45.33clip/s]\r[features] train_uniform:  20%|█▉        | 2319/11808 [01:08\u003c03:30, 45.08clip/s]\n"}
,{"stream_name":"stderr","time":152.301995057,"data":"\r[features] train_uniform:  20%|█▉        | 2319/11808 [01:08\u003c03:30, 45.08clip/s]\r[features] train_uniform:  20%|█▉        | 2325/11808 [01:08\u003c03:20, 47.31clip/s]\n"}
,{"stream_name":"stderr","time":152.411107467,"data":"\r[features] train_uniform:  20%|█▉        | 2325/11808 [01:08\u003c03:20, 47.31clip/s]\r[features] train_uniform:  20%|█▉        | 2330/11808 [01:08\u003c03:22, 46.86clip/s]\n"}
,{"stream_name":"stderr","time":152.513626026,"data":"\r[features] train_uniform:  20%|█▉        | 2330/11808 [01:08\u003c03:22, 46.86clip/s]\r[features] train_uniform:  20%|█▉        | 2335/11808 [01:09\u003c03:19, 47.37clip/s]\n"}
,{"stream_name":"stderr","time":152.628926663,"data":"\r[features] train_uniform:  20%|█▉        | 2335/11808 [01:09\u003c03:19, 47.37clip/s]\r[features] train_uniform:  20%|█▉        | 2340/11808 [01:09\u003c03:25, 46.15clip/s]\n"}
,{"stream_name":"stderr","time":152.734226118,"data":"\r[features] train_uniform:  20%|█▉        | 2340/11808 [01:09\u003c03:25, 46.15clip/s]\r[features] train_uniform:  20%|█▉        | 2345/11808 [01:09\u003c03:23, 46.56clip/s]\n"}
,{"stream_name":"stderr","time":152.907312058,"data":"\r[features] train_uniform:  20%|█▉        | 2345/11808 [01:09\u003c03:23, 46.56clip/s]\r[features] train_uniform:  20%|█▉        | 2350/11808 [01:09\u003c03:59, 39.46clip/s]\n"}
,{"stream_name":"stderr","time":153.050652489,"data":"\r[features] train_uniform:  20%|█▉        | 2350/11808 [01:09\u003c03:59, 39.46clip/s]\r[features] train_uniform:  20%|█▉        | 2355/11808 [01:09\u003c04:09, 37.90clip/s]\n"}
,{"stream_name":"stderr","time":153.155005579,"data":"\r[features] train_uniform:  20%|█▉        | 2355/11808 [01:09\u003c04:09, 37.90clip/s]\r[features] train_uniform:  20%|█▉        | 2360/11808 [01:09\u003c03:53, 40.43clip/s]\n"}
,{"stream_name":"stderr","time":153.266704003,"data":"\r[features] train_uniform:  20%|█▉        | 2360/11808 [01:09\u003c03:53, 40.43clip/s]\r[features] train_uniform:  20%|██        | 2365/11808 [01:09\u003c03:46, 41.64clip/s]\n"}
,{"stream_name":"stderr","time":153.413002068,"data":"\r[features] train_uniform:  20%|██        | 2365/11808 [01:09\u003c03:46, 41.64clip/s]\r[features] train_uniform:  20%|██        | 2370/11808 [01:09\u003c04:01, 39.07clip/s]\n"}
,{"stream_name":"stderr","time":153.513016614,"data":"\r[features] train_uniform:  20%|██        | 2370/11808 [01:09\u003c04:01, 39.07clip/s]\r[features] train_uniform:  20%|██        | 2375/11808 [01:10\u003c03:45, 41.80clip/s]\n"}
,{"stream_name":"stderr","time":153.615467624,"data":"\r[features] train_uniform:  20%|██        | 2375/11808 [01:10\u003c03:45, 41.80clip/s]\r[features] train_uniform:  20%|██        | 2380/11808 [01:10\u003c03:35, 43.75clip/s]\n"}
,{"stream_name":"stderr","time":153.718310412,"data":"\r[features] train_uniform:  20%|██        | 2380/11808 [01:10\u003c03:35, 43.75clip/s]\r[features] train_uniform:  20%|██        | 2385/11808 [01:10\u003c03:29, 45.06clip/s]\n"}
,{"stream_name":"stderr","time":153.835548497,"data":"\r[features] train_uniform:  20%|██        | 2385/11808 [01:10\u003c03:29, 45.06clip/s]\r[features] train_uniform:  20%|██        | 2391/11808 [01:10\u003c03:20, 46.94clip/s]\n"}
,{"stream_name":"stderr","time":153.955755267,"data":"\r[features] train_uniform:  20%|██        | 2391/11808 [01:10\u003c03:20, 46.94clip/s]\r[features] train_uniform:  20%|██        | 2396/11808 [01:10\u003c03:27, 45.32clip/s]\n"}
,{"stream_name":"stderr","time":154.074735603,"data":"\r[features] train_uniform:  20%|██        | 2396/11808 [01:10\u003c03:27, 45.32clip/s]\r[features] train_uniform:  20%|██        | 2401/11808 [01:10\u003c03:32, 44.25clip/s]\n"}
,{"stream_name":"stderr","time":154.180347467,"data":"\r[features] train_uniform:  20%|██        | 2401/11808 [01:10\u003c03:32, 44.25clip/s]\r[features] train_uniform:  20%|██        | 2406/11808 [01:10\u003c03:28, 45.11clip/s]\n"}
,{"stream_name":"stderr","time":154.282117402,"data":"\r[features] train_uniform:  20%|██        | 2406/11808 [01:10\u003c03:28, 45.11clip/s]\r[features] train_uniform:  20%|██        | 2411/11808 [01:10\u003c03:23, 46.26clip/s]\n"}
,{"stream_name":"stderr","time":154.388797183,"data":"\r[features] train_uniform:  20%|██        | 2411/11808 [01:10\u003c03:23, 46.26clip/s]\r[features] train_uniform:  20%|██        | 2416/11808 [01:10\u003c03:22, 46.41clip/s]\n"}
,{"stream_name":"stderr","time":154.513736858,"data":"\r[features] train_uniform:  20%|██        | 2416/11808 [01:10\u003c03:22, 46.41clip/s]\r[features] train_uniform:  21%|██        | 2422/11808 [01:11\u003c03:20, 46.92clip/s]\n"}
,{"stream_name":"stderr","time":154.628322571,"data":"\r[features] train_uniform:  21%|██        | 2422/11808 [01:11\u003c03:20, 46.92clip/s]\r[features] train_uniform:  21%|██        | 2427/11808 [01:11\u003c03:22, 46.30clip/s]\n"}
,{"stream_name":"stderr","time":154.741541709,"data":"\r[features] train_uniform:  21%|██        | 2427/11808 [01:11\u003c03:22, 46.30clip/s]\r[features] train_uniform:  21%|██        | 2433/11808 [01:11\u003c03:15, 47.95clip/s]\n"}
,{"stream_name":"stderr","time":154.86347072,"data":"\r[features] train_uniform:  21%|██        | 2433/11808 [01:11\u003c03:15, 47.95clip/s]\r[features] train_uniform:  21%|██        | 2439/11808 [01:11\u003c03:12, 48.67clip/s]\n"}
,{"stream_name":"stderr","time":155.035627271,"data":"\r[features] train_uniform:  21%|██        | 2439/11808 [01:11\u003c03:12, 48.67clip/s]\r[features] train_uniform:  21%|██        | 2444/11808 [01:11\u003c03:49, 40.79clip/s]\n"}
,{"stream_name":"stderr","time":155.137199599,"data":"\r[features] train_uniform:  21%|██        | 2444/11808 [01:11\u003c03:49, 40.79clip/s]\r[features] train_uniform:  21%|██        | 2449/11808 [01:11\u003c03:38, 42.86clip/s]\n"}
,{"stream_name":"stderr","time":155.253375821,"data":"\r[features] train_uniform:  21%|██        | 2449/11808 [01:11\u003c03:38, 42.86clip/s]\r[features] train_uniform:  21%|██        | 2454/11808 [01:11\u003c03:37, 42.92clip/s]\n"}
,{"stream_name":"stderr","time":155.365333794,"data":"\r[features] train_uniform:  21%|██        | 2454/11808 [01:11\u003c03:37, 42.92clip/s]\r[features] train_uniform:  21%|██        | 2459/11808 [01:11\u003c03:34, 43.64clip/s]\n"}
,{"stream_name":"stderr","time":155.480151035,"data":"\r[features] train_uniform:  21%|██        | 2459/11808 [01:11\u003c03:34, 43.64clip/s]\r[features] train_uniform:  21%|██        | 2465/11808 [01:12\u003c03:23, 45.92clip/s]\n"}
,{"stream_name":"stderr","time":155.589310123,"data":"\r[features] train_uniform:  21%|██        | 2465/11808 [01:12\u003c03:23, 45.92clip/s]\r[features] train_uniform:  21%|██        | 2470/11808 [01:12\u003c03:23, 45.91clip/s]\n"}
,{"stream_name":"stderr","time":155.689831045,"data":"\r[features] train_uniform:  21%|██        | 2470/11808 [01:12\u003c03:23, 45.91clip/s]\r[features] train_uniform:  21%|██        | 2475/11808 [01:12\u003c03:18, 46.92clip/s]\n"}
,{"stream_name":"stderr","time":155.847642322,"data":"\r[features] train_uniform:  21%|██        | 2475/11808 [01:12\u003c03:18, 46.92clip/s]\r[features] train_uniform:  21%|██        | 2480/11808 [01:12\u003c03:46, 41.19clip/s]\n"}
,{"stream_name":"stderr","time":155.95216633,"data":"\r[features] train_uniform:  21%|██        | 2480/11808 [01:12\u003c03:46, 41.19clip/s]\r[features] train_uniform:  21%|██        | 2485/11808 [01:12\u003c03:37, 42.91clip/s]\n"}
,{"stream_name":"stderr","time":156.056217261,"data":"\r[features] train_uniform:  21%|██        | 2485/11808 [01:12\u003c03:37, 42.91clip/s]\r[features] train_uniform:  21%|██        | 2490/11808 [01:12\u003c03:30, 44.30clip/s]\n"}
,{"stream_name":"stderr","time":156.17553018,"data":"\r[features] train_uniform:  21%|██        | 2490/11808 [01:12\u003c03:30, 44.30clip/s]\r[features] train_uniform:  21%|██        | 2495/11808 [01:12\u003c03:33, 43.58clip/s]\n"}
,{"stream_name":"stderr","time":156.292526564,"data":"\r[features] train_uniform:  21%|██        | 2495/11808 [01:12\u003c03:33, 43.58clip/s]\r[features] train_uniform:  21%|██        | 2500/11808 [01:12\u003c03:34, 43.40clip/s]\n"}
,{"stream_name":"stderr","time":156.462915849,"data":"\r[features] train_uniform:  21%|██        | 2500/11808 [01:12\u003c03:34, 43.40clip/s]\r[features] train_uniform:  21%|██        | 2505/11808 [01:13\u003c04:05, 37.93clip/s]\n"}
,{"stream_name":"stderr","time":156.578382034,"data":"\r[features] train_uniform:  21%|██        | 2505/11808 [01:13\u003c04:05, 37.93clip/s]\r[features] train_uniform:  21%|██▏       | 2510/11808 [01:13\u003c03:56, 39.36clip/s]\n"}
,{"stream_name":"stderr","time":156.68741794,"data":"\r[features] train_uniform:  21%|██▏       | 2510/11808 [01:13\u003c03:56, 39.36clip/s]\r[features] train_uniform:  21%|██▏       | 2515/11808 [01:13\u003c03:46, 41.11clip/s]\n"}
,{"stream_name":"stderr","time":156.808423293,"data":"\r[features] train_uniform:  21%|██▏       | 2515/11808 [01:13\u003c03:46, 41.11clip/s]\r[features] train_uniform:  21%|██▏       | 2520/11808 [01:13\u003c03:45, 41.23clip/s]\n"}
,{"stream_name":"stderr","time":156.926740877,"data":"\r[features] train_uniform:  21%|██▏       | 2520/11808 [01:13\u003c03:45, 41.23clip/s]\r[features] train_uniform:  21%|██▏       | 2526/11808 [01:13\u003c03:30, 44.01clip/s]\n"}
,{"stream_name":"stderr","time":157.035111906,"data":"\r[features] train_uniform:  21%|██▏       | 2526/11808 [01:13\u003c03:30, 44.01clip/s]\r[features] train_uniform:  21%|██▏       | 2531/11808 [01:13\u003c03:27, 44.60clip/s]\n"}
,{"stream_name":"stderr","time":157.146013775,"data":"\r[features] train_uniform:  21%|██▏       | 2531/11808 [01:13\u003c03:27, 44.60clip/s]\r[features] train_uniform:  21%|██▏       | 2537/11808 [01:13\u003c03:15, 47.33clip/s]\n"}
,{"stream_name":"stderr","time":157.258902081,"data":"\r[features] train_uniform:  21%|██▏       | 2537/11808 [01:13\u003c03:15, 47.33clip/s]\r[features] train_uniform:  22%|██▏       | 2542/11808 [01:13\u003c03:19, 46.42clip/s]\n"}
,{"stream_name":"stderr","time":157.383249496,"data":"\r[features] train_uniform:  22%|██▏       | 2542/11808 [01:13\u003c03:19, 46.42clip/s]\r[features] train_uniform:  22%|██▏       | 2548/11808 [01:13\u003c03:16, 47.02clip/s]\n"}
,{"stream_name":"stderr","time":157.491864648,"data":"\r[features] train_uniform:  22%|██▏       | 2548/11808 [01:13\u003c03:16, 47.02clip/s]\r[features] train_uniform:  22%|██▏       | 2553/11808 [01:14\u003c03:18, 46.72clip/s]\n"}
,{"stream_name":"stderr","time":157.598730661,"data":"\r[features] train_uniform:  22%|██▏       | 2553/11808 [01:14\u003c03:18, 46.72clip/s]\r[features] train_uniform:  22%|██▏       | 2558/11808 [01:14\u003c03:17, 46.77clip/s]\n"}
,{"stream_name":"stderr","time":157.702418279,"data":"\r[features] train_uniform:  22%|██▏       | 2558/11808 [01:14\u003c03:17, 46.77clip/s]\r[features] train_uniform:  22%|██▏       | 2563/11808 [01:14\u003c03:15, 47.18clip/s]\n"}
,{"stream_name":"stderr","time":157.822145328,"data":"\r[features] train_uniform:  22%|██▏       | 2563/11808 [01:14\u003c03:15, 47.18clip/s]\r[features] train_uniform:  22%|██▏       | 2569/11808 [01:14\u003c03:11, 48.13clip/s]\n"}
,{"stream_name":"stderr","time":157.944433083,"data":"\r[features] train_uniform:  22%|██▏       | 2569/11808 [01:14\u003c03:11, 48.13clip/s]\r[features] train_uniform:  22%|██▏       | 2575/11808 [01:14\u003c03:10, 48.39clip/s]\n"}
,{"stream_name":"stderr","time":158.044754949,"data":"\r[features] train_uniform:  22%|██▏       | 2575/11808 [01:14\u003c03:10, 48.39clip/s]\r[features] train_uniform:  22%|██▏       | 2580/11808 [01:14\u003c03:09, 48.76clip/s]\n"}
,{"stream_name":"stderr","time":158.148743574,"data":"\r[features] train_uniform:  22%|██▏       | 2580/11808 [01:14\u003c03:09, 48.76clip/s]\r[features] train_uniform:  22%|██▏       | 2585/11808 [01:14\u003c03:09, 48.58clip/s]\n"}
,{"stream_name":"stderr","time":158.282049866,"data":"\r[features] train_uniform:  22%|██▏       | 2585/11808 [01:14\u003c03:09, 48.58clip/s]\r[features] train_uniform:  22%|██▏       | 2590/11808 [01:14\u003c03:25, 44.81clip/s]\n"}
,{"stream_name":"stderr","time":158.405950331,"data":"\r[features] train_uniform:  22%|██▏       | 2590/11808 [01:14\u003c03:25, 44.81clip/s]\r[features] train_uniform:  22%|██▏       | 2596/11808 [01:14\u003c03:20, 45.87clip/s]\n"}
,{"stream_name":"stderr","time":158.516080725,"data":"\r[features] train_uniform:  22%|██▏       | 2596/11808 [01:14\u003c03:20, 45.87clip/s]\r[features] train_uniform:  22%|██▏       | 2601/11808 [01:15\u003c03:21, 45.75clip/s]\n"}
,{"stream_name":"stderr","time":158.680061743,"data":"\r[features] train_uniform:  22%|██▏       | 2601/11808 [01:15\u003c03:21, 45.75clip/s]\r[features] train_uniform:  22%|██▏       | 2606/11808 [01:15\u003c03:49, 40.03clip/s]\n"}
,{"stream_name":"stderr","time":158.780115883,"data":"\r[features] train_uniform:  22%|██▏       | 2606/11808 [01:15\u003c03:49, 40.03clip/s]\r[features] train_uniform:  22%|██▏       | 2611/11808 [01:15\u003c03:36, 42.46clip/s]\n"}
,{"stream_name":"stderr","time":158.890754608,"data":"\r[features] train_uniform:  22%|██▏       | 2611/11808 [01:15\u003c03:36, 42.46clip/s]\r[features] train_uniform:  22%|██▏       | 2616/11808 [01:15\u003c03:32, 43.23clip/s]\n"}
,{"stream_name":"stderr","time":159.026155652,"data":"\r[features] train_uniform:  22%|██▏       | 2616/11808 [01:15\u003c03:32, 43.23clip/s]\r[features] train_uniform:  22%|██▏       | 2621/11808 [01:15\u003c03:42, 41.21clip/s]\n"}
,{"stream_name":"stderr","time":159.141332708,"data":"\r[features] train_uniform:  22%|██▏       | 2621/11808 [01:15\u003c03:42, 41.21clip/s]\r[features] train_uniform:  22%|██▏       | 2626/11808 [01:15\u003c03:39, 41.83clip/s]\n"}
,{"stream_name":"stderr","time":159.261974615,"data":"\r[features] train_uniform:  22%|██▏       | 2626/11808 [01:15\u003c03:39, 41.83clip/s]\r[features] train_uniform:  22%|██▏       | 2631/11808 [01:15\u003c03:40, 41.71clip/s]\n"}
,{"stream_name":"stderr","time":159.38573717,"data":"\r[features] train_uniform:  22%|██▏       | 2631/11808 [01:15\u003c03:40, 41.71clip/s]\r[features] train_uniform:  22%|██▏       | 2637/11808 [01:15\u003c03:29, 43.76clip/s]\n"}
,{"stream_name":"stderr","time":159.494185825,"data":"\r[features] train_uniform:  22%|██▏       | 2637/11808 [01:15\u003c03:29, 43.76clip/s]\r[features] train_uniform:  22%|██▏       | 2642/11808 [01:16\u003c03:26, 44.38clip/s]\n"}
,{"stream_name":"stderr","time":159.60900674,"data":"\r[features] train_uniform:  22%|██▏       | 2642/11808 [01:16\u003c03:26, 44.38clip/s]\r[features] train_uniform:  22%|██▏       | 2647/11808 [01:16\u003c03:27, 44.13clip/s]\n"}
,{"stream_name":"stderr","time":159.719848342,"data":"\r[features] train_uniform:  22%|██▏       | 2647/11808 [01:16\u003c03:27, 44.13clip/s]\r[features] train_uniform:  22%|██▏       | 2652/11808 [01:16\u003c03:26, 44.40clip/s]\n"}
,{"stream_name":"stderr","time":159.825547694,"data":"\r[features] train_uniform:  22%|██▏       | 2652/11808 [01:16\u003c03:26, 44.40clip/s]\r[features] train_uniform:  23%|██▎       | 2657/11808 [01:16\u003c03:22, 45.24clip/s]\n"}
,{"stream_name":"stderr","time":159.935384886,"data":"\r[features] train_uniform:  23%|██▎       | 2657/11808 [01:16\u003c03:22, 45.24clip/s]\r[features] train_uniform:  23%|██▎       | 2662/11808 [01:16\u003c03:21, 45.36clip/s]\n"}
,{"stream_name":"stderr","time":160.040957088,"data":"\r[features] train_uniform:  23%|██▎       | 2662/11808 [01:16\u003c03:21, 45.36clip/s]\r[features] train_uniform:  23%|██▎       | 2667/11808 [01:16\u003c03:19, 45.89clip/s]\n"}
,{"stream_name":"stderr","time":160.181547751,"data":"\r[features] train_uniform:  23%|██▎       | 2667/11808 [01:16\u003c03:19, 45.89clip/s]\r[features] train_uniform:  23%|██▎       | 2672/11808 [01:16\u003c03:36, 42.23clip/s]\n"}
,{"stream_name":"stderr","time":160.303386613,"data":"\r[features] train_uniform:  23%|██▎       | 2672/11808 [01:16\u003c03:36, 42.23clip/s]\r[features] train_uniform:  23%|██▎       | 2677/11808 [01:16\u003c03:37, 41.89clip/s]\n"}
,{"stream_name":"stderr","time":160.446888216,"data":"\r[features] train_uniform:  23%|██▎       | 2677/11808 [01:16\u003c03:37, 41.89clip/s]\r[features] train_uniform:  23%|██▎       | 2682/11808 [01:16\u003c03:50, 39.51clip/s]\n"}
,{"stream_name":"stderr","time":160.564887498,"data":"\r[features] train_uniform:  23%|██▎       | 2682/11808 [01:16\u003c03:50, 39.51clip/s]\r[features] train_uniform:  23%|██▎       | 2687/11808 [01:17\u003c03:46, 40.31clip/s]\n"}
,{"stream_name":"stderr","time":160.666870525,"data":"\r[features] train_uniform:  23%|██▎       | 2687/11808 [01:17\u003c03:46, 40.31clip/s]\r[features] train_uniform:  23%|██▎       | 2692/11808 [01:17\u003c03:34, 42.57clip/s]\n"}
,{"stream_name":"stderr","time":160.780119763,"data":"\r[features] train_uniform:  23%|██▎       | 2692/11808 [01:17\u003c03:34, 42.57clip/s]\r[features] train_uniform:  23%|██▎       | 2697/11808 [01:17\u003c03:31, 43.05clip/s]\n"}
,{"stream_name":"stderr","time":160.895337961,"data":"\r[features] train_uniform:  23%|██▎       | 2697/11808 [01:17\u003c03:31, 43.05clip/s]\r[features] train_uniform:  23%|██▎       | 2702/11808 [01:17\u003c03:31, 43.12clip/s]\n"}
,{"stream_name":"stderr","time":161.032309179,"data":"\r[features] train_uniform:  23%|██▎       | 2702/11808 [01:17\u003c03:31, 43.12clip/s]\r[features] train_uniform:  23%|██▎       | 2707/11808 [01:17\u003c03:42, 40.97clip/s]\n"}
,{"stream_name":"stderr","time":161.140220511,"data":"\r[features] train_uniform:  23%|██▎       | 2707/11808 [01:17\u003c03:42, 40.97clip/s]\r[features] train_uniform:  23%|██▎       | 2712/11808 [01:17\u003c03:34, 42.40clip/s]\n"}
,{"stream_name":"stderr","time":161.315505937,"data":"\r[features] train_uniform:  23%|██▎       | 2712/11808 [01:17\u003c03:34, 42.40clip/s]\r[features] train_uniform:  23%|██▎       | 2717/11808 [01:17\u003c04:05, 37.04clip/s]\n"}
,{"stream_name":"stderr","time":161.460707467,"data":"\r[features] train_uniform:  23%|██▎       | 2717/11808 [01:17\u003c04:05, 37.04clip/s]\r[features] train_uniform:  23%|██▎       | 2721/11808 [01:18\u003c04:27, 33.98clip/s]\n"}
,{"stream_name":"stderr","time":161.58015743,"data":"\r[features] train_uniform:  23%|██▎       | 2721/11808 [01:18\u003c04:27, 33.98clip/s]\r[features] train_uniform:  23%|██▎       | 2726/11808 [01:18\u003c04:11, 36.17clip/s]\n"}
,{"stream_name":"stderr","time":161.685774685,"data":"\r[features] train_uniform:  23%|██▎       | 2726/11808 [01:18\u003c04:11, 36.17clip/s]\r[features] train_uniform:  23%|██▎       | 2731/11808 [01:18\u003c03:52, 39.01clip/s]\n"}
,{"stream_name":"stderr","time":161.80555761,"data":"\r[features] train_uniform:  23%|██▎       | 2731/11808 [01:18\u003c03:52, 39.01clip/s]\r[features] train_uniform:  23%|██▎       | 2736/11808 [01:18\u003c03:47, 39.81clip/s]\n"}
,{"stream_name":"stderr","time":161.913084154,"data":"\r[features] train_uniform:  23%|██▎       | 2736/11808 [01:18\u003c03:47, 39.81clip/s]\r[features] train_uniform:  23%|██▎       | 2741/11808 [01:18\u003c03:38, 41.56clip/s]\n"}
,{"stream_name":"stderr","time":162.020559549,"data":"\r[features] train_uniform:  23%|██▎       | 2741/11808 [01:18\u003c03:38, 41.56clip/s]\r[features] train_uniform:  23%|██▎       | 2746/11808 [01:18\u003c03:30, 42.96clip/s]\n"}
,{"stream_name":"stderr","time":162.128261323,"data":"\r[features] train_uniform:  23%|██▎       | 2746/11808 [01:18\u003c03:30, 42.96clip/s]\r[features] train_uniform:  23%|██▎       | 2751/11808 [01:18\u003c03:25, 44.02clip/s]\n"}
,{"stream_name":"stderr","time":162.240197994,"data":"\r[features] train_uniform:  23%|██▎       | 2751/11808 [01:18\u003c03:25, 44.02clip/s]\r[features] train_uniform:  23%|██▎       | 2756/11808 [01:18\u003c03:24, 44.19clip/s]\n"}
,{"stream_name":"stderr","time":162.345850579,"data":"\r[features] train_uniform:  23%|██▎       | 2756/11808 [01:18\u003c03:24, 44.19clip/s]\r[features] train_uniform:  23%|██▎       | 2761/11808 [01:18\u003c03:20, 45.06clip/s]\n"}
,{"stream_name":"stderr","time":162.456821146,"data":"\r[features] train_uniform:  23%|██▎       | 2761/11808 [01:18\u003c03:20, 45.06clip/s]\r[features] train_uniform:  23%|██▎       | 2766/11808 [01:18\u003c03:20, 45.12clip/s]\n"}
,{"stream_name":"stderr","time":162.580591831,"data":"\r[features] train_uniform:  23%|██▎       | 2766/11808 [01:18\u003c03:20, 45.12clip/s]\r[features] train_uniform:  23%|██▎       | 2771/11808 [01:19\u003c03:27, 43.57clip/s]\n"}
,{"stream_name":"stderr","time":162.693321146,"data":"\r[features] train_uniform:  23%|██▎       | 2771/11808 [01:19\u003c03:27, 43.57clip/s]\r[features] train_uniform:  24%|██▎       | 2777/11808 [01:19\u003c03:14, 46.43clip/s]\n"}
,{"stream_name":"stderr","time":162.795047254,"data":"\r[features] train_uniform:  24%|██▎       | 2777/11808 [01:19\u003c03:14, 46.43clip/s]\r[features] train_uniform:  24%|██▎       | 2782/11808 [01:19\u003c03:11, 47.20clip/s]\n"}
,{"stream_name":"stderr","time":162.90840596,"data":"\r[features] train_uniform:  24%|██▎       | 2782/11808 [01:19\u003c03:11, 47.20clip/s]\r[features] train_uniform:  24%|██▎       | 2788/11808 [01:19\u003c03:04, 48.94clip/s]\n"}
,{"stream_name":"stderr","time":163.0206955,"data":"\r[features] train_uniform:  24%|██▎       | 2788/11808 [01:19\u003c03:04, 48.94clip/s]\r[features] train_uniform:  24%|██▎       | 2793/11808 [01:19\u003c03:09, 47.60clip/s]\n"}
,{"stream_name":"stderr","time":163.122956902,"data":"\r[features] train_uniform:  24%|██▎       | 2793/11808 [01:19\u003c03:09, 47.60clip/s]\r[features] train_uniform:  24%|██▎       | 2798/11808 [01:19\u003c03:07, 47.96clip/s]\n"}
,{"stream_name":"stderr","time":163.234374419,"data":"\r[features] train_uniform:  24%|██▎       | 2798/11808 [01:19\u003c03:07, 47.96clip/s]\r[features] train_uniform:  24%|██▎       | 2803/11808 [01:19\u003c03:11, 47.04clip/s]\n"}
,{"stream_name":"stderr","time":163.334793816,"data":"\r[features] train_uniform:  24%|██▎       | 2803/11808 [01:19\u003c03:11, 47.04clip/s]\r[features] train_uniform:  24%|██▍       | 2808/11808 [01:19\u003c03:08, 47.80clip/s]\n"}
,{"stream_name":"stderr","time":163.456721005,"data":"\r[features] train_uniform:  24%|██▍       | 2808/11808 [01:19\u003c03:08, 47.80clip/s]\r[features] train_uniform:  24%|██▍       | 2814/11808 [01:19\u003c03:06, 48.27clip/s]\n"}
,{"stream_name":"stderr","time":163.572688994,"data":"\r[features] train_uniform:  24%|██▍       | 2814/11808 [01:19\u003c03:06, 48.27clip/s]\r[features] train_uniform:  24%|██▍       | 2820/11808 [01:20\u003c03:02, 49.31clip/s]\n"}
,{"stream_name":"stderr","time":163.67646346,"data":"\r[features] train_uniform:  24%|██▍       | 2820/11808 [01:20\u003c03:02, 49.31clip/s]\r[features] train_uniform:  24%|██▍       | 2825/11808 [01:20\u003c03:03, 48.93clip/s]\n"}
,{"stream_name":"stderr","time":163.789680171,"data":"\r[features] train_uniform:  24%|██▍       | 2825/11808 [01:20\u003c03:03, 48.93clip/s]\r[features] train_uniform:  24%|██▍       | 2830/11808 [01:20\u003c03:08, 47.58clip/s]\n"}
,{"stream_name":"stderr","time":163.890205783,"data":"\r[features] train_uniform:  24%|██▍       | 2830/11808 [01:20\u003c03:08, 47.58clip/s]\r[features] train_uniform:  24%|██▍       | 2835/11808 [01:20\u003c03:06, 48.18clip/s]\n"}
,{"stream_name":"stderr","time":164.003773733,"data":"\r[features] train_uniform:  24%|██▍       | 2835/11808 [01:20\u003c03:06, 48.18clip/s]\r[features] train_uniform:  24%|██▍       | 2841/11808 [01:20\u003c03:00, 49.60clip/s]\n"}
,{"stream_name":"stderr","time":164.107794397,"data":"\r[features] train_uniform:  24%|██▍       | 2841/11808 [01:20\u003c03:00, 49.60clip/s]\r[features] train_uniform:  24%|██▍       | 2846/11808 [01:20\u003c03:01, 49.27clip/s]\n"}
,{"stream_name":"stderr","time":164.226479874,"data":"\r[features] train_uniform:  24%|██▍       | 2846/11808 [01:20\u003c03:01, 49.27clip/s]\r[features] train_uniform:  24%|██▍       | 2851/11808 [01:20\u003c03:10, 46.95clip/s]\n"}
,{"stream_name":"stderr","time":164.369118302,"data":"\r[features] train_uniform:  24%|██▍       | 2851/11808 [01:20\u003c03:10, 46.95clip/s]\r[features] train_uniform:  24%|██▍       | 2856/11808 [01:20\u003c03:29, 42.66clip/s]\n"}
,{"stream_name":"stderr","time":164.534435099,"data":"\r[features] train_uniform:  24%|██▍       | 2856/11808 [01:20\u003c03:29, 42.66clip/s]\r[features] train_uniform:  24%|██▍       | 2861/11808 [01:21\u003c03:55, 38.04clip/s]\n"}
,{"stream_name":"stderr","time":164.647862034,"data":"\r[features] train_uniform:  24%|██▍       | 2861/11808 [01:21\u003c03:55, 38.04clip/s]\r[features] train_uniform:  24%|██▍       | 2865/11808 [01:21\u003c03:59, 37.31clip/s]\n"}
,{"stream_name":"stderr","time":164.757519592,"data":"\r[features] train_uniform:  24%|██▍       | 2865/11808 [01:21\u003c03:59, 37.31clip/s]\r[features] train_uniform:  24%|██▍       | 2870/11808 [01:21\u003c03:45, 39.59clip/s]\n"}
,{"stream_name":"stderr","time":164.858696674,"data":"\r[features] train_uniform:  24%|██▍       | 2870/11808 [01:21\u003c03:45, 39.59clip/s]\r[features] train_uniform:  24%|██▍       | 2875/11808 [01:21\u003c03:32, 42.08clip/s]\n"}
,{"stream_name":"stderr","time":164.966016011,"data":"\r[features] train_uniform:  24%|██▍       | 2875/11808 [01:21\u003c03:32, 42.08clip/s]\r[features] train_uniform:  24%|██▍       | 2880/11808 [01:21\u003c03:25, 43.41clip/s]\n"}
,{"stream_name":"stderr","time":165.068798302,"data":"\r[features] train_uniform:  24%|██▍       | 2880/11808 [01:21\u003c03:25, 43.41clip/s]\r[features] train_uniform:  24%|██▍       | 2885/11808 [01:21\u003c03:19, 44.83clip/s]\n"}
,{"stream_name":"stderr","time":165.174345775,"data":"\r[features] train_uniform:  24%|██▍       | 2885/11808 [01:21\u003c03:19, 44.83clip/s]\r[features] train_uniform:  24%|██▍       | 2890/11808 [01:21\u003c03:15, 45.56clip/s]\n"}
,{"stream_name":"stderr","time":165.284326161,"data":"\r[features] train_uniform:  24%|██▍       | 2890/11808 [01:21\u003c03:15, 45.56clip/s]\r[features] train_uniform:  25%|██▍       | 2895/11808 [01:21\u003c03:15, 45.60clip/s]\n"}
,{"stream_name":"stderr","time":165.432146993,"data":"\r[features] train_uniform:  25%|██▍       | 2895/11808 [01:21\u003c03:15, 45.60clip/s]\r[features] train_uniform:  25%|██▍       | 2900/11808 [01:21\u003c03:35, 41.28clip/s]\n"}
,{"stream_name":"stderr","time":165.555012726,"data":"\r[features] train_uniform:  25%|██▍       | 2900/11808 [01:21\u003c03:35, 41.28clip/s]\r[features] train_uniform:  25%|██▍       | 2905/11808 [01:22\u003c03:36, 41.10clip/s]\n"}
,{"stream_name":"stderr","time":165.664482707,"data":"\r[features] train_uniform:  25%|██▍       | 2905/11808 [01:22\u003c03:36, 41.10clip/s]\r[features] train_uniform:  25%|██▍       | 2910/11808 [01:22\u003c03:29, 42.39clip/s]\n"}
,{"stream_name":"stderr","time":165.784304531,"data":"\r[features] train_uniform:  25%|██▍       | 2910/11808 [01:22\u003c03:29, 42.39clip/s]\r[features] train_uniform:  25%|██▍       | 2916/11808 [01:22\u003c03:18, 44.70clip/s]\n"}
,{"stream_name":"stderr","time":165.931240682,"data":"\r[features] train_uniform:  25%|██▍       | 2916/11808 [01:22\u003c03:18, 44.70clip/s]\r[features] train_uniform:  25%|██▍       | 2921/11808 [01:22\u003c03:36, 40.99clip/s]\n"}
,{"stream_name":"stderr","time":166.08546029,"data":"\r[features] train_uniform:  25%|██▍       | 2921/11808 [01:22\u003c03:36, 40.99clip/s]\r[features] train_uniform:  25%|██▍       | 2926/11808 [01:22\u003c03:53, 38.04clip/s]\n"}
,{"stream_name":"stderr","time":166.206743392,"data":"\r[features] train_uniform:  25%|██▍       | 2926/11808 [01:22\u003c03:53, 38.04clip/s]\r[features] train_uniform:  25%|██▍       | 2931/11808 [01:22\u003c03:47, 38.99clip/s]\n"}
,{"stream_name":"stderr","time":166.323913981,"data":"\r[features] train_uniform:  25%|██▍       | 2931/11808 [01:22\u003c03:47, 38.99clip/s]\r[features] train_uniform:  25%|██▍       | 2937/11808 [01:22\u003c03:29, 42.34clip/s]\n"}
,{"stream_name":"stderr","time":166.426499041,"data":"\r[features] train_uniform:  25%|██▍       | 2937/11808 [01:22\u003c03:29, 42.34clip/s]\r[features] train_uniform:  25%|██▍       | 2942/11808 [01:22\u003c03:21, 43.99clip/s]\n"}
,{"stream_name":"stderr","time":166.572931608,"data":"\r[features] train_uniform:  25%|██▍       | 2942/11808 [01:22\u003c03:21, 43.99clip/s]\r[features] train_uniform:  25%|██▍       | 2947/11808 [01:23\u003c03:38, 40.62clip/s]\n"}
,{"stream_name":"stderr","time":166.673632298,"data":"\r[features] train_uniform:  25%|██▍       | 2947/11808 [01:23\u003c03:38, 40.62clip/s]\r[features] train_uniform:  25%|██▌       | 2952/11808 [01:23\u003c03:26, 42.81clip/s]\n"}
,{"stream_name":"stderr","time":166.782556664,"data":"\r[features] train_uniform:  25%|██▌       | 2952/11808 [01:23\u003c03:26, 42.81clip/s]\r[features] train_uniform:  25%|██▌       | 2957/11808 [01:23\u003c03:22, 43.74clip/s]\n"}
,{"stream_name":"stderr","time":166.919973305,"data":"\r[features] train_uniform:  25%|██▌       | 2957/11808 [01:23\u003c03:22, 43.74clip/s]\r[features] train_uniform:  25%|██▌       | 2962/11808 [01:23\u003c03:34, 41.29clip/s]\n"}
,{"stream_name":"stderr","time":167.032925354,"data":"\r[features] train_uniform:  25%|██▌       | 2962/11808 [01:23\u003c03:34, 41.29clip/s]\r[features] train_uniform:  25%|██▌       | 2968/11808 [01:23\u003c03:18, 44.64clip/s]\n"}
,{"stream_name":"stderr","time":167.132775262,"data":"\r[features] train_uniform:  25%|██▌       | 2968/11808 [01:23\u003c03:18, 44.64clip/s]\r[features] train_uniform:  25%|██▌       | 2973/11808 [01:23\u003c03:11, 46.03clip/s]\n"}
,{"stream_name":"stderr","time":167.244529775,"data":"\r[features] train_uniform:  25%|██▌       | 2973/11808 [01:23\u003c03:11, 46.03clip/s]\r[features] train_uniform:  25%|██▌       | 2978/11808 [01:23\u003c03:13, 45.62clip/s]\n"}
,{"stream_name":"stderr","time":167.344910478,"data":"\r[features] train_uniform:  25%|██▌       | 2978/11808 [01:23\u003c03:13, 45.62clip/s]\r[features] train_uniform:  25%|██▌       | 2983/11808 [01:23\u003c03:08, 46.81clip/s]\n"}
,{"stream_name":"stderr","time":167.450709506,"data":"\r[features] train_uniform:  25%|██▌       | 2983/11808 [01:23\u003c03:08, 46.81clip/s]\r[features] train_uniform:  25%|██▌       | 2988/11808 [01:23\u003c03:07, 46.92clip/s]\n"}
,{"stream_name":"stderr","time":167.555238248,"data":"\r[features] train_uniform:  25%|██▌       | 2988/11808 [01:23\u003c03:07, 46.92clip/s]\r[features] train_uniform:  25%|██▌       | 2993/11808 [01:24\u003c03:06, 47.14clip/s]\n"}
,{"stream_name":"stderr","time":167.661007038,"data":"\r[features] train_uniform:  25%|██▌       | 2993/11808 [01:24\u003c03:06, 47.14clip/s]\r[features] train_uniform:  25%|██▌       | 2998/11808 [01:24\u003c03:06, 47.18clip/s]\n"}
,{"stream_name":"stderr","time":167.76593863,"data":"\r[features] train_uniform:  25%|██▌       | 2998/11808 [01:24\u003c03:06, 47.18clip/s]\r[features] train_uniform:  25%|██▌       | 3003/11808 [01:24\u003c03:05, 47.39clip/s]\n"}
,{"stream_name":"stderr","time":167.873547911,"data":"\r[features] train_uniform:  25%|██▌       | 3003/11808 [01:24\u003c03:05, 47.39clip/s]\r[features] train_uniform:  25%|██▌       | 3008/11808 [01:24\u003c03:06, 47.09clip/s]\n"}
,{"stream_name":"stderr","time":167.987058217,"data":"\r[features] train_uniform:  25%|██▌       | 3008/11808 [01:24\u003c03:06, 47.09clip/s]\r[features] train_uniform:  26%|██▌       | 3013/11808 [01:24\u003c03:09, 46.31clip/s]\n"}
,{"stream_name":"stderr","time":168.098527903,"data":"\r[features] train_uniform:  26%|██▌       | 3013/11808 [01:24\u003c03:09, 46.31clip/s]\r[features] train_uniform:  26%|██▌       | 3018/11808 [01:24\u003c03:12, 45.70clip/s]\n"}
,{"stream_name":"stderr","time":168.209035591,"data":"\r[features] train_uniform:  26%|██▌       | 3018/11808 [01:24\u003c03:12, 45.70clip/s]\r[features] train_uniform:  26%|██▌       | 3023/11808 [01:24\u003c03:12, 45.56clip/s]\n"}
,{"stream_name":"stderr","time":168.315895169,"data":"\r[features] train_uniform:  26%|██▌       | 3023/11808 [01:24\u003c03:12, 45.56clip/s]\r[features] train_uniform:  26%|██▌       | 3028/11808 [01:24\u003c03:10, 46.04clip/s]\n"}
,{"stream_name":"stderr","time":168.421577575,"data":"\r[features] train_uniform:  26%|██▌       | 3028/11808 [01:24\u003c03:10, 46.04clip/s]\r[features] train_uniform:  26%|██▌       | 3033/11808 [01:24\u003c03:09, 46.33clip/s]\n"}
,{"stream_name":"stderr","time":168.543460691,"data":"\r[features] train_uniform:  26%|██▌       | 3033/11808 [01:24\u003c03:09, 46.33clip/s]\r[features] train_uniform:  26%|██▌       | 3038/11808 [01:25\u003c03:16, 44.59clip/s]\n"}
,{"stream_name":"stderr","time":168.669139975,"data":"\r[features] train_uniform:  26%|██▌       | 3038/11808 [01:25\u003c03:16, 44.59clip/s]\r[features] train_uniform:  26%|██▌       | 3043/11808 [01:25\u003c03:23, 43.04clip/s]\n"}
,{"stream_name":"stderr","time":168.782302654,"data":"\r[features] train_uniform:  26%|██▌       | 3043/11808 [01:25\u003c03:23, 43.04clip/s]\r[features] train_uniform:  26%|██▌       | 3048/11808 [01:25\u003c03:21, 43.38clip/s]\n"}
,{"stream_name":"stderr","time":168.885586383,"data":"\r[features] train_uniform:  26%|██▌       | 3048/11808 [01:25\u003c03:21, 43.38clip/s]\r[features] train_uniform:  26%|██▌       | 3053/11808 [01:25\u003c03:15, 44.74clip/s]\n"}
,{"stream_name":"stderr","time":169.001576234,"data":"\r[features] train_uniform:  26%|██▌       | 3053/11808 [01:25\u003c03:15, 44.74clip/s]\r[features] train_uniform:  26%|██▌       | 3058/11808 [01:25\u003c03:17, 44.40clip/s]\n"}
,{"stream_name":"stderr","time":169.122483791,"data":"\r[features] train_uniform:  26%|██▌       | 3058/11808 [01:25\u003c03:17, 44.40clip/s]\r[features] train_uniform:  26%|██▌       | 3063/11808 [01:25\u003c03:21, 43.30clip/s]\n"}
,{"stream_name":"stderr","time":169.240590962,"data":"\r[features] train_uniform:  26%|██▌       | 3063/11808 [01:25\u003c03:21, 43.30clip/s]\r[features] train_uniform:  26%|██▌       | 3068/11808 [01:25\u003c03:22, 43.11clip/s]\n"}
,{"stream_name":"stderr","time":169.381203385,"data":"\r[features] train_uniform:  26%|██▌       | 3068/11808 [01:25\u003c03:22, 43.11clip/s]\r[features] train_uniform:  26%|██▌       | 3073/11808 [01:25\u003c03:36, 40.40clip/s]\n"}
,{"stream_name":"stderr","time":169.548296379,"data":"\r[features] train_uniform:  26%|██▌       | 3073/11808 [01:25\u003c03:36, 40.40clip/s]\r[features] train_uniform:  26%|██▌       | 3078/11808 [01:26\u003c03:58, 36.61clip/s]\n"}
,{"stream_name":"stderr","time":169.664458835,"data":"\r[features] train_uniform:  26%|██▌       | 3078/11808 [01:26\u003c03:58, 36.61clip/s]\r[features] train_uniform:  26%|██▌       | 3084/11808 [01:26\u003c03:34, 40.62clip/s]\n"}
,{"stream_name":"stderr","time":169.768094506,"data":"\r[features] train_uniform:  26%|██▌       | 3084/11808 [01:26\u003c03:34, 40.62clip/s]\r[features] train_uniform:  26%|██▌       | 3089/11808 [01:26\u003c03:25, 42.49clip/s]\n"}
,{"stream_name":"stderr","time":169.883424114,"data":"\r[features] train_uniform:  26%|██▌       | 3089/11808 [01:26\u003c03:25, 42.49clip/s]\r[features] train_uniform:  26%|██▌       | 3095/11808 [01:26\u003c03:12, 45.32clip/s]\n"}
,{"stream_name":"stderr","time":169.983756229,"data":"\r[features] train_uniform:  26%|██▌       | 3095/11808 [01:26\u003c03:12, 45.32clip/s]\r[features] train_uniform:  26%|██▋       | 3100/11808 [01:26\u003c03:07, 46.50clip/s]\n"}
,{"stream_name":"stderr","time":170.10029642,"data":"\r[features] train_uniform:  26%|██▋       | 3100/11808 [01:26\u003c03:07, 46.50clip/s]\r[features] train_uniform:  26%|██▋       | 3105/11808 [01:26\u003c03:11, 45.40clip/s]\n"}
,{"stream_name":"stderr","time":170.223526189,"data":"\r[features] train_uniform:  26%|██▋       | 3105/11808 [01:26\u003c03:11, 45.40clip/s]\r[features] train_uniform:  26%|██▋       | 3110/11808 [01:26\u003c03:18, 43.90clip/s]\n"}
,{"stream_name":"stderr","time":170.345222242,"data":"\r[features] train_uniform:  26%|██▋       | 3110/11808 [01:26\u003c03:18, 43.90clip/s]\r[features] train_uniform:  26%|██▋       | 3115/11808 [01:26\u003c03:22, 43.02clip/s]\n"}
,{"stream_name":"stderr","time":170.460036696,"data":"\r[features] train_uniform:  26%|██▋       | 3115/11808 [01:26\u003c03:22, 43.02clip/s]\r[features] train_uniform:  26%|██▋       | 3120/11808 [01:26\u003c03:21, 43.19clip/s]\n"}
,{"stream_name":"stderr","time":170.571744311,"data":"\r[features] train_uniform:  26%|██▋       | 3120/11808 [01:26\u003c03:21, 43.19clip/s]\r[features] train_uniform:  26%|██▋       | 3125/11808 [01:27\u003c03:19, 43.57clip/s]\n"}
,{"stream_name":"stderr","time":170.672416948,"data":"\r[features] train_uniform:  26%|██▋       | 3125/11808 [01:27\u003c03:19, 43.57clip/s]\r[features] train_uniform:  27%|██▋       | 3130/11808 [01:27\u003c03:11, 45.29clip/s]\n"}
,{"stream_name":"stderr","time":170.779292753,"data":"\r[features] train_uniform:  27%|██▋       | 3130/11808 [01:27\u003c03:11, 45.29clip/s]\r[features] train_uniform:  27%|██▋       | 3135/11808 [01:27\u003c03:09, 45.69clip/s]\n"}
,{"stream_name":"stderr","time":170.905748631,"data":"\r[features] train_uniform:  27%|██▋       | 3135/11808 [01:27\u003c03:09, 45.69clip/s]\r[features] train_uniform:  27%|██▋       | 3140/11808 [01:27\u003c03:17, 43.99clip/s]\n"}
,{"stream_name":"stderr","time":171.013058223,"data":"\r[features] train_uniform:  27%|██▋       | 3140/11808 [01:27\u003c03:17, 43.99clip/s]\r[features] train_uniform:  27%|██▋       | 3145/11808 [01:27\u003c03:15, 44.37clip/s]\n"}
,{"stream_name":"stderr","time":171.134740673,"data":"\r[features] train_uniform:  27%|██▋       | 3145/11808 [01:27\u003c03:15, 44.37clip/s]\r[features] train_uniform:  27%|██▋       | 3151/11808 [01:27\u003c03:08, 45.91clip/s]\n"}
,{"stream_name":"stderr","time":171.262466823,"data":"\r[features] train_uniform:  27%|██▋       | 3151/11808 [01:27\u003c03:08, 45.91clip/s]\r[features] train_uniform:  27%|██▋       | 3156/11808 [01:27\u003c03:17, 43.86clip/s]\n"}
,{"stream_name":"stderr","time":171.37518499,"data":"\r[features] train_uniform:  27%|██▋       | 3156/11808 [01:27\u003c03:17, 43.86clip/s]\r[features] train_uniform:  27%|██▋       | 3161/11808 [01:27\u003c03:16, 43.91clip/s]\n"}
,{"stream_name":"stderr","time":171.476192734,"data":"\r[features] train_uniform:  27%|██▋       | 3161/11808 [01:27\u003c03:16, 43.91clip/s]\r[features] train_uniform:  27%|██▋       | 3166/11808 [01:28\u003c03:10, 45.47clip/s]\n"}
,{"stream_name":"stderr","time":171.652953587,"data":"\r[features] train_uniform:  27%|██▋       | 3166/11808 [01:28\u003c03:10, 45.47clip/s]\r[features] train_uniform:  27%|██▋       | 3171/11808 [01:28\u003c03:44, 38.52clip/s]\n"}
,{"stream_name":"stderr","time":171.768110274,"data":"\r[features] train_uniform:  27%|██▋       | 3171/11808 [01:28\u003c03:44, 38.52clip/s]\r[features] train_uniform:  27%|██▋       | 3177/11808 [01:28\u003c03:24, 42.20clip/s]\n"}
,{"stream_name":"stderr","time":171.873304794,"data":"\r[features] train_uniform:  27%|██▋       | 3177/11808 [01:28\u003c03:24, 42.20clip/s]\r[features] train_uniform:  27%|██▋       | 3182/11808 [01:28\u003c03:17, 43.62clip/s]\n"}
,{"stream_name":"stderr","time":172.01828837,"data":"\r[features] train_uniform:  27%|██▋       | 3182/11808 [01:28\u003c03:17, 43.62clip/s]\r[features] train_uniform:  27%|██▋       | 3187/11808 [01:28\u003c03:32, 40.52clip/s]\n"}
,{"stream_name":"stderr","time":172.126053777,"data":"\r[features] train_uniform:  27%|██▋       | 3187/11808 [01:28\u003c03:32, 40.52clip/s]\r[features] train_uniform:  27%|██▋       | 3192/11808 [01:28\u003c03:24, 42.08clip/s]\n"}
,{"stream_name":"stderr","time":172.238667737,"data":"\r[features] train_uniform:  27%|██▋       | 3192/11808 [01:28\u003c03:24, 42.08clip/s]\r[features] train_uniform:  27%|██▋       | 3197/11808 [01:28\u003c03:21, 42.70clip/s]\n"}
,{"stream_name":"stderr","time":172.351636282,"data":"\r[features] train_uniform:  27%|██▋       | 3197/11808 [01:28\u003c03:21, 42.70clip/s]\r[features] train_uniform:  27%|██▋       | 3202/11808 [01:28\u003c03:19, 43.15clip/s]\n"}
,{"stream_name":"stderr","time":172.462165337,"data":"\r[features] train_uniform:  27%|██▋       | 3202/11808 [01:28\u003c03:19, 43.15clip/s]\r[features] train_uniform:  27%|██▋       | 3207/11808 [01:28\u003c03:15, 43.96clip/s]\n"}
,{"stream_name":"stderr","time":172.57089152,"data":"\r[features] train_uniform:  27%|██▋       | 3207/11808 [01:28\u003c03:15, 43.96clip/s]\r[features] train_uniform:  27%|██▋       | 3212/11808 [01:29\u003c03:13, 44.40clip/s]\n"}
,{"stream_name":"stderr","time":172.687834238,"data":"\r[features] train_uniform:  27%|██▋       | 3212/11808 [01:29\u003c03:13, 44.40clip/s]\r[features] train_uniform:  27%|██▋       | 3217/11808 [01:29\u003c03:15, 43.86clip/s]\n"}
,{"stream_name":"stderr","time":172.795905782,"data":"\r[features] train_uniform:  27%|██▋       | 3217/11808 [01:29\u003c03:15, 43.86clip/s]\r[features] train_uniform:  27%|██▋       | 3222/11808 [01:29\u003c03:12, 44.51clip/s]\n"}
,{"stream_name":"stderr","time":172.9152542,"data":"\r[features] train_uniform:  27%|██▋       | 3222/11808 [01:29\u003c03:12, 44.51clip/s]\r[features] train_uniform:  27%|██▋       | 3228/11808 [01:29\u003c03:05, 46.30clip/s]\n"}
,{"stream_name":"stderr","time":173.084329881,"data":"\r[features] train_uniform:  27%|██▋       | 3228/11808 [01:29\u003c03:05, 46.30clip/s]\r[features] train_uniform:  27%|██▋       | 3233/11808 [01:29\u003c03:35, 39.88clip/s]\n"}
,{"stream_name":"stderr","time":173.292741248,"data":"\r[features] train_uniform:  27%|██▋       | 3233/11808 [01:29\u003c03:35, 39.88clip/s]\r[features] train_uniform:  27%|██▋       | 3238/11808 [01:29\u003c04:16, 33.40clip/s]\n"}
,{"stream_name":"stderr","time":173.393768159,"data":"\r[features] train_uniform:  27%|██▋       | 3238/11808 [01:29\u003c04:16, 33.40clip/s]\r[features] train_uniform:  27%|██▋       | 3243/11808 [01:29\u003c03:51, 36.94clip/s]\n"}
,{"stream_name":"stderr","time":173.522058929,"data":"\r[features] train_uniform:  27%|██▋       | 3243/11808 [01:29\u003c03:51, 36.94clip/s]\r[features] train_uniform:  28%|██▊       | 3248/11808 [01:30\u003c03:48, 37.51clip/s]\n"}
,{"stream_name":"stderr","time":173.703919467,"data":"\r[features] train_uniform:  28%|██▊       | 3248/11808 [01:30\u003c03:48, 37.51clip/s]\r[features] train_uniform:  28%|██▊       | 3253/11808 [01:30\u003c03:37, 39.35clip/s]\n"}
,{"stream_name":"stderr","time":173.753903027,"data":"\r[features] train_uniform:  28%|██▊       | 3253/11808 [01:30\u003c03:37, 39.35clip/s]\r[features] train_uniform:  28%|██▊       | 3258/11808 [01:30\u003c03:33, 40.05clip/s]\n"}
,{"stream_name":"stderr","time":173.864176968,"data":"\r[features] train_uniform:  28%|██▊       | 3258/11808 [01:30\u003c03:33, 40.05clip/s]\r[features] train_uniform:  28%|██▊       | 3263/11808 [01:30\u003c03:25, 41.49clip/s]\n"}
,{"stream_name":"stderr","time":173.984176891,"data":"\r[features] train_uniform:  28%|██▊       | 3263/11808 [01:30\u003c03:25, 41.49clip/s]\r[features] train_uniform:  28%|██▊       | 3268/11808 [01:30\u003c03:25, 41.58clip/s]\n"}
,{"stream_name":"stderr","time":174.087310537,"data":"\r[features] train_uniform:  28%|██▊       | 3268/11808 [01:30\u003c03:25, 41.58clip/s]\r[features] train_uniform:  28%|██▊       | 3273/11808 [01:30\u003c03:16, 43.40clip/s]\n"}
,{"stream_name":"stderr","time":174.20261933,"data":"\r[features] train_uniform:  28%|██▊       | 3273/11808 [01:30\u003c03:16, 43.40clip/s]\r[features] train_uniform:  28%|██▊       | 3278/11808 [01:30\u003c03:16, 43.41clip/s]\n"}
,{"stream_name":"stderr","time":174.311418773,"data":"\r[features] train_uniform:  28%|██▊       | 3278/11808 [01:30\u003c03:16, 43.41clip/s]\r[features] train_uniform:  28%|██▊       | 3283/11808 [01:30\u003c03:12, 44.17clip/s]\n"}
,{"stream_name":"stderr","time":174.441496532,"data":"\r[features] train_uniform:  28%|██▊       | 3283/11808 [01:30\u003c03:12, 44.17clip/s]\r[features] train_uniform:  28%|██▊       | 3288/11808 [01:30\u003c03:21, 42.26clip/s]\n"}
,{"stream_name":"stderr","time":174.562746997,"data":"\r[features] train_uniform:  28%|██▊       | 3288/11808 [01:30\u003c03:21, 42.26clip/s]\r[features] train_uniform:  28%|██▊       | 3293/11808 [01:31\u003c03:23, 41.94clip/s]\n"}
,{"stream_name":"stderr","time":174.675833012,"data":"\r[features] train_uniform:  28%|██▊       | 3293/11808 [01:31\u003c03:23, 41.94clip/s]\r[features] train_uniform:  28%|██▊       | 3298/11808 [01:31\u003c03:19, 42.62clip/s]\n"}
,{"stream_name":"stderr","time":174.854000897,"data":"\r[features] train_uniform:  28%|██▊       | 3298/11808 [01:31\u003c03:19, 42.62clip/s]\r[features] train_uniform:  28%|██▊       | 3303/11808 [01:31\u003c03:50, 36.91clip/s]\n"}
,{"stream_name":"stderr","time":174.967907547,"data":"\r[features] train_uniform:  28%|██▊       | 3303/11808 [01:31\u003c03:50, 36.91clip/s]\r[features] train_uniform:  28%|██▊       | 3308/11808 [01:31\u003c03:39, 38.75clip/s]\n"}
,{"stream_name":"stderr","time":175.074519601,"data":"\r[features] train_uniform:  28%|██▊       | 3308/11808 [01:31\u003c03:39, 38.75clip/s]\r[features] train_uniform:  28%|██▊       | 3313/11808 [01:31\u003c03:27, 40.84clip/s]\n"}
,{"stream_name":"stderr","time":175.199514564,"data":"\r[features] train_uniform:  28%|██▊       | 3313/11808 [01:31\u003c03:27, 40.84clip/s]\r[features] train_uniform:  28%|██▊       | 3318/11808 [01:31\u003c03:29, 40.59clip/s]\n"}
,{"stream_name":"stderr","time":175.314685879,"data":"\r[features] train_uniform:  28%|██▊       | 3318/11808 [01:31\u003c03:29, 40.59clip/s]\r[features] train_uniform:  28%|██▊       | 3323/11808 [01:31\u003c03:24, 41.41clip/s]\n"}
,{"stream_name":"stderr","time":175.427244535,"data":"\r[features] train_uniform:  28%|██▊       | 3323/11808 [01:31\u003c03:24, 41.41clip/s]\r[features] train_uniform:  28%|██▊       | 3328/11808 [01:31\u003c03:20, 42.22clip/s]\n"}
,{"stream_name":"stderr","time":175.532907524,"data":"\r[features] train_uniform:  28%|██▊       | 3328/11808 [01:31\u003c03:20, 42.22clip/s]\r[features] train_uniform:  28%|██▊       | 3333/11808 [01:32\u003c03:14, 43.66clip/s]\n"}
,{"stream_name":"stderr","time":175.633701912,"data":"\r[features] train_uniform:  28%|██▊       | 3333/11808 [01:32\u003c03:14, 43.66clip/s]\r[features] train_uniform:  28%|██▊       | 3338/11808 [01:32\u003c03:07, 45.28clip/s]\n"}
,{"stream_name":"stderr","time":175.734210534,"data":"\r[features] train_uniform:  28%|██▊       | 3338/11808 [01:32\u003c03:07, 45.28clip/s]\r[features] train_uniform:  28%|██▊       | 3343/11808 [01:32\u003c03:01, 46.53clip/s]\n"}
,{"stream_name":"stderr","time":175.844033548,"data":"\r[features] train_uniform:  28%|██▊       | 3343/11808 [01:32\u003c03:01, 46.53clip/s]\r[features] train_uniform:  28%|██▊       | 3348/11808 [01:32\u003c03:02, 46.23clip/s]\n"}
,{"stream_name":"stderr","time":175.954364754,"data":"\r[features] train_uniform:  28%|██▊       | 3348/11808 [01:32\u003c03:02, 46.23clip/s]\r[features] train_uniform:  28%|██▊       | 3353/11808 [01:32\u003c03:04, 45.94clip/s]\n"}
,{"stream_name":"stderr","time":176.071871111,"data":"\r[features] train_uniform:  28%|██▊       | 3353/11808 [01:32\u003c03:04, 45.94clip/s]\r[features] train_uniform:  28%|██▊       | 3358/11808 [01:32\u003c03:08, 44.92clip/s]\n"}
,{"stream_name":"stderr","time":176.198017459,"data":"\r[features] train_uniform:  28%|██▊       | 3358/11808 [01:32\u003c03:08, 44.92clip/s]\r[features] train_uniform:  28%|██▊       | 3364/11808 [01:32\u003c03:04, 45.77clip/s]\n"}
,{"stream_name":"stderr","time":176.431779957,"data":"\r[features] train_uniform:  28%|██▊       | 3364/11808 [01:32\u003c03:04, 45.77clip/s]\r[features] train_uniform:  29%|██▊       | 3369/11808 [01:32\u003c04:04, 34.45clip/s]\n"}
,{"stream_name":"stderr","time":176.573114911,"data":"\r[features] train_uniform:  29%|██▊       | 3369/11808 [01:32\u003c04:04, 34.45clip/s]\r[features] train_uniform:  29%|██▊       | 3373/11808 [01:33\u003c04:17, 32.70clip/s]\n"}
,{"stream_name":"stderr","time":176.692455207,"data":"\r[features] train_uniform:  29%|██▊       | 3373/11808 [01:33\u003c04:17, 32.70clip/s]\r[features] train_uniform:  29%|██▊       | 3378/11808 [01:33\u003c04:00, 35.06clip/s]\n"}
,{"stream_name":"stderr","time":176.805058915,"data":"\r[features] train_uniform:  29%|██▊       | 3378/11808 [01:33\u003c04:00, 35.06clip/s]\r[features] train_uniform:  29%|██▊       | 3383/11808 [01:33\u003c03:44, 37.46clip/s]\n"}
,{"stream_name":"stderr","time":176.907221963,"data":"\r[features] train_uniform:  29%|██▊       | 3383/11808 [01:33\u003c03:44, 37.46clip/s]\r[features] train_uniform:  29%|██▊       | 3387/11808 [01:33\u003c03:41, 37.96clip/s]\n"}
,{"stream_name":"stderr","time":177.027921212,"data":"\r[features] train_uniform:  29%|██▊       | 3387/11808 [01:33\u003c03:41, 37.96clip/s]\r[features] train_uniform:  29%|██▊       | 3392/11808 [01:33\u003c03:36, 38.94clip/s]\n"}
,{"stream_name":"stderr","time":177.208185734,"data":"\r[features] train_uniform:  29%|██▊       | 3392/11808 [01:33\u003c03:36, 38.94clip/s]\r[features] train_uniform:  29%|██▉       | 3397/11808 [01:33\u003c04:03, 34.58clip/s]\n"}
,{"stream_name":"stderr","time":177.321344418,"data":"\r[features] train_uniform:  29%|██▉       | 3397/11808 [01:33\u003c04:03, 34.58clip/s]\r[features] train_uniform:  29%|██▉       | 3402/11808 [01:33\u003c03:46, 37.05clip/s]\n"}
,{"stream_name":"stderr","time":177.448039581,"data":"\r[features] train_uniform:  29%|██▉       | 3402/11808 [01:33\u003c03:46, 37.05clip/s]\r[features] train_uniform:  29%|██▉       | 3407/11808 [01:33\u003c03:42, 37.74clip/s]\n"}
,{"stream_name":"stderr","time":177.571596242,"data":"\r[features] train_uniform:  29%|██▉       | 3407/11808 [01:33\u003c03:42, 37.74clip/s]\r[features] train_uniform:  29%|██▉       | 3412/11808 [01:34\u003c03:36, 38.72clip/s]\n"}
,{"stream_name":"stderr","time":177.672259951,"data":"\r[features] train_uniform:  29%|██▉       | 3412/11808 [01:34\u003c03:36, 38.72clip/s]\r[features] train_uniform:  29%|██▉       | 3416/11808 [01:34\u003c03:36, 38.78clip/s]\n"}
,{"stream_name":"stderr","time":177.778541068,"data":"\r[features] train_uniform:  29%|██▉       | 3416/11808 [01:34\u003c03:36, 38.78clip/s]\r[features] train_uniform:  29%|██▉       | 3421/11808 [01:34\u003c03:24, 41.06clip/s]\n"}
,{"stream_name":"stderr","time":177.88751006,"data":"\r[features] train_uniform:  29%|██▉       | 3421/11808 [01:34\u003c03:24, 41.06clip/s]\r[features] train_uniform:  29%|██▉       | 3426/11808 [01:34\u003c03:17, 42.54clip/s]\n"}
,{"stream_name":"stderr","time":178.004202647,"data":"\r[features] train_uniform:  29%|██▉       | 3426/11808 [01:34\u003c03:17, 42.54clip/s]\r[features] train_uniform:  29%|██▉       | 3432/11808 [01:34\u003c03:05, 45.19clip/s]\n"}
,{"stream_name":"stderr","time":178.121625345,"data":"\r[features] train_uniform:  29%|██▉       | 3432/11808 [01:34\u003c03:05, 45.19clip/s]\r[features] train_uniform:  29%|██▉       | 3437/11808 [01:34\u003c03:07, 44.71clip/s]\n"}
,{"stream_name":"stderr","time":178.228163821,"data":"\r[features] train_uniform:  29%|██▉       | 3437/11808 [01:34\u003c03:07, 44.71clip/s]\r[features] train_uniform:  29%|██▉       | 3442/11808 [01:34\u003c03:05, 45.01clip/s]\n"}
,{"stream_name":"stderr","time":178.436019155,"data":"\r[features] train_uniform:  29%|██▉       | 3442/11808 [01:34\u003c03:05, 45.01clip/s]\r[features] train_uniform:  29%|██▉       | 3447/11808 [01:34\u003c03:53, 35.80clip/s]\n"}
,{"stream_name":"stderr","time":178.53695431,"data":"\r[features] train_uniform:  29%|██▉       | 3447/11808 [01:34\u003c03:53, 35.80clip/s]\r[features] train_uniform:  29%|██▉       | 3452/11808 [01:35\u003c03:34, 38.99clip/s]\n"}
,{"stream_name":"stderr","time":178.654339603,"data":"\r[features] train_uniform:  29%|██▉       | 3452/11808 [01:35\u003c03:34, 38.99clip/s]\r[features] train_uniform:  29%|██▉       | 3458/11808 [01:35\u003c03:17, 42.37clip/s]\n"}
,{"stream_name":"stderr","time":178.774505082,"data":"\r[features] train_uniform:  29%|██▉       | 3458/11808 [01:35\u003c03:17, 42.37clip/s]\r[features] train_uniform:  29%|██▉       | 3463/11808 [01:35\u003c03:18, 42.12clip/s]\n"}
,{"stream_name":"stderr","time":178.896722532,"data":"\r[features] train_uniform:  29%|██▉       | 3463/11808 [01:35\u003c03:18, 42.12clip/s]\r[features] train_uniform:  29%|██▉       | 3469/11808 [01:35\u003c03:08, 44.28clip/s]\n"}
,{"stream_name":"stderr","time":179.014383975,"data":"\r[features] train_uniform:  29%|██▉       | 3469/11808 [01:35\u003c03:08, 44.28clip/s]\r[features] train_uniform:  29%|██▉       | 3474/11808 [01:35\u003c03:10, 43.70clip/s]\n"}
,{"stream_name":"stderr","time":179.12112891,"data":"\r[features] train_uniform:  29%|██▉       | 3474/11808 [01:35\u003c03:10, 43.70clip/s]\r[features] train_uniform:  29%|██▉       | 3479/11808 [01:35\u003c03:07, 44.54clip/s]\n"}
,{"stream_name":"stderr","time":179.253007396,"data":"\r[features] train_uniform:  29%|██▉       | 3479/11808 [01:35\u003c03:07, 44.54clip/s]\r[features] train_uniform:  30%|██▉       | 3484/11808 [01:35\u003c03:16, 42.45clip/s]\n"}
,{"stream_name":"stderr","time":179.355986115,"data":"\r[features] train_uniform:  30%|██▉       | 3484/11808 [01:35\u003c03:16, 42.45clip/s]\r[features] train_uniform:  30%|██▉       | 3489/11808 [01:35\u003c03:08, 44.05clip/s]\n"}
,{"stream_name":"stderr","time":179.463412847,"data":"\r[features] train_uniform:  30%|██▉       | 3489/11808 [01:35\u003c03:08, 44.05clip/s]\r[features] train_uniform:  30%|██▉       | 3494/11808 [01:36\u003c03:05, 44.72clip/s]\n"}
,{"stream_name":"stderr","time":179.565208493,"data":"\r[features] train_uniform:  30%|██▉       | 3494/11808 [01:36\u003c03:05, 44.72clip/s]\r[features] train_uniform:  30%|██▉       | 3499/11808 [01:36\u003c03:00, 45.95clip/s]\n"}
,{"stream_name":"stderr","time":179.667856475,"data":"\r[features] train_uniform:  30%|██▉       | 3499/11808 [01:36\u003c03:00, 45.95clip/s]\r[features] train_uniform:  30%|██▉       | 3504/11808 [01:36\u003c02:57, 46.71clip/s]\n"}
,{"stream_name":"stderr","time":179.781982001,"data":"\r[features] train_uniform:  30%|██▉       | 3504/11808 [01:36\u003c02:57, 46.71clip/s]\r[features] train_uniform:  30%|██▉       | 3509/11808 [01:36\u003c03:00, 45.85clip/s]\n"}
,{"stream_name":"stderr","time":179.892524533,"data":"\r[features] train_uniform:  30%|██▉       | 3509/11808 [01:36\u003c03:00, 45.85clip/s]\r[features] train_uniform:  30%|██▉       | 3514/11808 [01:36\u003c03:01, 45.68clip/s]\n"}
,{"stream_name":"stderr","time":179.996909524,"data":"\r[features] train_uniform:  30%|██▉       | 3514/11808 [01:36\u003c03:01, 45.68clip/s]\r[features] train_uniform:  30%|██▉       | 3519/11808 [01:36\u003c02:58, 46.37clip/s]\n"}
,{"stream_name":"stderr","time":180.126801218,"data":"\r[features] train_uniform:  30%|██▉       | 3519/11808 [01:36\u003c02:58, 46.37clip/s]\r[features] train_uniform:  30%|██▉       | 3525/11808 [01:36\u003c02:59, 46.20clip/s]\n"}
,{"stream_name":"stderr","time":180.296062905,"data":"\r[features] train_uniform:  30%|██▉       | 3525/11808 [01:36\u003c02:59, 46.20clip/s]\r[features] train_uniform:  30%|██▉       | 3530/11808 [01:36\u003c03:28, 39.77clip/s]\n"}
,{"stream_name":"stderr","time":180.409676343,"data":"\r[features] train_uniform:  30%|██▉       | 3530/11808 [01:36\u003c03:28, 39.77clip/s]\r[features] train_uniform:  30%|██▉       | 3535/11808 [01:36\u003c03:21, 40.97clip/s]\n"}
,{"stream_name":"stderr","time":180.546530052,"data":"\r[features] train_uniform:  30%|██▉       | 3535/11808 [01:36\u003c03:21, 40.97clip/s]\r[features] train_uniform:  30%|██▉       | 3540/11808 [01:37\u003c03:29, 39.49clip/s]\n"}
,{"stream_name":"stderr","time":180.650777474,"data":"\r[features] train_uniform:  30%|██▉       | 3540/11808 [01:37\u003c03:29, 39.49clip/s]\r[features] train_uniform:  30%|███       | 3545/11808 [01:37\u003c03:17, 41.75clip/s]\n"}
,{"stream_name":"stderr","time":180.815030673,"data":"\r[features] train_uniform:  30%|███       | 3545/11808 [01:37\u003c03:17, 41.75clip/s]\r[features] train_uniform:  30%|███       | 3550/11808 [01:37\u003c03:39, 37.59clip/s]\n"}
,{"stream_name":"stderr","time":180.930333702,"data":"\r[features] train_uniform:  30%|███       | 3550/11808 [01:37\u003c03:39, 37.59clip/s]\r[features] train_uniform:  30%|███       | 3554/11808 [01:37\u003c03:44, 36.81clip/s]\n"}
,{"stream_name":"stderr","time":181.045204818,"data":"\r[features] train_uniform:  30%|███       | 3554/11808 [01:37\u003c03:44, 36.81clip/s]\r[features] train_uniform:  30%|███       | 3558/11808 [01:37\u003c03:47, 36.25clip/s]\n"}
,{"stream_name":"stderr","time":181.147762686,"data":"\r[features] train_uniform:  30%|███       | 3558/11808 [01:37\u003c03:47, 36.25clip/s]\r[features] train_uniform:  30%|███       | 3563/11808 [01:37\u003c03:28, 39.48clip/s]\n"}
,{"stream_name":"stderr","time":181.286337165,"data":"\r[features] train_uniform:  30%|███       | 3563/11808 [01:37\u003c03:28, 39.48clip/s]\r[features] train_uniform:  30%|███       | 3568/11808 [01:37\u003c03:34, 38.44clip/s]\n"}
,{"stream_name":"stderr","time":181.400314164,"data":"\r[features] train_uniform:  30%|███       | 3568/11808 [01:37\u003c03:34, 38.44clip/s]\r[features] train_uniform:  30%|███       | 3573/11808 [01:37\u003c03:26, 39.87clip/s]\n"}
,{"stream_name":"stderr","time":181.541825955,"data":"\r[features] train_uniform:  30%|███       | 3573/11808 [01:37\u003c03:26, 39.87clip/s]\r[features] train_uniform:  30%|███       | 3578/11808 [01:38\u003c03:33, 38.60clip/s]\n"}
,{"stream_name":"stderr","time":181.646550329,"data":"\r[features] train_uniform:  30%|███       | 3578/11808 [01:38\u003c03:33, 38.60clip/s]\r[features] train_uniform:  30%|███       | 3583/11808 [01:38\u003c03:21, 40.74clip/s]\n"}
,{"stream_name":"stderr","time":181.765843099,"data":"\r[features] train_uniform:  30%|███       | 3583/11808 [01:38\u003c03:21, 40.74clip/s]\r[features] train_uniform:  30%|███       | 3588/11808 [01:38\u003c03:19, 41.17clip/s]\n"}
,{"stream_name":"stderr","time":181.922881423,"data":"\r[features] train_uniform:  30%|███       | 3588/11808 [01:38\u003c03:19, 41.17clip/s]\r[features] train_uniform:  30%|███       | 3593/11808 [01:38\u003c03:37, 37.77clip/s]\n"}
,{"stream_name":"stderr","time":182.040019482,"data":"\r[features] train_uniform:  30%|███       | 3593/11808 [01:38\u003c03:37, 37.77clip/s]\r[features] train_uniform:  30%|███       | 3598/11808 [01:38\u003c03:30, 39.08clip/s]\n"}
,{"stream_name":"stderr","time":182.160270677,"data":"\r[features] train_uniform:  30%|███       | 3598/11808 [01:38\u003c03:30, 39.08clip/s]\r[features] train_uniform:  31%|███       | 3604/11808 [01:38\u003c03:14, 42.25clip/s]\n"}
,{"stream_name":"stderr","time":182.261447664,"data":"\r[features] train_uniform:  31%|███       | 3604/11808 [01:38\u003c03:14, 42.25clip/s]\r[features] train_uniform:  31%|███       | 3609/11808 [01:38\u003c03:06, 44.03clip/s]\n"}
,{"stream_name":"stderr","time":182.371266274,"data":"\r[features] train_uniform:  31%|███       | 3609/11808 [01:38\u003c03:06, 44.03clip/s]\r[features] train_uniform:  31%|███       | 3614/11808 [01:38\u003c03:04, 44.52clip/s]\n"}
,{"stream_name":"stderr","time":182.487514124,"data":"\r[features] train_uniform:  31%|███       | 3614/11808 [01:38\u003c03:04, 44.52clip/s]\r[features] train_uniform:  31%|███       | 3619/11808 [01:39\u003c03:05, 44.04clip/s]\n"}
,{"stream_name":"stderr","time":182.588603152,"data":"\r[features] train_uniform:  31%|███       | 3619/11808 [01:39\u003c03:05, 44.04clip/s]\r[features] train_uniform:  31%|███       | 3624/11808 [01:39\u003c02:59, 45.56clip/s]\n"}
,{"stream_name":"stderr","time":182.69797622,"data":"\r[features] train_uniform:  31%|███       | 3624/11808 [01:39\u003c02:59, 45.56clip/s]\r[features] train_uniform:  31%|███       | 3629/11808 [01:39\u003c02:59, 45.55clip/s]\n"}
,{"stream_name":"stderr","time":182.803284273,"data":"\r[features] train_uniform:  31%|███       | 3629/11808 [01:39\u003c02:59, 45.55clip/s]\r[features] train_uniform:  31%|███       | 3634/11808 [01:39\u003c02:57, 46.17clip/s]\n"}
,{"stream_name":"stderr","time":182.909243049,"data":"\r[features] train_uniform:  31%|███       | 3634/11808 [01:39\u003c02:57, 46.17clip/s]\r[features] train_uniform:  31%|███       | 3639/11808 [01:39\u003c02:56, 46.38clip/s]\n"}
,{"stream_name":"stderr","time":183.024532707,"data":"\r[features] train_uniform:  31%|███       | 3639/11808 [01:39\u003c02:56, 46.38clip/s]\r[features] train_uniform:  31%|███       | 3644/11808 [01:39\u003c02:59, 45.48clip/s]\n"}
,{"stream_name":"stderr","time":183.143977891,"data":"\r[features] train_uniform:  31%|███       | 3644/11808 [01:39\u003c02:59, 45.48clip/s]\r[features] train_uniform:  31%|███       | 3649/11808 [01:39\u003c03:03, 44.35clip/s]\n"}
,{"stream_name":"stderr","time":183.258572428,"data":"\r[features] train_uniform:  31%|███       | 3649/11808 [01:39\u003c03:03, 44.35clip/s]\r[features] train_uniform:  31%|███       | 3654/11808 [01:39\u003c03:04, 44.14clip/s]\n"}
,{"stream_name":"stderr","time":183.423763845,"data":"\r[features] train_uniform:  31%|███       | 3654/11808 [01:39\u003c03:04, 44.14clip/s]\r[features] train_uniform:  31%|███       | 3659/11808 [01:39\u003c03:29, 38.82clip/s]\n"}
,{"stream_name":"stderr","time":183.540576086,"data":"\r[features] train_uniform:  31%|███       | 3659/11808 [01:39\u003c03:29, 38.82clip/s]\r[features] train_uniform:  31%|███       | 3664/11808 [01:40\u003c03:23, 39.93clip/s]\n"}
,{"stream_name":"stderr","time":183.658186908,"data":"\r[features] train_uniform:  31%|███       | 3664/11808 [01:40\u003c03:23, 39.93clip/s]\r[features] train_uniform:  31%|███       | 3670/11808 [01:40\u003c03:08, 43.12clip/s]\n"}
,{"stream_name":"stderr","time":183.763513393,"data":"\r[features] train_uniform:  31%|███       | 3670/11808 [01:40\u003c03:08, 43.12clip/s]\r[features] train_uniform:  31%|███       | 3675/11808 [01:40\u003c03:03, 44.28clip/s]\n"}
,{"stream_name":"stderr","time":183.872263807,"data":"\r[features] train_uniform:  31%|███       | 3675/11808 [01:40\u003c03:03, 44.28clip/s]\r[features] train_uniform:  31%|███       | 3680/11808 [01:40\u003c03:01, 44.75clip/s]\n"}
,{"stream_name":"stderr","time":183.991585513,"data":"\r[features] train_uniform:  31%|███       | 3680/11808 [01:40\u003c03:01, 44.75clip/s]\r[features] train_uniform:  31%|███       | 3686/11808 [01:40\u003c02:54, 46.46clip/s]\n"}
,{"stream_name":"stderr","time":184.107790848,"data":"\r[features] train_uniform:  31%|███       | 3686/11808 [01:40\u003c02:54, 46.46clip/s]\r[features] train_uniform:  31%|███▏      | 3691/11808 [01:40\u003c02:58, 45.46clip/s]\n"}
,{"stream_name":"stderr","time":184.225821919,"data":"\r[features] train_uniform:  31%|███▏      | 3691/11808 [01:40\u003c02:58, 45.46clip/s]\r[features] train_uniform:  31%|███▏      | 3697/11808 [01:40\u003c02:52, 47.03clip/s]\n"}
,{"stream_name":"stderr","time":184.332252228,"data":"\r[features] train_uniform:  31%|███▏      | 3697/11808 [01:40\u003c02:52, 47.03clip/s]\r[features] train_uniform:  31%|███▏      | 3702/11808 [01:40\u003c02:52, 46.98clip/s]\n"}
,{"stream_name":"stderr","time":184.439137851,"data":"\r[features] train_uniform:  31%|███▏      | 3702/11808 [01:40\u003c02:52, 46.98clip/s]\r[features] train_uniform:  31%|███▏      | 3707/11808 [01:40\u003c02:52, 46.95clip/s]\n"}
,{"stream_name":"stderr","time":184.636990573,"data":"\r[features] train_uniform:  31%|███▏      | 3707/11808 [01:40\u003c02:52, 46.95clip/s]\r[features] train_uniform:  31%|███▏      | 3712/11808 [01:41\u003c03:35, 37.64clip/s]\n"}
,{"stream_name":"stderr","time":184.753523739,"data":"\r[features] train_uniform:  31%|███▏      | 3712/11808 [01:41\u003c03:35, 37.64clip/s]\r[features] train_uniform:  31%|███▏      | 3717/11808 [01:41\u003c03:27, 39.01clip/s]\n"}
,{"stream_name":"stderr","time":184.867988471,"data":"\r[features] train_uniform:  31%|███▏      | 3717/11808 [01:41\u003c03:27, 39.01clip/s]\r[features] train_uniform:  32%|███▏      | 3722/11808 [01:41\u003c03:20, 40.26clip/s]\n"}
,{"stream_name":"stderr","time":184.977154678,"data":"\r[features] train_uniform:  32%|███▏      | 3722/11808 [01:41\u003c03:20, 40.26clip/s]\r[features] train_uniform:  32%|███▏      | 3727/11808 [01:41\u003c03:13, 41.74clip/s]\n"}
,{"stream_name":"stderr","time":185.077572472,"data":"\r[features] train_uniform:  32%|███▏      | 3727/11808 [01:41\u003c03:13, 41.74clip/s]\r[features] train_uniform:  32%|███▏      | 3732/11808 [01:41\u003c03:04, 43.87clip/s]\n"}
,{"stream_name":"stderr","time":185.187767138,"data":"\r[features] train_uniform:  32%|███▏      | 3732/11808 [01:41\u003c03:04, 43.87clip/s]\r[features] train_uniform:  32%|███▏      | 3737/11808 [01:41\u003c03:02, 44.30clip/s]\n"}
,{"stream_name":"stderr","time":185.315600097,"data":"\r[features] train_uniform:  32%|███▏      | 3737/11808 [01:41\u003c03:02, 44.30clip/s]\r[features] train_uniform:  32%|███▏      | 3742/11808 [01:41\u003c03:09, 42.67clip/s]\n"}
,{"stream_name":"stderr","time":185.434402057,"data":"\r[features] train_uniform:  32%|███▏      | 3742/11808 [01:41\u003c03:09, 42.67clip/s]\r[features] train_uniform:  32%|███▏      | 3747/11808 [01:41\u003c03:09, 42.45clip/s]\n"}
,{"stream_name":"stderr","time":185.539937927,"data":"\r[features] train_uniform:  32%|███▏      | 3747/11808 [01:41\u003c03:09, 42.45clip/s]\r[features] train_uniform:  32%|███▏      | 3752/11808 [01:42\u003c03:03, 43.79clip/s]\n"}
,{"stream_name":"stderr","time":185.651121763,"data":"\r[features] train_uniform:  32%|███▏      | 3752/11808 [01:42\u003c03:03, 43.79clip/s]\r[features] train_uniform:  32%|███▏      | 3757/11808 [01:42\u003c03:02, 44.20clip/s]\n"}
,{"stream_name":"stderr","time":185.772228246,"data":"\r[features] train_uniform:  32%|███▏      | 3757/11808 [01:42\u003c03:02, 44.20clip/s]\r[features] train_uniform:  32%|███▏      | 3763/11808 [01:42\u003c02:55, 45.88clip/s]\n"}
,{"stream_name":"stderr","time":185.88731821,"data":"\r[features] train_uniform:  32%|███▏      | 3763/11808 [01:42\u003c02:55, 45.88clip/s]\r[features] train_uniform:  32%|███▏      | 3768/11808 [01:42\u003c02:58, 45.11clip/s]\n"}
,{"stream_name":"stderr","time":185.98953869,"data":"\r[features] train_uniform:  32%|███▏      | 3768/11808 [01:42\u003c02:58, 45.11clip/s]\r[features] train_uniform:  32%|███▏      | 3773/11808 [01:42\u003c02:54, 46.13clip/s]\n"}
,{"stream_name":"stderr","time":186.109218234,"data":"\r[features] train_uniform:  32%|███▏      | 3773/11808 [01:42\u003c02:54, 46.13clip/s]\r[features] train_uniform:  32%|███▏      | 3778/11808 [01:42\u003c02:59, 44.77clip/s]\n"}
,{"stream_name":"stderr","time":186.275027702,"data":"\r[features] train_uniform:  32%|███▏      | 3778/11808 [01:42\u003c02:59, 44.77clip/s]\r[features] train_uniform:  32%|███▏      | 3783/11808 [01:42\u003c03:24, 39.18clip/s]\n"}
,{"stream_name":"stderr","time":186.382912891,"data":"\r[features] train_uniform:  32%|███▏      | 3783/11808 [01:42\u003c03:24, 39.18clip/s]\r[features] train_uniform:  32%|███▏      | 3788/11808 [01:42\u003c03:15, 41.10clip/s]\n"}
,{"stream_name":"stderr","time":186.487859484,"data":"\r[features] train_uniform:  32%|███▏      | 3788/11808 [01:42\u003c03:15, 41.10clip/s]\r[features] train_uniform:  32%|███▏      | 3793/11808 [01:43\u003c03:07, 42.77clip/s]\n"}
,{"stream_name":"stderr","time":186.596221488,"data":"\r[features] train_uniform:  32%|███▏      | 3793/11808 [01:43\u003c03:07, 42.77clip/s]\r[features] train_uniform:  32%|███▏      | 3798/11808 [01:43\u003c03:03, 43.77clip/s]\n"}
,{"stream_name":"stderr","time":186.70526926,"data":"\r[features] train_uniform:  32%|███▏      | 3798/11808 [01:43\u003c03:03, 43.77clip/s]\r[features] train_uniform:  32%|███▏      | 3803/11808 [01:43\u003c03:00, 44.41clip/s]\n"}
,{"stream_name":"stderr","time":186.807917434,"data":"\r[features] train_uniform:  32%|███▏      | 3803/11808 [01:43\u003c03:00, 44.41clip/s]\r[features] train_uniform:  32%|███▏      | 3808/11808 [01:43\u003c02:55, 45.60clip/s]\n"}
,{"stream_name":"stderr","time":186.909943831,"data":"\r[features] train_uniform:  32%|███▏      | 3808/11808 [01:43\u003c02:55, 45.60clip/s]\r[features] train_uniform:  32%|███▏      | 3813/11808 [01:43\u003c02:51, 46.50clip/s]\n"}
,{"stream_name":"stderr","time":187.024527324,"data":"\r[features] train_uniform:  32%|███▏      | 3813/11808 [01:43\u003c02:51, 46.50clip/s]\r[features] train_uniform:  32%|███▏      | 3818/11808 [01:43\u003c02:54, 45.90clip/s]\n"}
,{"stream_name":"stderr","time":187.160526176,"data":"\r[features] train_uniform:  32%|███▏      | 3818/11808 [01:43\u003c02:54, 45.90clip/s]\r[features] train_uniform:  32%|███▏      | 3823/11808 [01:43\u003c03:07, 42.54clip/s]\n"}
,{"stream_name":"stderr","time":187.302758794,"data":"\r[features] train_uniform:  32%|███▏      | 3823/11808 [01:43\u003c03:07, 42.54clip/s]\r[features] train_uniform:  32%|███▏      | 3828/11808 [01:43\u003c03:19, 40.04clip/s]\n"}
,{"stream_name":"stderr","time":187.403578085,"data":"\r[features] train_uniform:  32%|███▏      | 3828/11808 [01:43\u003c03:19, 40.04clip/s]\r[features] train_uniform:  32%|███▏      | 3833/11808 [01:43\u003c03:07, 42.54clip/s]\n"}
,{"stream_name":"stderr","time":187.632234074,"data":"\r[features] train_uniform:  32%|███▏      | 3833/11808 [01:43\u003c03:07, 42.54clip/s]\r[features] train_uniform:  33%|███▎      | 3838/11808 [01:44\u003c04:01, 33.05clip/s]\n"}
,{"stream_name":"stderr","time":187.732696299,"data":"\r[features] train_uniform:  33%|███▎      | 3838/11808 [01:44\u003c04:01, 33.05clip/s]\r[features] train_uniform:  33%|███▎      | 3843/11808 [01:44\u003c03:36, 36.74clip/s]\n"}
,{"stream_name":"stderr","time":187.841299484,"data":"\r[features] train_uniform:  33%|███▎      | 3843/11808 [01:44\u003c03:36, 36.74clip/s]\r[features] train_uniform:  33%|███▎      | 3848/11808 [01:44\u003c03:23, 39.17clip/s]\n"}
,{"stream_name":"stderr","time":187.947862987,"data":"\r[features] train_uniform:  33%|███▎      | 3848/11808 [01:44\u003c03:23, 39.17clip/s]\r[features] train_uniform:  33%|███▎      | 3853/11808 [01:44\u003c03:13, 41.21clip/s]\n"}
,{"stream_name":"stderr","time":188.062560582,"data":"\r[features] train_uniform:  33%|███▎      | 3853/11808 [01:44\u003c03:13, 41.21clip/s]\r[features] train_uniform:  33%|███▎      | 3859/11808 [01:44\u003c02:59, 44.37clip/s]\n"}
,{"stream_name":"stderr","time":188.173888565,"data":"\r[features] train_uniform:  33%|███▎      | 3859/11808 [01:44\u003c02:59, 44.37clip/s]\r[features] train_uniform:  33%|███▎      | 3864/11808 [01:44\u003c02:58, 44.51clip/s]\n"}
,{"stream_name":"stderr","time":188.276970509,"data":"\r[features] train_uniform:  33%|███▎      | 3864/11808 [01:44\u003c02:58, 44.51clip/s]\r[features] train_uniform:  33%|███▎      | 3869/11808 [01:44\u003c02:53, 45.64clip/s]\n"}
,{"stream_name":"stderr","time":188.395589268,"data":"\r[features] train_uniform:  33%|███▎      | 3869/11808 [01:44\u003c02:53, 45.64clip/s]\r[features] train_uniform:  33%|███▎      | 3875/11808 [01:44\u003c02:47, 47.24clip/s]\n"}
,{"stream_name":"stderr","time":188.496739648,"data":"\r[features] train_uniform:  33%|███▎      | 3875/11808 [01:44\u003c02:47, 47.24clip/s]\r[features] train_uniform:  33%|███▎      | 3880/11808 [01:45\u003c02:46, 47.75clip/s]\n"}
,{"stream_name":"stderr","time":188.614000844,"data":"\r[features] train_uniform:  33%|███▎      | 3880/11808 [01:45\u003c02:46, 47.75clip/s]\r[features] train_uniform:  33%|███▎      | 3885/11808 [01:45\u003c02:51, 46.22clip/s]\n"}
,{"stream_name":"stderr","time":188.750148211,"data":"\r[features] train_uniform:  33%|███▎      | 3885/11808 [01:45\u003c02:51, 46.22clip/s]\r[features] train_uniform:  33%|███▎      | 3890/11808 [01:45\u003c03:04, 43.00clip/s]\n"}
,{"stream_name":"stderr","time":188.852998797,"data":"\r[features] train_uniform:  33%|███▎      | 3890/11808 [01:45\u003c03:04, 43.00clip/s]\r[features] train_uniform:  33%|███▎      | 3895/11808 [01:45\u003c02:57, 44.47clip/s]\n"}
,{"stream_name":"stderr","time":188.953838445,"data":"\r[features] train_uniform:  33%|███▎      | 3895/11808 [01:45\u003c02:57, 44.47clip/s]\r[features] train_uniform:  33%|███▎      | 3900/11808 [01:45\u003c02:52, 45.80clip/s]\n"}
,{"stream_name":"stderr","time":189.058352643,"data":"\r[features] train_uniform:  33%|███▎      | 3900/11808 [01:45\u003c02:52, 45.80clip/s]\r[features] train_uniform:  33%|███▎      | 3905/11808 [01:45\u003c02:50, 46.40clip/s]\n"}
,{"stream_name":"stderr","time":189.162340629,"data":"\r[features] train_uniform:  33%|███▎      | 3905/11808 [01:45\u003c02:50, 46.40clip/s]\r[features] train_uniform:  33%|███▎      | 3910/11808 [01:45\u003c02:48, 46.90clip/s]\n"}
,{"stream_name":"stderr","time":189.267007191,"data":"\r[features] train_uniform:  33%|███▎      | 3910/11808 [01:45\u003c02:48, 46.90clip/s]\r[features] train_uniform:  33%|███▎      | 3915/11808 [01:45\u003c02:47, 47.13clip/s]\n"}
,{"stream_name":"stderr","time":189.380803878,"data":"\r[features] train_uniform:  33%|███▎      | 3915/11808 [01:45\u003c02:47, 47.13clip/s]\r[features] train_uniform:  33%|███▎      | 3920/11808 [01:45\u003c02:50, 46.22clip/s]\n"}
,{"stream_name":"stderr","time":189.502283389,"data":"\r[features] train_uniform:  33%|███▎      | 3920/11808 [01:45\u003c02:50, 46.22clip/s]\r[features] train_uniform:  33%|███▎      | 3925/11808 [01:46\u003c02:56, 44.58clip/s]\n"}
,{"stream_name":"stderr","time":189.618296052,"data":"\r[features] train_uniform:  33%|███▎      | 3925/11808 [01:46\u003c02:56, 44.58clip/s]\r[features] train_uniform:  33%|███▎      | 3930/11808 [01:46\u003c02:58, 44.11clip/s]\n"}
,{"stream_name":"stderr","time":189.724336026,"data":"\r[features] train_uniform:  33%|███▎      | 3930/11808 [01:46\u003c02:58, 44.11clip/s]\r[features] train_uniform:  33%|███▎      | 3935/11808 [01:46\u003c02:54, 45.00clip/s]\n"}
,{"stream_name":"stderr","time":189.850096914,"data":"\r[features] train_uniform:  33%|███▎      | 3935/11808 [01:46\u003c02:54, 45.00clip/s]\r[features] train_uniform:  33%|███▎      | 3941/11808 [01:46\u003c02:51, 45.82clip/s]\n"}
,{"stream_name":"stderr","time":189.95516774,"data":"\r[features] train_uniform:  33%|███▎      | 3941/11808 [01:46\u003c02:51, 45.82clip/s]\r[features] train_uniform:  33%|███▎      | 3946/11808 [01:46\u003c02:49, 46.41clip/s]\n"}
,{"stream_name":"stderr","time":190.156117608,"data":"\r[features] train_uniform:  33%|███▎      | 3946/11808 [01:46\u003c02:49, 46.41clip/s]\r[features] train_uniform:  33%|███▎      | 3951/11808 [01:46\u003c03:32, 37.01clip/s]\n"}
,{"stream_name":"stderr","time":190.257147382,"data":"\r[features] train_uniform:  33%|███▎      | 3951/11808 [01:46\u003c03:32, 37.01clip/s]\r[features] train_uniform:  34%|███▎      | 3956/11808 [01:46\u003c03:16, 39.96clip/s]\n"}
,{"stream_name":"stderr","time":190.391642411,"data":"\r[features] train_uniform:  34%|███▎      | 3956/11808 [01:46\u003c03:16, 39.96clip/s]\r[features] train_uniform:  34%|███▎      | 3961/11808 [01:46\u003c03:20, 39.12clip/s]\n"}
,{"stream_name":"stderr","time":190.509918658,"data":"\r[features] train_uniform:  34%|███▎      | 3961/11808 [01:46\u003c03:20, 39.12clip/s]\r[features] train_uniform:  34%|███▎      | 3967/11808 [01:47\u003c03:05, 42.36clip/s]\n"}
,{"stream_name":"stderr","time":190.616541313,"data":"\r[features] train_uniform:  34%|███▎      | 3967/11808 [01:47\u003c03:05, 42.36clip/s]\r[features] train_uniform:  34%|███▎      | 3972/11808 [01:47\u003c02:58, 43.80clip/s]\n"}
,{"stream_name":"stderr","time":190.727268106,"data":"\r[features] train_uniform:  34%|███▎      | 3972/11808 [01:47\u003c02:58, 43.80clip/s]\r[features] train_uniform:  34%|███▎      | 3977/11808 [01:47\u003c02:58, 43.97clip/s]\n"}
,{"stream_name":"stderr","time":190.829219857,"data":"\r[features] train_uniform:  34%|███▎      | 3977/11808 [01:47\u003c02:58, 43.97clip/s]\r[features] train_uniform:  34%|███▎      | 3982/11808 [01:47\u003c02:52, 45.33clip/s]\n"}
,{"stream_name":"stderr","time":190.949607802,"data":"\r[features] train_uniform:  34%|███▎      | 3982/11808 [01:47\u003c02:52, 45.33clip/s]\r[features] train_uniform:  34%|███▍      | 3987/11808 [01:47\u003c02:57, 44.12clip/s]\n"}
,{"stream_name":"stderr","time":191.057612387,"data":"\r[features] train_uniform:  34%|███▍      | 3987/11808 [01:47\u003c02:57, 44.12clip/s]\r[features] train_uniform:  34%|███▍      | 3992/11808 [01:47\u003c02:54, 44.74clip/s]\n"}
,{"stream_name":"stderr","time":191.160572565,"data":"\r[features] train_uniform:  34%|███▍      | 3992/11808 [01:47\u003c02:54, 44.74clip/s]\r[features] train_uniform:  34%|███▍      | 3997/11808 [01:47\u003c02:50, 45.82clip/s]\n"}
,{"stream_name":"stderr","time":191.312907167,"data":"\r[features] train_uniform:  34%|███▍      | 3997/11808 [01:47\u003c02:50, 45.82clip/s]\r[features] train_uniform:  34%|███▍      | 4002/11808 [01:47\u003c03:10, 40.98clip/s]\n"}
,{"stream_name":"stderr","time":191.424698142,"data":"\r[features] train_uniform:  34%|███▍      | 4002/11808 [01:47\u003c03:10, 40.98clip/s]\r[features] train_uniform:  34%|███▍      | 4007/11808 [01:47\u003c03:05, 42.07clip/s]\n"}
,{"stream_name":"stderr","time":191.63885283,"data":"\r[features] train_uniform:  34%|███▍      | 4007/11808 [01:47\u003c03:05, 42.07clip/s]\r[features] train_uniform:  34%|███▍      | 4012/11808 [01:48\u003c03:49, 33.93clip/s]\n"}
,{"stream_name":"stderr","time":191.74000121,"data":"\r[features] train_uniform:  34%|███▍      | 4012/11808 [01:48\u003c03:49, 33.93clip/s]\r[features] train_uniform:  34%|███▍      | 4017/11808 [01:48\u003c03:27, 37.46clip/s]\n"}
,{"stream_name":"stderr","time":191.85407047,"data":"\r[features] train_uniform:  34%|███▍      | 4017/11808 [01:48\u003c03:27, 37.46clip/s]\r[features] train_uniform:  34%|███▍      | 4023/11808 [01:48\u003c03:07, 41.48clip/s]\n"}
,{"stream_name":"stderr","time":191.960418605,"data":"\r[features] train_uniform:  34%|███▍      | 4023/11808 [01:48\u003c03:07, 41.48clip/s]\r[features] train_uniform:  34%|███▍      | 4028/11808 [01:48\u003c03:01, 42.96clip/s]\n"}
,{"stream_name":"stderr","time":192.151071569,"data":"\r[features] train_uniform:  34%|███▍      | 4028/11808 [01:48\u003c03:01, 42.96clip/s]\r[features] train_uniform:  34%|███▍      | 4033/11808 [01:48\u003c03:34, 36.23clip/s]\n"}
,{"stream_name":"stderr","time":192.25191099,"data":"\r[features] train_uniform:  34%|███▍      | 4033/11808 [01:48\u003c03:34, 36.23clip/s]\r[features] train_uniform:  34%|███▍      | 4038/11808 [01:48\u003c03:17, 39.29clip/s]\n"}
,{"stream_name":"stderr","time":192.359718881,"data":"\r[features] train_uniform:  34%|███▍      | 4038/11808 [01:48\u003c03:17, 39.29clip/s]\r[features] train_uniform:  34%|███▍      | 4043/11808 [01:48\u003c03:08, 41.14clip/s]\n"}
,{"stream_name":"stderr","time":192.470295974,"data":"\r[features] train_uniform:  34%|███▍      | 4043/11808 [01:48\u003c03:08, 41.14clip/s]\r[features] train_uniform:  34%|███▍      | 4048/11808 [01:49\u003c03:03, 42.35clip/s]\n"}
,{"stream_name":"stderr","time":192.590837017,"data":"\r[features] train_uniform:  34%|███▍      | 4048/11808 [01:49\u003c03:03, 42.35clip/s]\r[features] train_uniform:  34%|███▍      | 4054/11808 [01:49\u003c02:53, 44.59clip/s]\n"}
,{"stream_name":"stderr","time":192.705544711,"data":"\r[features] train_uniform:  34%|███▍      | 4054/11808 [01:49\u003c02:53, 44.59clip/s]\r[features] train_uniform:  34%|███▍      | 4059/11808 [01:49\u003c02:54, 44.32clip/s]\n"}
,{"stream_name":"stderr","time":192.812678695,"data":"\r[features] train_uniform:  34%|███▍      | 4059/11808 [01:49\u003c02:54, 44.32clip/s]\r[features] train_uniform:  34%|███▍      | 4064/11808 [01:49\u003c02:52, 44.99clip/s]\n"}
,{"stream_name":"stderr","time":192.913071216,"data":"\r[features] train_uniform:  34%|███▍      | 4064/11808 [01:49\u003c02:52, 44.99clip/s]\r[features] train_uniform:  34%|███▍      | 4069/11808 [01:49\u003c02:47, 46.25clip/s]\n"}
,{"stream_name":"stderr","time":193.016504697,"data":"\r[features] train_uniform:  34%|███▍      | 4069/11808 [01:49\u003c02:47, 46.25clip/s]\r[features] train_uniform:  35%|███▍      | 4074/11808 [01:49\u003c02:45, 46.79clip/s]\n"}
,{"stream_name":"stderr","time":193.139906351,"data":"\r[features] train_uniform:  35%|███▍      | 4074/11808 [01:49\u003c02:45, 46.79clip/s]\r[features] train_uniform:  35%|███▍      | 4080/11808 [01:49\u003c02:43, 47.40clip/s]\n"}
,{"stream_name":"stderr","time":193.247371558,"data":"\r[features] train_uniform:  35%|███▍      | 4080/11808 [01:49\u003c02:43, 47.40clip/s]\r[features] train_uniform:  35%|███▍      | 4085/11808 [01:49\u003c02:43, 47.13clip/s]\n"}
,{"stream_name":"stderr","time":193.351204955,"data":"\r[features] train_uniform:  35%|███▍      | 4085/11808 [01:49\u003c02:43, 47.13clip/s]\r[features] train_uniform:  35%|███▍      | 4090/11808 [01:49\u003c02:42, 47.43clip/s]\n"}
,{"stream_name":"stderr","time":193.479461838,"data":"\r[features] train_uniform:  35%|███▍      | 4090/11808 [01:49\u003c02:42, 47.43clip/s]\r[features] train_uniform:  35%|███▍      | 4095/11808 [01:50\u003c02:52, 44.61clip/s]\n"}
,{"stream_name":"stderr","time":193.602806033,"data":"\r[features] train_uniform:  35%|███▍      | 4095/11808 [01:50\u003c02:52, 44.61clip/s]\r[features] train_uniform:  35%|███▍      | 4100/11808 [01:50\u003c02:57, 43.39clip/s]\n"}
,{"stream_name":"stderr","time":193.708171082,"data":"\r[features] train_uniform:  35%|███▍      | 4100/11808 [01:50\u003c02:57, 43.39clip/s]\r[features] train_uniform:  35%|███▍      | 4105/11808 [01:50\u003c02:53, 44.48clip/s]\n"}
,{"stream_name":"stderr","time":193.828918742,"data":"\r[features] train_uniform:  35%|███▍      | 4105/11808 [01:50\u003c02:53, 44.48clip/s]\r[features] train_uniform:  35%|███▍      | 4111/11808 [01:50\u003c02:46, 46.16clip/s]\n"}
,{"stream_name":"stderr","time":193.93325297,"data":"\r[features] train_uniform:  35%|███▍      | 4111/11808 [01:50\u003c02:46, 46.16clip/s]\r[features] train_uniform:  35%|███▍      | 4116/11808 [01:50\u003c02:45, 46.55clip/s]\n"}
,{"stream_name":"stderr","time":194.03790268,"data":"\r[features] train_uniform:  35%|███▍      | 4116/11808 [01:50\u003c02:45, 46.55clip/s]\r[features] train_uniform:  35%|███▍      | 4121/11808 [01:50\u003c02:43, 46.91clip/s]\n"}
,{"stream_name":"stderr","time":194.143261501,"data":"\r[features] train_uniform:  35%|███▍      | 4121/11808 [01:50\u003c02:43, 46.91clip/s]\r[features] train_uniform:  35%|███▍      | 4126/11808 [01:50\u003c02:43, 47.06clip/s]\n"}
,{"stream_name":"stderr","time":194.288213678,"data":"\r[features] train_uniform:  35%|███▍      | 4126/11808 [01:50\u003c02:43, 47.06clip/s]\r[features] train_uniform:  35%|███▍      | 4131/11808 [01:50\u003c03:00, 42.58clip/s]\n"}
,{"stream_name":"stderr","time":194.557404974,"data":"\r[features] train_uniform:  35%|███▍      | 4131/11808 [01:50\u003c03:00, 42.58clip/s]\r[features] train_uniform:  35%|███▌      | 4136/11808 [01:51\u003c04:09, 30.75clip/s]\n"}
,{"stream_name":"stderr","time":194.66865002,"data":"\r[features] train_uniform:  35%|███▌      | 4136/11808 [01:51\u003c04:09, 30.75clip/s]\r[features] train_uniform:  35%|███▌      | 4142/11808 [01:51\u003c03:33, 35.96clip/s]\n"}
,{"stream_name":"stderr","time":194.808976433,"data":"\r[features] train_uniform:  35%|███▌      | 4142/11808 [01:51\u003c03:33, 35.96clip/s]\r[features] train_uniform:  35%|███▌      | 4147/11808 [01:51\u003c03:33, 35.86clip/s]\n"}
,{"stream_name":"stderr","time":194.928389829,"data":"\r[features] train_uniform:  35%|███▌      | 4147/11808 [01:51\u003c03:33, 35.86clip/s]\r[features] train_uniform:  35%|███▌      | 4152/11808 [01:51\u003c03:24, 37.43clip/s]\n"}
,{"stream_name":"stderr","time":195.033870946,"data":"\r[features] train_uniform:  35%|███▌      | 4152/11808 [01:51\u003c03:24, 37.43clip/s]\r[features] train_uniform:  35%|███▌      | 4157/11808 [01:51\u003c03:11, 39.90clip/s]\n"}
,{"stream_name":"stderr","time":195.141895669,"data":"\r[features] train_uniform:  35%|███▌      | 4157/11808 [01:51\u003c03:11, 39.90clip/s]\r[features] train_uniform:  35%|███▌      | 4162/11808 [01:51\u003c03:03, 41.60clip/s]\n"}
,{"stream_name":"stderr","time":195.242536969,"data":"\r[features] train_uniform:  35%|███▌      | 4162/11808 [01:51\u003c03:03, 41.60clip/s]\r[features] train_uniform:  35%|███▌      | 4167/11808 [01:51\u003c02:54, 43.66clip/s]\n"}
,{"stream_name":"stderr","time":195.355681977,"data":"\r[features] train_uniform:  35%|███▌      | 4167/11808 [01:51\u003c02:54, 43.66clip/s]\r[features] train_uniform:  35%|███▌      | 4172/11808 [01:51\u003c02:54, 43.87clip/s]\n"}
,{"stream_name":"stderr","time":195.531954494,"data":"\r[features] train_uniform:  35%|███▌      | 4172/11808 [01:51\u003c02:54, 43.87clip/s]\r[features] train_uniform:  35%|███▌      | 4177/11808 [01:52\u003c03:22, 37.72clip/s]\n"}
,{"stream_name":"stderr","time":195.648178554,"data":"\r[features] train_uniform:  35%|███▌      | 4177/11808 [01:52\u003c03:22, 37.72clip/s]\r[features] train_uniform:  35%|███▌      | 4183/11808 [01:52\u003c03:03, 41.48clip/s]\n"}
,{"stream_name":"stderr","time":195.751912389,"data":"\r[features] train_uniform:  35%|███▌      | 4183/11808 [01:52\u003c03:03, 41.48clip/s]\r[features] train_uniform:  35%|███▌      | 4188/11808 [01:52\u003c02:55, 43.52clip/s]\n"}
,{"stream_name":"stderr","time":195.854940531,"data":"\r[features] train_uniform:  35%|███▌      | 4188/11808 [01:52\u003c02:55, 43.52clip/s]\r[features] train_uniform:  36%|███▌      | 4193/11808 [01:52\u003c02:50, 44.57clip/s]\n"}
,{"stream_name":"stderr","time":195.970952934,"data":"\r[features] train_uniform:  36%|███▌      | 4193/11808 [01:52\u003c02:50, 44.57clip/s]\r[features] train_uniform:  36%|███▌      | 4199/11808 [01:52\u003c02:42, 46.76clip/s]\n"}
,{"stream_name":"stderr","time":196.086912269,"data":"\r[features] train_uniform:  36%|███▌      | 4199/11808 [01:52\u003c02:42, 46.76clip/s]\r[features] train_uniform:  36%|███▌      | 4204/11808 [01:52\u003c02:45, 45.92clip/s]\n"}
,{"stream_name":"stderr","time":196.188418069,"data":"\r[features] train_uniform:  36%|███▌      | 4204/11808 [01:52\u003c02:45, 45.92clip/s]\r[features] train_uniform:  36%|███▌      | 4209/11808 [01:52\u003c02:43, 46.51clip/s]\n"}
,{"stream_name":"stderr","time":196.290864664,"data":"\r[features] train_uniform:  36%|███▌      | 4209/11808 [01:52\u003c02:43, 46.51clip/s]\r[features] train_uniform:  36%|███▌      | 4214/11808 [01:52\u003c02:40, 47.39clip/s]\n"}
,{"stream_name":"stderr","time":196.395894323,"data":"\r[features] train_uniform:  36%|███▌      | 4214/11808 [01:52\u003c02:40, 47.39clip/s]\r[features] train_uniform:  36%|███▌      | 4219/11808 [01:52\u003c02:40, 47.15clip/s]\n"}
,{"stream_name":"stderr","time":196.4992173,"data":"\r[features] train_uniform:  36%|███▌      | 4219/11808 [01:52\u003c02:40, 47.15clip/s]\r[features] train_uniform:  36%|███▌      | 4224/11808 [01:53\u003c02:39, 47.64clip/s]\n"}
,{"stream_name":"stderr","time":196.607837792,"data":"\r[features] train_uniform:  36%|███▌      | 4224/11808 [01:53\u003c02:39, 47.64clip/s]\r[features] train_uniform:  36%|███▌      | 4229/11808 [01:53\u003c02:41, 47.02clip/s]\n"}
,{"stream_name":"stderr","time":196.75436749,"data":"\r[features] train_uniform:  36%|███▌      | 4229/11808 [01:53\u003c02:41, 47.02clip/s]\r[features] train_uniform:  36%|███▌      | 4234/11808 [01:53\u003c02:58, 42.31clip/s]\n"}
,{"stream_name":"stderr","time":196.854514257,"data":"\r[features] train_uniform:  36%|███▌      | 4234/11808 [01:53\u003c02:58, 42.31clip/s]\r[features] train_uniform:  36%|███▌      | 4239/11808 [01:53\u003c02:50, 44.30clip/s]\n"}
,{"stream_name":"stderr","time":196.968691881,"data":"\r[features] train_uniform:  36%|███▌      | 4239/11808 [01:53\u003c02:50, 44.30clip/s]\r[features] train_uniform:  36%|███▌      | 4244/11808 [01:53\u003c02:51, 44.20clip/s]\n"}
,{"stream_name":"stderr","time":197.086863788,"data":"\r[features] train_uniform:  36%|███▌      | 4244/11808 [01:53\u003c02:51, 44.20clip/s]\r[features] train_uniform:  36%|███▌      | 4250/11808 [01:53\u003c02:42, 46.39clip/s]\n"}
,{"stream_name":"stderr","time":197.192191616,"data":"\r[features] train_uniform:  36%|███▌      | 4250/11808 [01:53\u003c02:42, 46.39clip/s]\r[features] train_uniform:  36%|███▌      | 4255/11808 [01:53\u003c02:42, 46.48clip/s]\n"}
,{"stream_name":"stderr","time":197.305247398,"data":"\r[features] train_uniform:  36%|███▌      | 4255/11808 [01:53\u003c02:42, 46.48clip/s]\r[features] train_uniform:  36%|███▌      | 4260/11808 [01:53\u003c02:44, 45.80clip/s]\n"}
,{"stream_name":"stderr","time":197.421223468,"data":"\r[features] train_uniform:  36%|███▌      | 4260/11808 [01:53\u003c02:44, 45.80clip/s]\r[features] train_uniform:  36%|███▌      | 4266/11808 [01:53\u003c02:38, 47.64clip/s]\n"}
,{"stream_name":"stderr","time":197.524196069,"data":"\r[features] train_uniform:  36%|███▌      | 4266/11808 [01:53\u003c02:38, 47.64clip/s]\r[features] train_uniform:  36%|███▌      | 4271/11808 [01:54\u003c02:37, 47.89clip/s]\n"}
,{"stream_name":"stderr","time":197.629299696,"data":"\r[features] train_uniform:  36%|███▌      | 4271/11808 [01:54\u003c02:37, 47.89clip/s]\r[features] train_uniform:  36%|███▌      | 4276/11808 [01:54\u003c02:37, 47.78clip/s]\n"}
,{"stream_name":"stderr","time":197.737367823,"data":"\r[features] train_uniform:  36%|███▌      | 4276/11808 [01:54\u003c02:37, 47.78clip/s]\r[features] train_uniform:  36%|███▋      | 4281/11808 [01:54\u003c02:38, 47.36clip/s]\n"}
,{"stream_name":"stderr","time":197.842686926,"data":"\r[features] train_uniform:  36%|███▋      | 4281/11808 [01:54\u003c02:38, 47.36clip/s]\r[features] train_uniform:  36%|███▋      | 4286/11808 [01:54\u003c02:38, 47.37clip/s]\n"}
,{"stream_name":"stderr","time":197.965142,"data":"\r[features] train_uniform:  36%|███▋      | 4286/11808 [01:54\u003c02:38, 47.37clip/s]\r[features] train_uniform:  36%|███▋      | 4291/11808 [01:54\u003c02:46, 45.27clip/s]\n"}
,{"stream_name":"stderr","time":198.093975322,"data":"\r[features] train_uniform:  36%|███▋      | 4291/11808 [01:54\u003c02:46, 45.27clip/s]\r[features] train_uniform:  36%|███▋      | 4296/11808 [01:54\u003c02:54, 43.09clip/s]\n"}
,{"stream_name":"stderr","time":198.203307134,"data":"\r[features] train_uniform:  36%|███▋      | 4296/11808 [01:54\u003c02:54, 43.09clip/s]\r[features] train_uniform:  36%|███▋      | 4301/11808 [01:54\u003c02:51, 43.85clip/s]\n"}
,{"stream_name":"stderr","time":198.325245255,"data":"\r[features] train_uniform:  36%|███▋      | 4301/11808 [01:54\u003c02:51, 43.85clip/s]\r[features] train_uniform:  36%|███▋      | 4307/11808 [01:54\u003c02:44, 45.54clip/s]\n"}
,{"stream_name":"stderr","time":198.438234845,"data":"\r[features] train_uniform:  36%|███▋      | 4307/11808 [01:54\u003c02:44, 45.54clip/s]\r[features] train_uniform:  37%|███▋      | 4312/11808 [01:54\u003c02:45, 45.16clip/s]\n"}
,{"stream_name":"stderr","time":198.542188789,"data":"\r[features] train_uniform:  37%|███▋      | 4312/11808 [01:54\u003c02:45, 45.16clip/s]\r[features] train_uniform:  37%|███▋      | 4317/11808 [01:55\u003c02:42, 45.97clip/s]\n"}
,{"stream_name":"stderr","time":198.654346951,"data":"\r[features] train_uniform:  37%|███▋      | 4317/11808 [01:55\u003c02:42, 45.97clip/s]\r[features] train_uniform:  37%|███▋      | 4322/11808 [01:55\u003c02:44, 45.53clip/s]\n"}
,{"stream_name":"stderr","time":198.811169841,"data":"\r[features] train_uniform:  37%|███▋      | 4322/11808 [01:55\u003c02:44, 45.53clip/s]\r[features] train_uniform:  37%|███▋      | 4327/11808 [01:55\u003c03:05, 40.43clip/s]\n"}
,{"stream_name":"stderr","time":198.929917704,"data":"\r[features] train_uniform:  37%|███▋      | 4327/11808 [01:55\u003c03:05, 40.43clip/s]\r[features] train_uniform:  37%|███▋      | 4333/11808 [01:55\u003c02:52, 43.33clip/s]\n"}
,{"stream_name":"stderr","time":199.053192879,"data":"\r[features] train_uniform:  37%|███▋      | 4333/11808 [01:55\u003c02:52, 43.33clip/s]\r[features] train_uniform:  37%|███▋      | 4338/11808 [01:55\u003c02:55, 42.53clip/s]\n"}
,{"stream_name":"stderr","time":199.182957187,"data":"\r[features] train_uniform:  37%|███▋      | 4338/11808 [01:55\u003c02:55, 42.53clip/s]\r[features] train_uniform:  37%|███▋      | 4343/11808 [01:55\u003c03:00, 41.32clip/s]\n"}
,{"stream_name":"stderr","time":199.336019512,"data":"\r[features] train_uniform:  37%|███▋      | 4343/11808 [01:55\u003c03:00, 41.32clip/s]\r[features] train_uniform:  37%|███▋      | 4348/11808 [01:55\u003c03:14, 38.32clip/s]\n"}
,{"stream_name":"stderr","time":199.44786209,"data":"\r[features] train_uniform:  37%|███▋      | 4348/11808 [01:55\u003c03:14, 38.32clip/s]\r[features] train_uniform:  37%|███▋      | 4354/11808 [01:55\u003c02:56, 42.33clip/s]\n"}
,{"stream_name":"stderr","time":199.593192495,"data":"\r[features] train_uniform:  37%|███▋      | 4354/11808 [01:55\u003c02:56, 42.33clip/s]\r[features] train_uniform:  37%|███▋      | 4359/11808 [01:56\u003c03:07, 39.72clip/s]\n"}
,{"stream_name":"stderr","time":199.703403195,"data":"\r[features] train_uniform:  37%|███▋      | 4359/11808 [01:56\u003c03:07, 39.72clip/s]\r[features] train_uniform:  37%|███▋      | 4364/11808 [01:56\u003c03:00, 41.26clip/s]\n"}
,{"stream_name":"stderr","time":199.814421765,"data":"\r[features] train_uniform:  37%|███▋      | 4364/11808 [01:56\u003c03:00, 41.26clip/s]\r[features] train_uniform:  37%|███▋      | 4369/11808 [01:56\u003c02:56, 42.25clip/s]\n"}
,{"stream_name":"stderr","time":199.918431252,"data":"\r[features] train_uniform:  37%|███▋      | 4369/11808 [01:56\u003c02:56, 42.25clip/s]\r[features] train_uniform:  37%|███▋      | 4374/11808 [01:56\u003c02:49, 43.82clip/s]\n"}
,{"stream_name":"stderr","time":200.033070956,"data":"\r[features] train_uniform:  37%|███▋      | 4374/11808 [01:56\u003c02:49, 43.82clip/s]\r[features] train_uniform:  37%|███▋      | 4379/11808 [01:56\u003c02:49, 43.76clip/s]\n"}
,{"stream_name":"stderr","time":200.146889672,"data":"\r[features] train_uniform:  37%|███▋      | 4379/11808 [01:56\u003c02:49, 43.76clip/s]\r[features] train_uniform:  37%|███▋      | 4384/11808 [01:56\u003c02:49, 43.79clip/s]\n"}
,{"stream_name":"stderr","time":200.250164979,"data":"\r[features] train_uniform:  37%|███▋      | 4384/11808 [01:56\u003c02:49, 43.79clip/s]\r[features] train_uniform:  37%|███▋      | 4389/11808 [01:56\u003c02:44, 45.14clip/s]\n"}
,{"stream_name":"stderr","time":200.355035887,"data":"\r[features] train_uniform:  37%|███▋      | 4389/11808 [01:56\u003c02:44, 45.14clip/s]\r[features] train_uniform:  37%|███▋      | 4394/11808 [01:56\u003c02:41, 45.84clip/s]\n"}
,{"stream_name":"stderr","time":200.467864778,"data":"\r[features] train_uniform:  37%|███▋      | 4394/11808 [01:56\u003c02:41, 45.84clip/s]\r[features] train_uniform:  37%|███▋      | 4399/11808 [01:57\u003c02:43, 45.38clip/s]\n"}
,{"stream_name":"stderr","time":200.619728607,"data":"\r[features] train_uniform:  37%|███▋      | 4399/11808 [01:57\u003c02:43, 45.38clip/s]\r[features] train_uniform:  37%|███▋      | 4404/11808 [01:57\u003c03:01, 40.77clip/s]\n"}
,{"stream_name":"stderr","time":200.741472063,"data":"\r[features] train_uniform:  37%|███▋      | 4404/11808 [01:57\u003c03:01, 40.77clip/s]\r[features] train_uniform:  37%|███▋      | 4410/11808 [01:57\u003c02:50, 43.32clip/s]\n"}
,{"stream_name":"stderr","time":200.854020289,"data":"\r[features] train_uniform:  37%|███▋      | 4410/11808 [01:57\u003c02:50, 43.32clip/s]\r[features] train_uniform:  37%|███▋      | 4415/11808 [01:57\u003c02:48, 43.89clip/s]\n"}
,{"stream_name":"stderr","time":200.966190175,"data":"\r[features] train_uniform:  37%|███▋      | 4415/11808 [01:57\u003c02:48, 43.89clip/s]\r[features] train_uniform:  37%|███▋      | 4420/11808 [01:57\u003c02:48, 43.84clip/s]\n"}
,{"stream_name":"stderr","time":201.081005799,"data":"\r[features] train_uniform:  37%|███▋      | 4420/11808 [01:57\u003c02:48, 43.84clip/s]\r[features] train_uniform:  37%|███▋      | 4426/11808 [01:57\u003c02:39, 46.32clip/s]\n"}
,{"stream_name":"stderr","time":201.222563851,"data":"\r[features] train_uniform:  37%|███▋      | 4426/11808 [01:57\u003c02:39, 46.32clip/s]\r[features] train_uniform:  38%|███▊      | 4431/11808 [01:57\u003c02:52, 42.81clip/s]\n"}
,{"stream_name":"stderr","time":201.364684596,"data":"\r[features] train_uniform:  38%|███▊      | 4431/11808 [01:57\u003c02:52, 42.81clip/s]\r[features] train_uniform:  38%|███▊      | 4436/11808 [01:57\u003c03:03, 40.14clip/s]\n"}
,{"stream_name":"stderr","time":201.468058567,"data":"\r[features] train_uniform:  38%|███▊      | 4436/11808 [01:57\u003c03:03, 40.14clip/s]\r[features] train_uniform:  38%|███▊      | 4441/11808 [01:58\u003c02:55, 42.09clip/s]\n"}
,{"stream_name":"stderr","time":201.597281124,"data":"\r[features] train_uniform:  38%|███▊      | 4441/11808 [01:58\u003c02:55, 42.09clip/s]\r[features] train_uniform:  38%|███▊      | 4446/11808 [01:58\u003c02:59, 41.11clip/s]\n"}
,{"stream_name":"stderr","time":201.70907545,"data":"\r[features] train_uniform:  38%|███▊      | 4446/11808 [01:58\u003c02:59, 41.11clip/s]\r[features] train_uniform:  38%|███▊      | 4451/11808 [01:58\u003c02:54, 42.08clip/s]\n"}
,{"stream_name":"stderr","time":201.812664248,"data":"\r[features] train_uniform:  38%|███▊      | 4451/11808 [01:58\u003c02:54, 42.08clip/s]\r[features] train_uniform:  38%|███▊      | 4456/11808 [01:58\u003c02:48, 43.71clip/s]\n"}
,{"stream_name":"stderr","time":201.999770779,"data":"\r[features] train_uniform:  38%|███▊      | 4456/11808 [01:58\u003c02:48, 43.71clip/s]\r[features] train_uniform:  38%|███▊      | 4461/11808 [01:58\u003c03:19, 36.78clip/s]\n"}
,{"stream_name":"stderr","time":202.107742386,"data":"\r[features] train_uniform:  38%|███▊      | 4461/11808 [01:58\u003c03:19, 36.78clip/s]\r[features] train_uniform:  38%|███▊      | 4465/11808 [01:58\u003c03:19, 36.86clip/s]\n"}
,{"stream_name":"stderr","time":202.220814217,"data":"\r[features] train_uniform:  38%|███▊      | 4465/11808 [01:58\u003c03:19, 36.86clip/s]\r[features] train_uniform:  38%|███▊      | 4471/11808 [01:58\u003c02:57, 41.23clip/s]\n"}
,{"stream_name":"stderr","time":202.340965536,"data":"\r[features] train_uniform:  38%|███▊      | 4471/11808 [01:58\u003c02:57, 41.23clip/s]\r[features] train_uniform:  38%|███▊      | 4476/11808 [01:58\u003c02:57, 41.40clip/s]\n"}
,{"stream_name":"stderr","time":202.561273801,"data":"\r[features] train_uniform:  38%|███▊      | 4476/11808 [01:58\u003c02:57, 41.40clip/s]\r[features] train_uniform:  38%|███▊      | 4481/11808 [01:59\u003c03:40, 33.26clip/s]\n"}
,{"stream_name":"stderr","time":202.685971604,"data":"\r[features] train_uniform:  38%|███▊      | 4481/11808 [01:59\u003c03:40, 33.26clip/s]\r[features] train_uniform:  38%|███▊      | 4486/11808 [01:59\u003c03:28, 35.06clip/s]\n"}
,{"stream_name":"stderr","time":202.799404829,"data":"\r[features] train_uniform:  38%|███▊      | 4486/11808 [01:59\u003c03:28, 35.06clip/s]\r[features] train_uniform:  38%|███▊      | 4491/11808 [01:59\u003c03:15, 37.34clip/s]\n"}
,{"stream_name":"stderr","time":202.913329682,"data":"\r[features] train_uniform:  38%|███▊      | 4491/11808 [01:59\u003c03:15, 37.34clip/s]\r[features] train_uniform:  38%|███▊      | 4496/11808 [01:59\u003c03:07, 39.08clip/s]\n"}
,{"stream_name":"stderr","time":203.02319627,"data":"\r[features] train_uniform:  38%|███▊      | 4496/11808 [01:59\u003c03:07, 39.08clip/s]\r[features] train_uniform:  38%|███▊      | 4501/11808 [01:59\u003c02:59, 40.81clip/s]\n"}
,{"stream_name":"stderr","time":203.129968531,"data":"\r[features] train_uniform:  38%|███▊      | 4501/11808 [01:59\u003c02:59, 40.81clip/s]\r[features] train_uniform:  38%|███▊      | 4506/11808 [01:59\u003c02:52, 42.44clip/s]\n"}
,{"stream_name":"stderr","time":203.243462567,"data":"\r[features] train_uniform:  38%|███▊      | 4506/11808 [01:59\u003c02:52, 42.44clip/s]\r[features] train_uniform:  38%|███▊      | 4511/11808 [01:59\u003c02:50, 42.85clip/s]\n"}
,{"stream_name":"stderr","time":203.350346261,"data":"\r[features] train_uniform:  38%|███▊      | 4511/11808 [01:59\u003c02:50, 42.85clip/s]\r[features] train_uniform:  38%|███▊      | 4516/11808 [01:59\u003c02:45, 43.94clip/s]\n"}
,{"stream_name":"stderr","time":203.488239898,"data":"\r[features] train_uniform:  38%|███▊      | 4516/11808 [01:59\u003c02:45, 43.94clip/s]\r[features] train_uniform:  38%|███▊      | 4521/11808 [02:00\u003c02:56, 41.40clip/s]\n"}
,{"stream_name":"stderr","time":203.609489435,"data":"\r[features] train_uniform:  38%|███▊      | 4521/11808 [02:00\u003c02:56, 41.40clip/s]\r[features] train_uniform:  38%|███▊      | 4526/11808 [02:00\u003c02:56, 41.29clip/s]\n"}
,{"stream_name":"stderr","time":203.811607854,"data":"\r[features] train_uniform:  38%|███▊      | 4526/11808 [02:00\u003c02:56, 41.29clip/s]\r[features] train_uniform:  38%|███▊      | 4531/11808 [02:00\u003c02:52, 42.24clip/s]\n"}
,{"stream_name":"stderr","time":203.861751158,"data":"\r[features] train_uniform:  38%|███▊      | 4531/11808 [02:00\u003c02:52, 42.24clip/s]\r[features] train_uniform:  38%|███▊      | 4536/11808 [02:00\u003c03:01, 39.99clip/s]\n"}
,{"stream_name":"stderr","time":203.999963778,"data":"\r[features] train_uniform:  38%|███▊      | 4536/11808 [02:00\u003c03:01, 39.99clip/s]\r[features] train_uniform:  38%|███▊      | 4541/11808 [02:00\u003c03:07, 38.86clip/s]\n"}
,{"stream_name":"stderr","time":204.143278551,"data":"\r[features] train_uniform:  38%|███▊      | 4541/11808 [02:00\u003c03:07, 38.86clip/s]\r[features] train_uniform:  39%|███▊      | 4547/11808 [02:00\u003c03:02, 39.76clip/s]\n"}
,{"stream_name":"stderr","time":204.265006312,"data":"\r[features] train_uniform:  39%|███▊      | 4547/11808 [02:00\u003c03:02, 39.76clip/s]\r[features] train_uniform:  39%|███▊      | 4552/11808 [02:00\u003c03:00, 40.12clip/s]\n"}
,{"stream_name":"stderr","time":204.381086368,"data":"\r[features] train_uniform:  39%|███▊      | 4552/11808 [02:00\u003c03:00, 40.12clip/s]\r[features] train_uniform:  39%|███▊      | 4558/11808 [02:00\u003c02:47, 43.35clip/s]\n"}
,{"stream_name":"stderr","time":204.493442268,"data":"\r[features] train_uniform:  39%|███▊      | 4558/11808 [02:00\u003c02:47, 43.35clip/s]\r[features] train_uniform:  39%|███▊      | 4563/11808 [02:01\u003c02:45, 43.67clip/s]\n"}
,{"stream_name":"stderr","time":204.610031634,"data":"\r[features] train_uniform:  39%|███▊      | 4563/11808 [02:01\u003c02:45, 43.67clip/s]\r[features] train_uniform:  39%|███▊      | 4568/11808 [02:01\u003c02:46, 43.40clip/s]\n"}
,{"stream_name":"stderr","time":204.711262946,"data":"\r[features] train_uniform:  39%|███▊      | 4568/11808 [02:01\u003c02:46, 43.40clip/s]\r[features] train_uniform:  39%|███▊      | 4573/11808 [02:01\u003c02:40, 45.02clip/s]\n"}
,{"stream_name":"stderr","time":204.814602128,"data":"\r[features] train_uniform:  39%|███▊      | 4573/11808 [02:01\u003c02:40, 45.02clip/s]\r[features] train_uniform:  39%|███▉      | 4578/11808 [02:01\u003c02:37, 45.98clip/s]\n"}
,{"stream_name":"stderr","time":204.92317761,"data":"\r[features] train_uniform:  39%|███▉      | 4578/11808 [02:01\u003c02:37, 45.98clip/s]\r[features] train_uniform:  39%|███▉      | 4583/11808 [02:01\u003c02:37, 46.00clip/s]\n"}
,{"stream_name":"stderr","time":205.064046624,"data":"\r[features] train_uniform:  39%|███▉      | 4583/11808 [02:01\u003c02:37, 46.00clip/s]\r[features] train_uniform:  39%|███▉      | 4588/11808 [02:01\u003c02:50, 42.25clip/s]\n"}
,{"stream_name":"stderr","time":205.176513497,"data":"\r[features] train_uniform:  39%|███▉      | 4588/11808 [02:01\u003c02:50, 42.25clip/s]\r[features] train_uniform:  39%|███▉      | 4593/11808 [02:01\u003c02:48, 42.91clip/s]\n"}
,{"stream_name":"stderr","time":205.316868046,"data":"\r[features] train_uniform:  39%|███▉      | 4593/11808 [02:01\u003c02:48, 42.91clip/s]\r[features] train_uniform:  39%|███▉      | 4598/11808 [02:01\u003c02:58, 40.43clip/s]\n"}
,{"stream_name":"stderr","time":205.43094912,"data":"\r[features] train_uniform:  39%|███▉      | 4598/11808 [02:01\u003c02:58, 40.43clip/s]\r[features] train_uniform:  39%|███▉      | 4603/11808 [02:01\u003c02:54, 41.39clip/s]\n"}
,{"stream_name":"stderr","time":205.572085046,"data":"\r[features] train_uniform:  39%|███▉      | 4603/11808 [02:01\u003c02:54, 41.39clip/s]\r[features] train_uniform:  39%|███▉      | 4608/11808 [02:02\u003c03:02, 39.43clip/s]\n"}
,{"stream_name":"stderr","time":205.688071276,"data":"\r[features] train_uniform:  39%|███▉      | 4608/11808 [02:02\u003c03:02, 39.43clip/s]\r[features] train_uniform:  39%|███▉      | 4613/11808 [02:02\u003c02:57, 40.45clip/s]\n"}
,{"stream_name":"stderr","time":205.794267954,"data":"\r[features] train_uniform:  39%|███▉      | 4613/11808 [02:02\u003c02:57, 40.45clip/s]\r[features] train_uniform:  39%|███▉      | 4618/11808 [02:02\u003c02:50, 42.29clip/s]\n"}
,{"stream_name":"stderr","time":205.894025976,"data":"\r[features] train_uniform:  39%|███▉      | 4618/11808 [02:02\u003c02:50, 42.29clip/s]\r[features] train_uniform:  39%|███▉      | 4623/11808 [02:02\u003c02:42, 44.29clip/s]\n"}
,{"stream_name":"stderr","time":206.000919929,"data":"\r[features] train_uniform:  39%|███▉      | 4623/11808 [02:02\u003c02:42, 44.29clip/s]\r[features] train_uniform:  39%|███▉      | 4628/11808 [02:02\u003c02:39, 44.99clip/s]\n"}
,{"stream_name":"stderr","time":206.112808039,"data":"\r[features] train_uniform:  39%|███▉      | 4628/11808 [02:02\u003c02:39, 44.99clip/s]\r[features] train_uniform:  39%|███▉      | 4633/11808 [02:02\u003c02:39, 44.90clip/s]\n"}
,{"stream_name":"stderr","time":206.21707516,"data":"\r[features] train_uniform:  39%|███▉      | 4633/11808 [02:02\u003c02:39, 44.90clip/s]\r[features] train_uniform:  39%|███▉      | 4638/11808 [02:02\u003c02:36, 45.80clip/s]\n"}
,{"stream_name":"stderr","time":206.324742204,"data":"\r[features] train_uniform:  39%|███▉      | 4638/11808 [02:02\u003c02:36, 45.80clip/s]\r[features] train_uniform:  39%|███▉      | 4643/11808 [02:02\u003c02:35, 45.96clip/s]\n"}
,{"stream_name":"stderr","time":206.429500673,"data":"\r[features] train_uniform:  39%|███▉      | 4643/11808 [02:02\u003c02:35, 45.96clip/s]\r[features] train_uniform:  39%|███▉      | 4648/11808 [02:02\u003c02:33, 46.56clip/s]\n"}
,{"stream_name":"stderr","time":206.529968984,"data":"\r[features] train_uniform:  39%|███▉      | 4648/11808 [02:02\u003c02:33, 46.56clip/s]\r[features] train_uniform:  39%|███▉      | 4653/11808 [02:03\u003c02:30, 47.38clip/s]\n"}
,{"stream_name":"stderr","time":206.682553623,"data":"\r[features] train_uniform:  39%|███▉      | 4653/11808 [02:03\u003c02:30, 47.38clip/s]\r[features] train_uniform:  39%|███▉      | 4658/11808 [02:03\u003c02:50, 41.86clip/s]\n"}
,{"stream_name":"stderr","time":206.839772132,"data":"\r[features] train_uniform:  39%|███▉      | 4658/11808 [02:03\u003c02:50, 41.86clip/s]\r[features] train_uniform:  39%|███▉      | 4663/11808 [02:03\u003c03:07, 38.21clip/s]\n"}
,{"stream_name":"stderr","time":206.965291808,"data":"\r[features] train_uniform:  39%|███▉      | 4663/11808 [02:03\u003c03:07, 38.21clip/s]\r[features] train_uniform:  40%|███▉      | 4667/11808 [02:03\u003c03:16, 36.36clip/s]\n"}
,{"stream_name":"stderr","time":207.065979854,"data":"\r[features] train_uniform:  40%|███▉      | 4667/11808 [02:03\u003c03:16, 36.36clip/s]\r[features] train_uniform:  40%|███▉      | 4672/11808 [02:03\u003c02:59, 39.69clip/s]\n"}
,{"stream_name":"stderr","time":207.182265252,"data":"\r[features] train_uniform:  40%|███▉      | 4672/11808 [02:03\u003c02:59, 39.69clip/s]\r[features] train_uniform:  40%|███▉      | 4677/11808 [02:03\u003c02:55, 40.67clip/s]\n"}
,{"stream_name":"stderr","time":207.301559867,"data":"\r[features] train_uniform:  40%|███▉      | 4677/11808 [02:03\u003c02:55, 40.67clip/s]\r[features] train_uniform:  40%|███▉      | 4683/11808 [02:03\u003c02:43, 43.68clip/s]\n"}
,{"stream_name":"stderr","time":207.409769667,"data":"\r[features] train_uniform:  40%|███▉      | 4683/11808 [02:03\u003c02:43, 43.68clip/s]\r[features] train_uniform:  40%|███▉      | 4688/11808 [02:03\u003c02:40, 44.23clip/s]\n"}
,{"stream_name":"stderr","time":207.521392653,"data":"\r[features] train_uniform:  40%|███▉      | 4688/11808 [02:03\u003c02:40, 44.23clip/s]\r[features] train_uniform:  40%|███▉      | 4693/11808 [02:04\u003c02:40, 44.44clip/s]\n"}
,{"stream_name":"stderr","time":207.628684704,"data":"\r[features] train_uniform:  40%|███▉      | 4693/11808 [02:04\u003c02:40, 44.44clip/s]\r[features] train_uniform:  40%|███▉      | 4698/11808 [02:04\u003c02:37, 45.04clip/s]\n"}
,{"stream_name":"stderr","time":207.741983098,"data":"\r[features] train_uniform:  40%|███▉      | 4698/11808 [02:04\u003c02:37, 45.04clip/s]\r[features] train_uniform:  40%|███▉      | 4703/11808 [02:04\u003c02:38, 44.73clip/s]\n"}
,{"stream_name":"stderr","time":207.870733994,"data":"\r[features] train_uniform:  40%|███▉      | 4703/11808 [02:04\u003c02:38, 44.73clip/s]\r[features] train_uniform:  40%|███▉      | 4708/11808 [02:04\u003c02:45, 42.81clip/s]\n"}
,{"stream_name":"stderr","time":207.980496206,"data":"\r[features] train_uniform:  40%|███▉      | 4708/11808 [02:04\u003c02:45, 42.81clip/s]\r[features] train_uniform:  40%|███▉      | 4713/11808 [02:04\u003c02:42, 43.63clip/s]\n"}
,{"stream_name":"stderr","time":208.105881011,"data":"\r[features] train_uniform:  40%|███▉      | 4713/11808 [02:04\u003c02:42, 43.63clip/s]\r[features] train_uniform:  40%|███▉      | 4718/11808 [02:04\u003c02:47, 42.40clip/s]\n"}
,{"stream_name":"stderr","time":208.208762118,"data":"\r[features] train_uniform:  40%|███▉      | 4718/11808 [02:04\u003c02:47, 42.40clip/s]\r[features] train_uniform:  40%|███▉      | 4723/11808 [02:04\u003c02:40, 44.14clip/s]\n"}
,{"stream_name":"stderr","time":208.315707341,"data":"\r[features] train_uniform:  40%|███▉      | 4723/11808 [02:04\u003c02:40, 44.14clip/s]\r[features] train_uniform:  40%|████      | 4728/11808 [02:04\u003c02:37, 44.82clip/s]\n"}
,{"stream_name":"stderr","time":208.435587406,"data":"\r[features] train_uniform:  40%|████      | 4728/11808 [02:04\u003c02:37, 44.82clip/s]\r[features] train_uniform:  40%|████      | 4734/11808 [02:04\u003c02:32, 46.47clip/s]\n"}
,{"stream_name":"stderr","time":208.585417256,"data":"\r[features] train_uniform:  40%|████      | 4734/11808 [02:04\u003c02:32, 46.47clip/s]\r[features] train_uniform:  40%|████      | 4739/11808 [02:05\u003c02:49, 41.76clip/s]\n"}
,{"stream_name":"stderr","time":208.714992825,"data":"\r[features] train_uniform:  40%|████      | 4739/11808 [02:05\u003c02:49, 41.76clip/s]\r[features] train_uniform:  40%|████      | 4744/11808 [02:05\u003c02:53, 40.79clip/s]\n"}
,{"stream_name":"stderr","time":208.840119409,"data":"\r[features] train_uniform:  40%|████      | 4744/11808 [02:05\u003c02:53, 40.79clip/s]\r[features] train_uniform:  40%|████      | 4749/11808 [02:05\u003c02:53, 40.60clip/s]\n"}
,{"stream_name":"stderr","time":209.012818597,"data":"\r[features] train_uniform:  40%|████      | 4749/11808 [02:05\u003c02:53, 40.60clip/s]\r[features] train_uniform:  40%|████      | 4754/11808 [02:05\u003c03:14, 36.28clip/s]\n"}
,{"stream_name":"stderr","time":209.117045718,"data":"\r[features] train_uniform:  40%|████      | 4754/11808 [02:05\u003c03:14, 36.28clip/s]\r[features] train_uniform:  40%|████      | 4759/11808 [02:05\u003c03:00, 39.10clip/s]\n"}
,{"stream_name":"stderr","time":209.234540462,"data":"\r[features] train_uniform:  40%|████      | 4759/11808 [02:05\u003c03:00, 39.10clip/s]\r[features] train_uniform:  40%|████      | 4764/11808 [02:05\u003c02:55, 40.07clip/s]\n"}
,{"stream_name":"stderr","time":209.352679534,"data":"\r[features] train_uniform:  40%|████      | 4764/11808 [02:05\u003c02:55, 40.07clip/s]\r[features] train_uniform:  40%|████      | 4770/11808 [02:05\u003c02:43, 43.16clip/s]\n"}
,{"stream_name":"stderr","time":209.456093843,"data":"\r[features] train_uniform:  40%|████      | 4770/11808 [02:05\u003c02:43, 43.16clip/s]\r[features] train_uniform:  40%|████      | 4775/11808 [02:05\u003c02:38, 44.49clip/s]\n"}
,{"stream_name":"stderr","time":209.571748834,"data":"\r[features] train_uniform:  40%|████      | 4775/11808 [02:05\u003c02:38, 44.49clip/s]\r[features] train_uniform:  40%|████      | 4780/11808 [02:06\u003c02:39, 44.13clip/s]\n"}
,{"stream_name":"stderr","time":209.672880036,"data":"\r[features] train_uniform:  40%|████      | 4780/11808 [02:06\u003c02:39, 44.13clip/s]\r[features] train_uniform:  41%|████      | 4785/11808 [02:06\u003c02:34, 45.57clip/s]\n"}
,{"stream_name":"stderr","time":209.78376061,"data":"\r[features] train_uniform:  41%|████      | 4785/11808 [02:06\u003c02:34, 45.57clip/s]\r[features] train_uniform:  41%|████      | 4790/11808 [02:06\u003c02:34, 45.48clip/s]\n"}
,{"stream_name":"stderr","time":209.887056628,"data":"\r[features] train_uniform:  41%|████      | 4790/11808 [02:06\u003c02:34, 45.48clip/s]\r[features] train_uniform:  41%|████      | 4795/11808 [02:06\u003c02:31, 46.24clip/s]\n"}
,{"stream_name":"stderr","time":210.011931199,"data":"\r[features] train_uniform:  41%|████      | 4795/11808 [02:06\u003c02:31, 46.24clip/s]\r[features] train_uniform:  41%|████      | 4800/11808 [02:06\u003c02:38, 44.18clip/s]\n"}
,{"stream_name":"stderr","time":210.130504428,"data":"\r[features] train_uniform:  41%|████      | 4800/11808 [02:06\u003c02:38, 44.18clip/s]\r[features] train_uniform:  41%|████      | 4805/11808 [02:06\u003c02:40, 43.62clip/s]\n"}
,{"stream_name":"stderr","time":210.233077821,"data":"\r[features] train_uniform:  41%|████      | 4805/11808 [02:06\u003c02:40, 43.62clip/s]\r[features] train_uniform:  41%|████      | 4810/11808 [02:06\u003c02:35, 44.96clip/s]\n"}
,{"stream_name":"stderr","time":210.334166982,"data":"\r[features] train_uniform:  41%|████      | 4810/11808 [02:06\u003c02:35, 44.96clip/s]\r[features] train_uniform:  41%|████      | 4815/11808 [02:06\u003c02:31, 46.25clip/s]\n"}
,{"stream_name":"stderr","time":210.452034058,"data":"\r[features] train_uniform:  41%|████      | 4815/11808 [02:06\u003c02:31, 46.25clip/s]\r[features] train_uniform:  41%|████      | 4821/11808 [02:06\u003c02:26, 47.73clip/s]\n"}
,{"stream_name":"stderr","time":210.560270152,"data":"\r[features] train_uniform:  41%|████      | 4821/11808 [02:06\u003c02:26, 47.73clip/s]\r[features] train_uniform:  41%|████      | 4826/11808 [02:07\u003c02:27, 47.24clip/s]\n"}
,{"stream_name":"stderr","time":210.660931397,"data":"\r[features] train_uniform:  41%|████      | 4826/11808 [02:07\u003c02:27, 47.24clip/s]\r[features] train_uniform:  41%|████      | 4831/11808 [02:07\u003c02:25, 47.93clip/s]\n"}
,{"stream_name":"stderr","time":210.778221872,"data":"\r[features] train_uniform:  41%|████      | 4831/11808 [02:07\u003c02:25, 47.93clip/s]\r[features] train_uniform:  41%|████      | 4837/11808 [02:07\u003c02:22, 48.97clip/s]\n"}
,{"stream_name":"stderr","time":210.894052062,"data":"\r[features] train_uniform:  41%|████      | 4837/11808 [02:07\u003c02:22, 48.97clip/s]\r[features] train_uniform:  41%|████      | 4842/11808 [02:07\u003c02:27, 47.26clip/s]\n"}
,{"stream_name":"stderr","time":211.010367443,"data":"\r[features] train_uniform:  41%|████      | 4842/11808 [02:07\u003c02:27, 47.26clip/s]\r[features] train_uniform:  41%|████      | 4848/11808 [02:07\u003c02:23, 48.49clip/s]\n"}
,{"stream_name":"stderr","time":211.118389743,"data":"\r[features] train_uniform:  41%|████      | 4848/11808 [02:07\u003c02:23, 48.49clip/s]\r[features] train_uniform:  41%|████      | 4853/11808 [02:07\u003c02:25, 47.91clip/s]\n"}
,{"stream_name":"stderr","time":211.344224285,"data":"\r[features] train_uniform:  41%|████      | 4853/11808 [02:07\u003c02:25, 47.91clip/s]\r[features] train_uniform:  41%|████      | 4858/11808 [02:07\u003c03:13, 35.91clip/s]\n"}
,{"stream_name":"stderr","time":211.499769295,"data":"\r[features] train_uniform:  41%|████      | 4858/11808 [02:07\u003c03:13, 35.91clip/s]\r[features] train_uniform:  41%|████      | 4863/11808 [02:08\u003c03:19, 34.75clip/s]\n"}
,{"stream_name":"stderr","time":211.622565215,"data":"\r[features] train_uniform:  41%|████      | 4863/11808 [02:08\u003c03:19, 34.75clip/s]\r[features] train_uniform:  41%|████      | 4867/11808 [02:08\u003c03:23, 34.17clip/s]\n"}
,{"stream_name":"stderr","time":211.737677679,"data":"\r[features] train_uniform:  41%|████      | 4867/11808 [02:08\u003c03:23, 34.17clip/s]\r[features] train_uniform:  41%|████▏     | 4873/11808 [02:08\u003c02:58, 38.83clip/s]\n"}
,{"stream_name":"stderr","time":211.838118202,"data":"\r[features] train_uniform:  41%|████▏     | 4873/11808 [02:08\u003c02:58, 38.83clip/s]\r[features] train_uniform:  41%|████▏     | 4878/11808 [02:08\u003c02:46, 41.53clip/s]\n"}
,{"stream_name":"stderr","time":211.940867122,"data":"\r[features] train_uniform:  41%|████▏     | 4878/11808 [02:08\u003c02:46, 41.53clip/s]\r[features] train_uniform:  41%|████▏     | 4883/11808 [02:08\u003c02:39, 43.43clip/s]\n"}
,{"stream_name":"stderr","time":212.054473985,"data":"\r[features] train_uniform:  41%|████▏     | 4883/11808 [02:08\u003c02:39, 43.43clip/s]\r[features] train_uniform:  41%|████▏     | 4889/11808 [02:08\u003c02:30, 46.11clip/s]\n"}
,{"stream_name":"stderr","time":212.175238861,"data":"\r[features] train_uniform:  41%|████▏     | 4889/11808 [02:08\u003c02:30, 46.11clip/s]\r[features] train_uniform:  41%|████▏     | 4895/11808 [02:08\u003c02:26, 47.20clip/s]\n"}
,{"stream_name":"stderr","time":212.276044749,"data":"\r[features] train_uniform:  41%|████▏     | 4895/11808 [02:08\u003c02:26, 47.20clip/s]\r[features] train_uniform:  41%|████▏     | 4900/11808 [02:08\u003c02:24, 47.85clip/s]\n"}
,{"stream_name":"stderr","time":212.378295202,"data":"\r[features] train_uniform:  41%|████▏     | 4900/11808 [02:08\u003c02:24, 47.85clip/s]\r[features] train_uniform:  42%|████▏     | 4905/11808 [02:08\u003c02:23, 48.19clip/s]\n"}
,{"stream_name":"stderr","time":212.4971764,"data":"\r[features] train_uniform:  42%|████▏     | 4905/11808 [02:08\u003c02:23, 48.19clip/s]\r[features] train_uniform:  42%|████▏     | 4911/11808 [02:09\u003c02:20, 48.93clip/s]\n"}
,{"stream_name":"stderr","time":212.603511195,"data":"\r[features] train_uniform:  42%|████▏     | 4911/11808 [02:09\u003c02:20, 48.93clip/s]\r[features] train_uniform:  42%|████▏     | 4916/11808 [02:09\u003c02:22, 48.31clip/s]\n"}
,{"stream_name":"stderr","time":212.710013642,"data":"\r[features] train_uniform:  42%|████▏     | 4916/11808 [02:09\u003c02:22, 48.31clip/s]\r[features] train_uniform:  42%|████▏     | 4921/11808 [02:09\u003c02:23, 48.03clip/s]\n"}
,{"stream_name":"stderr","time":212.819476141,"data":"\r[features] train_uniform:  42%|████▏     | 4921/11808 [02:09\u003c02:23, 48.03clip/s]\r[features] train_uniform:  42%|████▏     | 4927/11808 [02:09\u003c02:17, 50.01clip/s]\n"}
,{"stream_name":"stderr","time":212.958590425,"data":"\r[features] train_uniform:  42%|████▏     | 4927/11808 [02:09\u003c02:17, 50.01clip/s]\r[features] train_uniform:  42%|████▏     | 4933/11808 [02:09\u003c02:24, 47.54clip/s]\n"}
,{"stream_name":"stderr","time":213.064163627,"data":"\r[features] train_uniform:  42%|████▏     | 4933/11808 [02:09\u003c02:24, 47.54clip/s]\r[features] train_uniform:  42%|████▏     | 4938/11808 [02:09\u003c02:24, 47.49clip/s]\n"}
,{"stream_name":"stderr","time":213.177361153,"data":"\r[features] train_uniform:  42%|████▏     | 4938/11808 [02:09\u003c02:24, 47.49clip/s]\r[features] train_uniform:  42%|████▏     | 4943/11808 [02:09\u003c02:27, 46.48clip/s]\n"}
,{"stream_name":"stderr","time":213.279432068,"data":"\r[features] train_uniform:  42%|████▏     | 4943/11808 [02:09\u003c02:27, 46.48clip/s]\r[features] train_uniform:  42%|████▏     | 4948/11808 [02:09\u003c02:25, 47.26clip/s]\n"}
,{"stream_name":"stderr","time":213.388067434,"data":"\r[features] train_uniform:  42%|████▏     | 4948/11808 [02:09\u003c02:25, 47.26clip/s]\r[features] train_uniform:  42%|████▏     | 4954/11808 [02:09\u003c02:18, 49.57clip/s]\n"}
,{"stream_name":"stderr","time":213.495698267,"data":"\r[features] train_uniform:  42%|████▏     | 4954/11808 [02:09\u003c02:18, 49.57clip/s]\r[features] train_uniform:  42%|████▏     | 4960/11808 [02:10\u003c02:13, 51.38clip/s]\n"}
,{"stream_name":"stderr","time":213.628355652,"data":"\r[features] train_uniform:  42%|████▏     | 4960/11808 [02:10\u003c02:13, 51.38clip/s]\r[features] train_uniform:  42%|████▏     | 4966/11808 [02:10\u003c02:18, 49.34clip/s]\n"}
,{"stream_name":"stderr","time":213.736284534,"data":"\r[features] train_uniform:  42%|████▏     | 4966/11808 [02:10\u003c02:18, 49.34clip/s]\r[features] train_uniform:  42%|████▏     | 4972/11808 [02:10\u003c02:13, 51.03clip/s]\n"}
,{"stream_name":"stderr","time":213.865433013,"data":"\r[features] train_uniform:  42%|████▏     | 4972/11808 [02:10\u003c02:13, 51.03clip/s]\r[features] train_uniform:  42%|████▏     | 4978/11808 [02:10\u003c02:17, 49.56clip/s]\n"}
,{"stream_name":"stderr","time":213.984939866,"data":"\r[features] train_uniform:  42%|████▏     | 4978/11808 [02:10\u003c02:17, 49.56clip/s]\r[features] train_uniform:  42%|████▏     | 4984/11808 [02:10\u003c02:16, 49.81clip/s]\n"}
,{"stream_name":"stderr","time":214.117543977,"data":"\r[features] train_uniform:  42%|████▏     | 4984/11808 [02:10\u003c02:16, 49.81clip/s]\r[features] train_uniform:  42%|████▏     | 4990/11808 [02:10\u003c02:21, 48.29clip/s]\n"}
,{"stream_name":"stderr","time":214.238220673,"data":"\r[features] train_uniform:  42%|████▏     | 4990/11808 [02:10\u003c02:21, 48.29clip/s]\r[features] train_uniform:  42%|████▏     | 4995/11808 [02:10\u003c02:27, 46.30clip/s]\n"}
,{"stream_name":"stderr","time":214.351275354,"data":"\r[features] train_uniform:  42%|████▏     | 4995/11808 [02:10\u003c02:27, 46.30clip/s]\r[features] train_uniform:  42%|████▏     | 5001/11808 [02:10\u003c02:21, 48.24clip/s]\n"}
,{"stream_name":"stderr","time":214.46232206,"data":"\r[features] train_uniform:  42%|████▏     | 5001/11808 [02:10\u003c02:21, 48.24clip/s]\r[features] train_uniform:  42%|████▏     | 5007/11808 [02:11\u003c02:16, 49.86clip/s]\n"}
,{"stream_name":"stderr","time":214.598571731,"data":"\r[features] train_uniform:  42%|████▏     | 5007/11808 [02:11\u003c02:16, 49.86clip/s]\r[features] train_uniform:  42%|████▏     | 5013/11808 [02:11\u003c02:21, 47.86clip/s]\n"}
,{"stream_name":"stderr","time":214.716333702,"data":"\r[features] train_uniform:  42%|████▏     | 5013/11808 [02:11\u003c02:21, 47.86clip/s]\r[features] train_uniform:  43%|████▎     | 5019/11808 [02:11\u003c02:19, 48.83clip/s]\n"}
,{"stream_name":"stderr","time":214.824235617,"data":"\r[features] train_uniform:  43%|████▎     | 5019/11808 [02:11\u003c02:19, 48.83clip/s]\r[features] train_uniform:  43%|████▎     | 5024/11808 [02:11\u003c02:20, 48.15clip/s]\n"}
,{"stream_name":"stderr","time":214.939447946,"data":"\r[features] train_uniform:  43%|████▎     | 5024/11808 [02:11\u003c02:20, 48.15clip/s]\r[features] train_uniform:  43%|████▎     | 5029/11808 [02:11\u003c02:25, 46.71clip/s]\n"}
,{"stream_name":"stderr","time":215.044878144,"data":"\r[features] train_uniform:  43%|████▎     | 5029/11808 [02:11\u003c02:25, 46.71clip/s]\r[features] train_uniform:  43%|████▎     | 5034/11808 [02:11\u003c02:24, 46.87clip/s]\n"}
,{"stream_name":"stderr","time":215.161796524,"data":"\r[features] train_uniform:  43%|████▎     | 5034/11808 [02:11\u003c02:24, 46.87clip/s]\r[features] train_uniform:  43%|████▎     | 5040/11808 [02:11\u003c02:20, 48.26clip/s]\n"}
,{"stream_name":"stderr","time":215.272027793,"data":"\r[features] train_uniform:  43%|████▎     | 5040/11808 [02:11\u003c02:20, 48.26clip/s]\r[features] train_uniform:  43%|████▎     | 5045/11808 [02:11\u003c02:22, 47.42clip/s]\n"}
,{"stream_name":"stderr","time":215.378237956,"data":"\r[features] train_uniform:  43%|████▎     | 5045/11808 [02:11\u003c02:22, 47.42clip/s]\r[features] train_uniform:  43%|████▎     | 5050/11808 [02:11\u003c02:22, 47.36clip/s]\n"}
,{"stream_name":"stderr","time":215.494543453,"data":"\r[features] train_uniform:  43%|████▎     | 5050/11808 [02:11\u003c02:22, 47.36clip/s]\r[features] train_uniform:  43%|████▎     | 5056/11808 [02:12\u003c02:18, 48.70clip/s]\n"}
,{"stream_name":"stderr","time":215.601796607,"data":"\r[features] train_uniform:  43%|████▎     | 5056/11808 [02:12\u003c02:18, 48.70clip/s]\r[features] train_uniform:  43%|████▎     | 5061/11808 [02:12\u003c02:20, 48.08clip/s]\n"}
,{"stream_name":"stderr","time":215.702755992,"data":"\r[features] train_uniform:  43%|████▎     | 5061/11808 [02:12\u003c02:20, 48.08clip/s]\r[features] train_uniform:  43%|████▎     | 5066/11808 [02:12\u003c02:19, 48.44clip/s]\n"}
,{"stream_name":"stderr","time":215.813616255,"data":"\r[features] train_uniform:  43%|████▎     | 5066/11808 [02:12\u003c02:19, 48.44clip/s]\r[features] train_uniform:  43%|████▎     | 5072/11808 [02:12\u003c02:14, 50.13clip/s]\n"}
,{"stream_name":"stderr","time":215.930943735,"data":"\r[features] train_uniform:  43%|████▎     | 5072/11808 [02:12\u003c02:14, 50.13clip/s]\r[features] train_uniform:  43%|████▎     | 5078/11808 [02:12\u003c02:13, 50.44clip/s]\n"}
,{"stream_name":"stderr","time":216.04713393,"data":"\r[features] train_uniform:  43%|████▎     | 5078/11808 [02:12\u003c02:13, 50.44clip/s]\r[features] train_uniform:  43%|████▎     | 5084/11808 [02:12\u003c02:12, 50.85clip/s]\n"}
,{"stream_name":"stderr","time":216.179009142,"data":"\r[features] train_uniform:  43%|████▎     | 5084/11808 [02:12\u003c02:12, 50.85clip/s]\r[features] train_uniform:  43%|████▎     | 5090/11808 [02:12\u003c02:16, 49.04clip/s]\n"}
,{"stream_name":"stderr","time":216.287204924,"data":"\r[features] train_uniform:  43%|████▎     | 5090/11808 [02:12\u003c02:16, 49.04clip/s]\r[features] train_uniform:  43%|████▎     | 5095/11808 [02:12\u003c02:19, 48.27clip/s]\n"}
,{"stream_name":"stderr","time":216.394893756,"data":"\r[features] train_uniform:  43%|████▎     | 5095/11808 [02:12\u003c02:19, 48.27clip/s]\r[features] train_uniform:  43%|████▎     | 5100/11808 [02:12\u003c02:20, 47.82clip/s]\n"}
,{"stream_name":"stderr","time":216.497871621,"data":"\r[features] train_uniform:  43%|████▎     | 5100/11808 [02:12\u003c02:20, 47.82clip/s]\r[features] train_uniform:  43%|████▎     | 5105/11808 [02:13\u003c02:19, 48.00clip/s]\n"}
,{"stream_name":"stderr","time":216.617631171,"data":"\r[features] train_uniform:  43%|████▎     | 5105/11808 [02:13\u003c02:19, 48.00clip/s]\r[features] train_uniform:  43%|████▎     | 5111/11808 [02:13\u003c02:17, 48.59clip/s]\n"}
,{"stream_name":"stderr","time":216.761750173,"data":"\r[features] train_uniform:  43%|████▎     | 5111/11808 [02:13\u003c02:17, 48.59clip/s]\r[features] train_uniform:  43%|████▎     | 5116/11808 [02:13\u003c02:33, 43.73clip/s]\n"}
,{"stream_name":"stderr","time":216.877223419,"data":"\r[features] train_uniform:  43%|████▎     | 5116/11808 [02:13\u003c02:33, 43.73clip/s]\r[features] train_uniform:  43%|████▎     | 5121/11808 [02:13\u003c02:33, 43.56clip/s]\n"}
,{"stream_name":"stderr","time":216.979209686,"data":"\r[features] train_uniform:  43%|████▎     | 5121/11808 [02:13\u003c02:33, 43.56clip/s]\r[features] train_uniform:  43%|████▎     | 5126/11808 [02:13\u003c02:28, 45.10clip/s]\n"}
,{"stream_name":"stderr","time":217.08028287,"data":"\r[features] train_uniform:  43%|████▎     | 5126/11808 [02:13\u003c02:28, 45.10clip/s]\r[features] train_uniform:  43%|████▎     | 5131/11808 [02:13\u003c02:24, 46.20clip/s]\n"}
,{"stream_name":"stderr","time":217.182079559,"data":"\r[features] train_uniform:  43%|████▎     | 5131/11808 [02:13\u003c02:24, 46.20clip/s]\r[features] train_uniform:  43%|████▎     | 5136/11808 [02:13\u003c02:21, 47.02clip/s]\n"}
,{"stream_name":"stderr","time":217.316243921,"data":"\r[features] train_uniform:  43%|████▎     | 5136/11808 [02:13\u003c02:21, 47.02clip/s]\r[features] train_uniform:  44%|████▎     | 5141/11808 [02:13\u003c02:32, 43.66clip/s]\n"}
,{"stream_name":"stderr","time":217.432165522,"data":"\r[features] train_uniform:  44%|████▎     | 5141/11808 [02:13\u003c02:32, 43.66clip/s]\r[features] train_uniform:  44%|████▎     | 5147/11808 [02:13\u003c02:24, 46.12clip/s]\n"}
,{"stream_name":"stderr","time":217.540144697,"data":"\r[features] train_uniform:  44%|████▎     | 5147/11808 [02:13\u003c02:24, 46.12clip/s]\r[features] train_uniform:  44%|████▎     | 5152/11808 [02:14\u003c02:24, 46.14clip/s]\n"}
,{"stream_name":"stderr","time":217.649545331,"data":"\r[features] train_uniform:  44%|████▎     | 5152/11808 [02:14\u003c02:24, 46.14clip/s]\r[features] train_uniform:  44%|████▎     | 5157/11808 [02:14\u003c02:24, 46.00clip/s]\n"}
,{"stream_name":"stderr","time":217.767305667,"data":"\r[features] train_uniform:  44%|████▎     | 5157/11808 [02:14\u003c02:24, 46.00clip/s]\r[features] train_uniform:  44%|████▎     | 5163/11808 [02:14\u003c02:19, 47.52clip/s]\n"}
,{"stream_name":"stderr","time":217.877880115,"data":"\r[features] train_uniform:  44%|████▎     | 5163/11808 [02:14\u003c02:19, 47.52clip/s]\r[features] train_uniform:  44%|████▍     | 5168/11808 [02:14\u003c02:21, 46.86clip/s]\n"}
,{"stream_name":"stderr","time":217.98095597,"data":"\r[features] train_uniform:  44%|████▍     | 5168/11808 [02:14\u003c02:21, 46.86clip/s]\r[features] train_uniform:  44%|████▍     | 5173/11808 [02:14\u003c02:20, 47.32clip/s]\n"}
,{"stream_name":"stderr","time":218.094378436,"data":"\r[features] train_uniform:  44%|████▍     | 5173/11808 [02:14\u003c02:20, 47.32clip/s]\r[features] train_uniform:  44%|████▍     | 5178/11808 [02:14\u003c02:22, 46.38clip/s]\n"}
,{"stream_name":"stderr","time":218.21225068,"data":"\r[features] train_uniform:  44%|████▍     | 5178/11808 [02:14\u003c02:22, 46.38clip/s]\r[features] train_uniform:  44%|████▍     | 5184/11808 [02:14\u003c02:18, 47.75clip/s]\n"}
,{"stream_name":"stderr","time":218.319218863,"data":"\r[features] train_uniform:  44%|████▍     | 5184/11808 [02:14\u003c02:18, 47.75clip/s]\r[features] train_uniform:  44%|████▍     | 5189/11808 [02:14\u003c02:19, 47.43clip/s]\n"}
,{"stream_name":"stderr","time":218.437087151,"data":"\r[features] train_uniform:  44%|████▍     | 5189/11808 [02:14\u003c02:19, 47.43clip/s]\r[features] train_uniform:  44%|████▍     | 5195/11808 [02:14\u003c02:16, 48.53clip/s]\n"}
,{"stream_name":"stderr","time":218.60414831,"data":"\r[features] train_uniform:  44%|████▍     | 5195/11808 [02:14\u003c02:16, 48.53clip/s]\r[features] train_uniform:  44%|████▍     | 5200/11808 [02:15\u003c02:39, 41.35clip/s]\n"}
,{"stream_name":"stderr","time":218.724313233,"data":"\r[features] train_uniform:  44%|████▍     | 5200/11808 [02:15\u003c02:39, 41.35clip/s]\r[features] train_uniform:  44%|████▍     | 5205/11808 [02:15\u003c02:39, 41.47clip/s]\n"}
,{"stream_name":"stderr","time":218.830098548,"data":"\r[features] train_uniform:  44%|████▍     | 5205/11808 [02:15\u003c02:39, 41.47clip/s]\r[features] train_uniform:  44%|████▍     | 5210/11808 [02:15\u003c02:33, 42.92clip/s]\n"}
,{"stream_name":"stderr","time":218.944448672,"data":"\r[features] train_uniform:  44%|████▍     | 5210/11808 [02:15\u003c02:33, 42.92clip/s]\r[features] train_uniform:  44%|████▍     | 5215/11808 [02:15\u003c02:32, 43.17clip/s]\n"}
,{"stream_name":"stderr","time":219.077468113,"data":"\r[features] train_uniform:  44%|████▍     | 5215/11808 [02:15\u003c02:32, 43.17clip/s]\r[features] train_uniform:  44%|████▍     | 5220/11808 [02:15\u003c02:39, 41.36clip/s]\n"}
,{"stream_name":"stderr","time":219.180777336,"data":"\r[features] train_uniform:  44%|████▍     | 5220/11808 [02:15\u003c02:39, 41.36clip/s]\r[features] train_uniform:  44%|████▍     | 5225/11808 [02:15\u003c02:32, 43.22clip/s]\n"}
,{"stream_name":"stderr","time":219.291277721,"data":"\r[features] train_uniform:  44%|████▍     | 5225/11808 [02:15\u003c02:32, 43.22clip/s]\r[features] train_uniform:  44%|████▍     | 5230/11808 [02:15\u003c02:29, 43.87clip/s]\n"}
,{"stream_name":"stderr","time":219.410311046,"data":"\r[features] train_uniform:  44%|████▍     | 5230/11808 [02:15\u003c02:29, 43.87clip/s]\r[features] train_uniform:  44%|████▍     | 5236/11808 [02:15\u003c02:23, 45.80clip/s]\n"}
,{"stream_name":"stderr","time":219.522557971,"data":"\r[features] train_uniform:  44%|████▍     | 5236/11808 [02:15\u003c02:23, 45.80clip/s]\r[features] train_uniform:  44%|████▍     | 5242/11808 [02:16\u003c02:16, 48.07clip/s]\n"}
,{"stream_name":"stderr","time":219.639251295,"data":"\r[features] train_uniform:  44%|████▍     | 5242/11808 [02:16\u003c02:16, 48.07clip/s]\r[features] train_uniform:  44%|████▍     | 5248/11808 [02:16\u003c02:13, 49.09clip/s]\n"}
,{"stream_name":"stderr","time":219.75879075,"data":"\r[features] train_uniform:  44%|████▍     | 5248/11808 [02:16\u003c02:13, 49.09clip/s]\r[features] train_uniform:  44%|████▍     | 5253/11808 [02:16\u003c02:19, 46.89clip/s]\n"}
,{"stream_name":"stderr","time":219.87481128,"data":"\r[features] train_uniform:  44%|████▍     | 5253/11808 [02:16\u003c02:19, 46.89clip/s]\r[features] train_uniform:  45%|████▍     | 5258/11808 [02:16\u003c02:23, 45.72clip/s]\n"}
,{"stream_name":"stderr","time":220.011593532,"data":"\r[features] train_uniform:  45%|████▍     | 5258/11808 [02:16\u003c02:23, 45.72clip/s]\r[features] train_uniform:  45%|████▍     | 5263/11808 [02:16\u003c02:33, 42.67clip/s]\n"}
,{"stream_name":"stderr","time":220.125796612,"data":"\r[features] train_uniform:  45%|████▍     | 5263/11808 [02:16\u003c02:33, 42.67clip/s]\r[features] train_uniform:  45%|████▍     | 5268/11808 [02:16\u003c02:32, 43.01clip/s]\n"}
,{"stream_name":"stderr","time":220.241065038,"data":"\r[features] train_uniform:  45%|████▍     | 5268/11808 [02:16\u003c02:32, 43.01clip/s]\r[features] train_uniform:  45%|████▍     | 5274/11808 [02:16\u003c02:23, 45.62clip/s]\n"}
,{"stream_name":"stderr","time":220.350443469,"data":"\r[features] train_uniform:  45%|████▍     | 5274/11808 [02:16\u003c02:23, 45.62clip/s]\r[features] train_uniform:  45%|████▍     | 5279/11808 [02:16\u003c02:23, 45.63clip/s]\n"}
,{"stream_name":"stderr","time":220.500661311,"data":"\r[features] train_uniform:  45%|████▍     | 5279/11808 [02:16\u003c02:23, 45.63clip/s]\r[features] train_uniform:  45%|████▍     | 5284/11808 [02:17\u003c02:38, 41.26clip/s]\n"}
,{"stream_name":"stderr","time":220.615331203,"data":"\r[features] train_uniform:  45%|████▍     | 5284/11808 [02:17\u003c02:38, 41.26clip/s]\r[features] train_uniform:  45%|████▍     | 5289/11808 [02:17\u003c02:35, 41.93clip/s]\n"}
,{"stream_name":"stderr","time":220.732204757,"data":"\r[features] train_uniform:  45%|████▍     | 5289/11808 [02:17\u003c02:35, 41.93clip/s]\r[features] train_uniform:  45%|████▍     | 5295/11808 [02:17\u003c02:25, 44.65clip/s]\n"}
,{"stream_name":"stderr","time":220.835942294,"data":"\r[features] train_uniform:  45%|████▍     | 5295/11808 [02:17\u003c02:25, 44.65clip/s]\r[features] train_uniform:  45%|████▍     | 5300/11808 [02:17\u003c02:22, 45.61clip/s]\n"}
,{"stream_name":"stderr","time":220.966505694,"data":"\r[features] train_uniform:  45%|████▍     | 5300/11808 [02:17\u003c02:22, 45.61clip/s]\r[features] train_uniform:  45%|████▍     | 5305/11808 [02:17\u003c02:30, 43.17clip/s]\n"}
,{"stream_name":"stderr","time":221.070232215,"data":"\r[features] train_uniform:  45%|████▍     | 5305/11808 [02:17\u003c02:30, 43.17clip/s]\r[features] train_uniform:  45%|████▍     | 5310/11808 [02:17\u003c02:25, 44.56clip/s]\n"}
,{"stream_name":"stderr","time":221.189453931,"data":"\r[features] train_uniform:  45%|████▍     | 5310/11808 [02:17\u003c02:25, 44.56clip/s]\r[features] train_uniform:  45%|████▌     | 5315/11808 [02:17\u003c02:27, 44.07clip/s]\n"}
,{"stream_name":"stderr","time":221.373478938,"data":"\r[features] train_uniform:  45%|████▌     | 5315/11808 [02:17\u003c02:27, 44.07clip/s]\r[features] train_uniform:  45%|████▌     | 5320/11808 [02:17\u003c02:55, 36.96clip/s]\n"}
,{"stream_name":"stderr","time":221.490541047,"data":"\r[features] train_uniform:  45%|████▌     | 5320/11808 [02:17\u003c02:55, 36.96clip/s]\r[features] train_uniform:  45%|████▌     | 5325/11808 [02:18\u003c02:48, 38.50clip/s]\n"}
,{"stream_name":"stderr","time":221.646850357,"data":"\r[features] train_uniform:  45%|████▌     | 5325/11808 [02:18\u003c02:48, 38.50clip/s]\r[features] train_uniform:  45%|████▌     | 5330/11808 [02:18\u003c02:58, 36.36clip/s]\n"}
,{"stream_name":"stderr","time":221.759932753,"data":"\r[features] train_uniform:  45%|████▌     | 5330/11808 [02:18\u003c02:58, 36.36clip/s]\r[features] train_uniform:  45%|████▌     | 5336/11808 [02:18\u003c02:39, 40.68clip/s]\n"}
,{"stream_name":"stderr","time":221.866725816,"data":"\r[features] train_uniform:  45%|████▌     | 5336/11808 [02:18\u003c02:39, 40.68clip/s]\r[features] train_uniform:  45%|████▌     | 5341/11808 [02:18\u003c02:32, 42.27clip/s]\n"}
,{"stream_name":"stderr","time":221.969261796,"data":"\r[features] train_uniform:  45%|████▌     | 5341/11808 [02:18\u003c02:32, 42.27clip/s]\r[features] train_uniform:  45%|████▌     | 5346/11808 [02:18\u003c02:27, 43.89clip/s]\n"}
,{"stream_name":"stderr","time":222.089045102,"data":"\r[features] train_uniform:  45%|████▌     | 5346/11808 [02:18\u003c02:27, 43.89clip/s]\r[features] train_uniform:  45%|████▌     | 5351/11808 [02:18\u003c02:28, 43.35clip/s]\n"}
,{"stream_name":"stderr","time":222.197657316,"data":"\r[features] train_uniform:  45%|████▌     | 5351/11808 [02:18\u003c02:28, 43.35clip/s]\r[features] train_uniform:  45%|████▌     | 5356/11808 [02:18\u003c02:26, 44.07clip/s]\n"}
,{"stream_name":"stderr","time":222.301942754,"data":"\r[features] train_uniform:  45%|████▌     | 5356/11808 [02:18\u003c02:26, 44.07clip/s]\r[features] train_uniform:  45%|████▌     | 5361/11808 [02:18\u003c02:22, 45.15clip/s]\n"}
,{"stream_name":"stderr","time":222.419750153,"data":"\r[features] train_uniform:  45%|████▌     | 5361/11808 [02:18\u003c02:22, 45.15clip/s]\r[features] train_uniform:  45%|████▌     | 5366/11808 [02:18\u003c02:25, 44.31clip/s]\n"}
,{"stream_name":"stderr","time":222.5245215,"data":"\r[features] train_uniform:  45%|████▌     | 5366/11808 [02:18\u003c02:25, 44.31clip/s]\r[features] train_uniform:  45%|████▌     | 5371/11808 [02:19\u003c02:22, 45.23clip/s]\n"}
,{"stream_name":"stderr","time":222.624568658,"data":"\r[features] train_uniform:  45%|████▌     | 5371/11808 [02:19\u003c02:22, 45.23clip/s]\r[features] train_uniform:  46%|████▌     | 5376/11808 [02:19\u003c02:18, 46.53clip/s]\n"}
,{"stream_name":"stderr","time":222.729877513,"data":"\r[features] train_uniform:  46%|████▌     | 5376/11808 [02:19\u003c02:18, 46.53clip/s]\r[features] train_uniform:  46%|████▌     | 5381/11808 [02:19\u003c02:17, 46.78clip/s]\n"}
,{"stream_name":"stderr","time":223.018709096,"data":"\r[features] train_uniform:  46%|████▌     | 5381/11808 [02:19\u003c02:17, 46.78clip/s]\r[features] train_uniform:  46%|████▌     | 5386/11808 [02:19\u003c03:27, 31.00clip/s]\n"}
,{"stream_name":"stderr","time":223.121506465,"data":"\r[features] train_uniform:  46%|████▌     | 5386/11808 [02:19\u003c03:27, 31.00clip/s]\r[features] train_uniform:  46%|████▌     | 5391/11808 [02:19\u003c03:04, 34.86clip/s]\n"}
,{"stream_name":"stderr","time":223.240163826,"data":"\r[features] train_uniform:  46%|████▌     | 5391/11808 [02:19\u003c03:04, 34.86clip/s]\r[features] train_uniform:  46%|████▌     | 5397/11808 [02:19\u003c02:44, 38.89clip/s]\n"}
,{"stream_name":"stderr","time":223.346274873,"data":"\r[features] train_uniform:  46%|████▌     | 5397/11808 [02:19\u003c02:44, 38.89clip/s]\r[features] train_uniform:  46%|████▌     | 5402/11808 [02:19\u003c02:36, 40.95clip/s]\n"}
,{"stream_name":"stderr","time":223.461299262,"data":"\r[features] train_uniform:  46%|████▌     | 5402/11808 [02:19\u003c02:36, 40.95clip/s]\r[features] train_uniform:  46%|████▌     | 5407/11808 [02:20\u003c02:33, 41.66clip/s]\n"}
,{"stream_name":"stderr","time":223.578196716,"data":"\r[features] train_uniform:  46%|████▌     | 5407/11808 [02:20\u003c02:33, 41.66clip/s]\r[features] train_uniform:  46%|████▌     | 5412/11808 [02:20\u003c02:32, 41.98clip/s]\n"}
,{"stream_name":"stderr","time":223.694927619,"data":"\r[features] train_uniform:  46%|████▌     | 5412/11808 [02:20\u003c02:32, 41.98clip/s]\r[features] train_uniform:  46%|████▌     | 5417/11808 [02:20\u003c02:31, 42.18clip/s]\n"}
,{"stream_name":"stderr","time":223.810934492,"data":"\r[features] train_uniform:  46%|████▌     | 5417/11808 [02:20\u003c02:31, 42.18clip/s]\r[features] train_uniform:  46%|████▌     | 5422/11808 [02:20\u003c02:30, 42.50clip/s]\n"}
,{"stream_name":"stderr","time":223.970748265,"data":"\r[features] train_uniform:  46%|████▌     | 5422/11808 [02:20\u003c02:30, 42.50clip/s]\r[features] train_uniform:  46%|████▌     | 5427/11808 [02:20\u003c02:45, 38.58clip/s]\n"}
,{"stream_name":"stderr","time":224.145647325,"data":"\r[features] train_uniform:  46%|████▌     | 5427/11808 [02:20\u003c02:45, 38.58clip/s]\r[features] train_uniform:  46%|████▌     | 5431/11808 [02:20\u003c03:15, 32.69clip/s]\n"}
,{"stream_name":"stderr","time":224.248750565,"data":"\r[features] train_uniform:  46%|████▌     | 5431/11808 [02:20\u003c03:15, 32.69clip/s]\r[features] train_uniform:  46%|████▌     | 5436/11808 [02:20\u003c02:54, 36.42clip/s]\n"}
,{"stream_name":"stderr","time":224.357703766,"data":"\r[features] train_uniform:  46%|████▌     | 5436/11808 [02:20\u003c02:54, 36.42clip/s]\r[features] train_uniform:  46%|████▌     | 5441/11808 [02:20\u003c02:43, 38.90clip/s]\n"}
,{"stream_name":"stderr","time":224.458140699,"data":"\r[features] train_uniform:  46%|████▌     | 5441/11808 [02:20\u003c02:43, 38.90clip/s]\r[features] train_uniform:  46%|████▌     | 5446/11808 [02:20\u003c02:32, 41.68clip/s]\n"}
,{"stream_name":"stderr","time":224.558663844,"data":"\r[features] train_uniform:  46%|████▌     | 5446/11808 [02:20\u003c02:32, 41.68clip/s]\r[features] train_uniform:  46%|████▌     | 5451/11808 [02:21\u003c02:25, 43.77clip/s]\n"}
,{"stream_name":"stderr","time":224.665903964,"data":"\r[features] train_uniform:  46%|████▌     | 5451/11808 [02:21\u003c02:25, 43.77clip/s]\r[features] train_uniform:  46%|████▌     | 5456/11808 [02:21\u003c02:21, 44.83clip/s]\n"}
,{"stream_name":"stderr","time":224.770346958,"data":"\r[features] train_uniform:  46%|████▌     | 5456/11808 [02:21\u003c02:21, 44.83clip/s]\r[features] train_uniform:  46%|████▌     | 5461/11808 [02:21\u003c02:19, 45.54clip/s]\n"}
,{"stream_name":"stderr","time":224.872635531,"data":"\r[features] train_uniform:  46%|████▌     | 5461/11808 [02:21\u003c02:19, 45.54clip/s]\r[features] train_uniform:  46%|████▋     | 5466/11808 [02:21\u003c02:16, 46.46clip/s]\n"}
,{"stream_name":"stderr","time":224.979910987,"data":"\r[features] train_uniform:  46%|████▋     | 5466/11808 [02:21\u003c02:16, 46.46clip/s]\r[features] train_uniform:  46%|████▋     | 5471/11808 [02:21\u003c02:16, 46.50clip/s]\n"}
,{"stream_name":"stderr","time":225.08347058,"data":"\r[features] train_uniform:  46%|████▋     | 5471/11808 [02:21\u003c02:16, 46.50clip/s]\r[features] train_uniform:  46%|████▋     | 5476/11808 [02:21\u003c02:14, 47.03clip/s]\n"}
,{"stream_name":"stderr","time":225.196990294,"data":"\r[features] train_uniform:  46%|████▋     | 5476/11808 [02:21\u003c02:14, 47.03clip/s]\r[features] train_uniform:  46%|████▋     | 5481/11808 [02:21\u003c02:17, 46.13clip/s]\n"}
,{"stream_name":"stderr","time":225.309449222,"data":"\r[features] train_uniform:  46%|████▋     | 5481/11808 [02:21\u003c02:17, 46.13clip/s]\r[features] train_uniform:  46%|████▋     | 5486/11808 [02:21\u003c02:18, 45.59clip/s]\n"}
,{"stream_name":"stderr","time":225.417757108,"data":"\r[features] train_uniform:  46%|████▋     | 5486/11808 [02:21\u003c02:18, 45.59clip/s]\r[features] train_uniform:  47%|████▋     | 5491/11808 [02:21\u003c02:17, 45.78clip/s]\n"}
,{"stream_name":"stderr","time":225.523631137,"data":"\r[features] train_uniform:  47%|████▋     | 5491/11808 [02:21\u003c02:17, 45.78clip/s]\r[features] train_uniform:  47%|████▋     | 5496/11808 [02:22\u003c02:16, 46.22clip/s]\n"}
,{"stream_name":"stderr","time":225.641796235,"data":"\r[features] train_uniform:  47%|████▋     | 5496/11808 [02:22\u003c02:16, 46.22clip/s]\r[features] train_uniform:  47%|████▋     | 5502/11808 [02:22\u003c02:12, 47.65clip/s]\n"}
,{"stream_name":"stderr","time":225.746619083,"data":"\r[features] train_uniform:  47%|████▋     | 5502/11808 [02:22\u003c02:12, 47.65clip/s]\r[features] train_uniform:  47%|████▋     | 5507/11808 [02:22\u003c02:11, 47.75clip/s]\n"}
,{"stream_name":"stderr","time":225.857858185,"data":"\r[features] train_uniform:  47%|████▋     | 5507/11808 [02:22\u003c02:11, 47.75clip/s]\r[features] train_uniform:  47%|████▋     | 5513/11808 [02:22\u003c02:07, 49.52clip/s]\n"}
,{"stream_name":"stderr","time":225.973677501,"data":"\r[features] train_uniform:  47%|████▋     | 5513/11808 [02:22\u003c02:07, 49.52clip/s]\r[features] train_uniform:  47%|████▋     | 5518/11808 [02:22\u003c02:12, 47.55clip/s]\n"}
,{"stream_name":"stderr","time":226.077383555,"data":"\r[features] train_uniform:  47%|████▋     | 5518/11808 [02:22\u003c02:12, 47.55clip/s]\r[features] train_uniform:  47%|████▋     | 5523/11808 [02:22\u003c02:11, 47.81clip/s]\n"}
,{"stream_name":"stderr","time":226.179982032,"data":"\r[features] train_uniform:  47%|████▋     | 5523/11808 [02:22\u003c02:11, 47.81clip/s]\r[features] train_uniform:  47%|████▋     | 5528/11808 [02:22\u003c02:10, 48.06clip/s]\n"}
,{"stream_name":"stderr","time":226.331226631,"data":"\r[features] train_uniform:  47%|████▋     | 5528/11808 [02:22\u003c02:10, 48.06clip/s]\r[features] train_uniform:  47%|████▋     | 5533/11808 [02:22\u003c02:28, 42.39clip/s]\n"}
,{"stream_name":"stderr","time":226.432555338,"data":"\r[features] train_uniform:  47%|████▋     | 5533/11808 [02:22\u003c02:28, 42.39clip/s]\r[features] train_uniform:  47%|████▋     | 5538/11808 [02:22\u003c02:21, 44.25clip/s]\n"}
,{"stream_name":"stderr","time":226.540628818,"data":"\r[features] train_uniform:  47%|████▋     | 5538/11808 [02:22\u003c02:21, 44.25clip/s]\r[features] train_uniform:  47%|████▋     | 5543/11808 [02:23\u003c02:19, 44.88clip/s]\n"}
,{"stream_name":"stderr","time":226.648568636,"data":"\r[features] train_uniform:  47%|████▋     | 5543/11808 [02:23\u003c02:19, 44.88clip/s]\r[features] train_uniform:  47%|████▋     | 5548/11808 [02:23\u003c02:18, 45.22clip/s]\n"}
,{"stream_name":"stderr","time":226.774976244,"data":"\r[features] train_uniform:  47%|████▋     | 5548/11808 [02:23\u003c02:18, 45.22clip/s]\r[features] train_uniform:  47%|████▋     | 5553/11808 [02:23\u003c02:24, 43.43clip/s]\n"}
,{"stream_name":"stderr","time":226.887251546,"data":"\r[features] train_uniform:  47%|████▋     | 5553/11808 [02:23\u003c02:24, 43.43clip/s]\r[features] train_uniform:  47%|████▋     | 5559/11808 [02:23\u003c02:15, 46.26clip/s]\n"}
,{"stream_name":"stderr","time":227.000243781,"data":"\r[features] train_uniform:  47%|████▋     | 5559/11808 [02:23\u003c02:15, 46.26clip/s]\r[features] train_uniform:  47%|████▋     | 5565/11808 [02:23\u003c02:09, 48.32clip/s]\n"}
,{"stream_name":"stderr","time":227.102423293,"data":"\r[features] train_uniform:  47%|████▋     | 5565/11808 [02:23\u003c02:09, 48.32clip/s]\r[features] train_uniform:  47%|████▋     | 5570/11808 [02:23\u003c02:07, 48.74clip/s]\n"}
,{"stream_name":"stderr","time":227.204785578,"data":"\r[features] train_uniform:  47%|████▋     | 5570/11808 [02:23\u003c02:07, 48.74clip/s]\r[features] train_uniform:  47%|████▋     | 5575/11808 [02:23\u003c02:08, 48.47clip/s]\n"}
,{"stream_name":"stderr","time":227.310229054,"data":"\r[features] train_uniform:  47%|████▋     | 5575/11808 [02:23\u003c02:08, 48.47clip/s]\r[features] train_uniform:  47%|████▋     | 5580/11808 [02:23\u003c02:09, 48.14clip/s]\n"}
,{"stream_name":"stderr","time":227.41739869,"data":"\r[features] train_uniform:  47%|████▋     | 5580/11808 [02:23\u003c02:09, 48.14clip/s]\r[features] train_uniform:  47%|████▋     | 5585/11808 [02:23\u003c02:10, 47.71clip/s]\n"}
,{"stream_name":"stderr","time":227.518710911,"data":"\r[features] train_uniform:  47%|████▋     | 5585/11808 [02:23\u003c02:10, 47.71clip/s]\r[features] train_uniform:  47%|████▋     | 5590/11808 [02:24\u003c02:08, 48.27clip/s]\n"}
,{"stream_name":"stderr","time":227.634819542,"data":"\r[features] train_uniform:  47%|████▋     | 5590/11808 [02:24\u003c02:08, 48.27clip/s]\r[features] train_uniform:  47%|████▋     | 5596/11808 [02:24\u003c02:05, 49.36clip/s]\n"}
,{"stream_name":"stderr","time":227.836175067,"data":"\r[features] train_uniform:  47%|████▋     | 5596/11808 [02:24\u003c02:05, 49.36clip/s]\r[features] train_uniform:  47%|████▋     | 5601/11808 [02:24\u003c02:41, 38.47clip/s]\n"}
,{"stream_name":"stderr","time":228.035561614,"data":"\r[features] train_uniform:  47%|████▋     | 5601/11808 [02:24\u003c02:41, 38.47clip/s]\r[features] train_uniform:  47%|████▋     | 5606/11808 [02:24\u003c03:06, 33.31clip/s]\n"}
,{"stream_name":"stderr","time":228.147381413,"data":"\r[features] train_uniform:  47%|████▋     | 5606/11808 [02:24\u003c03:06, 33.31clip/s]\r[features] train_uniform:  48%|████▊     | 5611/11808 [02:24\u003c02:52, 36.02clip/s]\n"}
,{"stream_name":"stderr","time":228.305049051,"data":"\r[features] train_uniform:  48%|████▊     | 5611/11808 [02:24\u003c02:52, 36.02clip/s]\r[features] train_uniform:  48%|████▊     | 5616/11808 [02:24\u003c02:58, 34.65clip/s]\n"}
,{"stream_name":"stderr","time":228.444393676,"data":"\r[features] train_uniform:  48%|████▊     | 5616/11808 [02:24\u003c02:58, 34.65clip/s]\r[features] train_uniform:  48%|████▊     | 5620/11808 [02:24\u003c03:07, 32.92clip/s]\n"}
,{"stream_name":"stderr","time":228.557684526,"data":"\r[features] train_uniform:  48%|████▊     | 5620/11808 [02:24\u003c03:07, 32.92clip/s]\r[features] train_uniform:  48%|████▊     | 5625/11808 [02:25\u003c02:52, 35.83clip/s]\n"}
,{"stream_name":"stderr","time":228.675383393,"data":"\r[features] train_uniform:  48%|████▊     | 5625/11808 [02:25\u003c02:52, 35.83clip/s]\r[features] train_uniform:  48%|████▊     | 5630/11808 [02:25\u003c02:44, 37.55clip/s]\n"}
,{"stream_name":"stderr","time":228.786786588,"data":"\r[features] train_uniform:  48%|████▊     | 5630/11808 [02:25\u003c02:44, 37.55clip/s]\r[features] train_uniform:  48%|████▊     | 5635/11808 [02:25\u003c02:36, 39.52clip/s]\n"}
,{"stream_name":"stderr","time":228.893378079,"data":"\r[features] train_uniform:  48%|████▊     | 5635/11808 [02:25\u003c02:36, 39.52clip/s]\r[features] train_uniform:  48%|████▊     | 5640/11808 [02:25\u003c02:28, 41.51clip/s]\n"}
,{"stream_name":"stderr","time":229.003030075,"data":"\r[features] train_uniform:  48%|████▊     | 5640/11808 [02:25\u003c02:28, 41.51clip/s]\r[features] train_uniform:  48%|████▊     | 5645/11808 [02:25\u003c02:24, 42.67clip/s]\n"}
,{"stream_name":"stderr","time":229.111071337,"data":"\r[features] train_uniform:  48%|████▊     | 5645/11808 [02:25\u003c02:24, 42.67clip/s]\r[features] train_uniform:  48%|████▊     | 5650/11808 [02:25\u003c02:20, 43.71clip/s]\n"}
,{"stream_name":"stderr","time":229.223439938,"data":"\r[features] train_uniform:  48%|████▊     | 5650/11808 [02:25\u003c02:20, 43.71clip/s]\r[features] train_uniform:  48%|████▊     | 5655/11808 [02:25\u003c02:20, 43.86clip/s]\n"}
,{"stream_name":"stderr","time":229.330642625,"data":"\r[features] train_uniform:  48%|████▊     | 5655/11808 [02:25\u003c02:20, 43.86clip/s]\r[features] train_uniform:  48%|████▊     | 5660/11808 [02:25\u003c02:17, 44.69clip/s]\n"}
,{"stream_name":"stderr","time":229.450529601,"data":"\r[features] train_uniform:  48%|████▊     | 5660/11808 [02:25\u003c02:17, 44.69clip/s]\r[features] train_uniform:  48%|████▊     | 5665/11808 [02:25\u003c02:20, 43.76clip/s]\n"}
,{"stream_name":"stderr","time":229.571726278,"data":"\r[features] train_uniform:  48%|████▊     | 5665/11808 [02:25\u003c02:20, 43.76clip/s]\r[features] train_uniform:  48%|████▊     | 5670/11808 [02:26\u003c02:22, 42.95clip/s]\n"}
,{"stream_name":"stderr","time":229.690186901,"data":"\r[features] train_uniform:  48%|████▊     | 5670/11808 [02:26\u003c02:22, 42.95clip/s]\r[features] train_uniform:  48%|████▊     | 5676/11808 [02:26\u003c02:15, 45.35clip/s]\n"}
,{"stream_name":"stderr","time":229.799650932,"data":"\r[features] train_uniform:  48%|████▊     | 5676/11808 [02:26\u003c02:15, 45.35clip/s]\r[features] train_uniform:  48%|████▊     | 5681/11808 [02:26\u003c02:14, 45.71clip/s]\n"}
,{"stream_name":"stderr","time":229.915699403,"data":"\r[features] train_uniform:  48%|████▊     | 5681/11808 [02:26\u003c02:14, 45.71clip/s]\r[features] train_uniform:  48%|████▊     | 5686/11808 [02:26\u003c02:17, 44.67clip/s]\n"}
,{"stream_name":"stderr","time":230.05540397,"data":"\r[features] train_uniform:  48%|████▊     | 5686/11808 [02:26\u003c02:17, 44.67clip/s]\r[features] train_uniform:  48%|████▊     | 5691/11808 [02:26\u003c02:26, 41.62clip/s]\n"}
,{"stream_name":"stderr","time":230.160523998,"data":"\r[features] train_uniform:  48%|████▊     | 5691/11808 [02:26\u003c02:26, 41.62clip/s]\r[features] train_uniform:  48%|████▊     | 5696/11808 [02:26\u003c02:21, 43.12clip/s]\n"}
,{"stream_name":"stderr","time":230.279366688,"data":"\r[features] train_uniform:  48%|████▊     | 5696/11808 [02:26\u003c02:21, 43.12clip/s]\r[features] train_uniform:  48%|████▊     | 5702/11808 [02:26\u003c02:14, 45.35clip/s]\n"}
,{"stream_name":"stderr","time":230.393403447,"data":"\r[features] train_uniform:  48%|████▊     | 5702/11808 [02:26\u003c02:14, 45.35clip/s]\r[features] train_uniform:  48%|████▊     | 5707/11808 [02:26\u003c02:15, 44.94clip/s]\n"}
,{"stream_name":"stderr","time":230.511217102,"data":"\r[features] train_uniform:  48%|████▊     | 5707/11808 [02:26\u003c02:15, 44.94clip/s]\r[features] train_uniform:  48%|████▊     | 5712/11808 [02:27\u003c02:17, 44.18clip/s]\n"}
,{"stream_name":"stderr","time":230.615488973,"data":"\r[features] train_uniform:  48%|████▊     | 5712/11808 [02:27\u003c02:17, 44.18clip/s]\r[features] train_uniform:  48%|████▊     | 5717/11808 [02:27\u003c02:14, 45.24clip/s]\n"}
,{"stream_name":"stderr","time":230.746481725,"data":"\r[features] train_uniform:  48%|████▊     | 5717/11808 [02:27\u003c02:14, 45.24clip/s]\r[features] train_uniform:  48%|████▊     | 5722/11808 [02:27\u003c02:21, 42.97clip/s]\n"}
,{"stream_name":"stderr","time":230.858380149,"data":"\r[features] train_uniform:  48%|████▊     | 5722/11808 [02:27\u003c02:21, 42.97clip/s]\r[features] train_uniform:  49%|████▊     | 5727/11808 [02:27\u003c02:20, 43.37clip/s]\n"}
,{"stream_name":"stderr","time":230.983367662,"data":"\r[features] train_uniform:  49%|████▊     | 5727/11808 [02:27\u003c02:20, 43.37clip/s]\r[features] train_uniform:  49%|████▊     | 5732/11808 [02:27\u003c02:23, 42.30clip/s]\n"}
,{"stream_name":"stderr","time":231.087432042,"data":"\r[features] train_uniform:  49%|████▊     | 5732/11808 [02:27\u003c02:23, 42.30clip/s]\r[features] train_uniform:  49%|████▊     | 5737/11808 [02:27\u003c02:18, 43.87clip/s]\n"}
,{"stream_name":"stderr","time":231.232093904,"data":"\r[features] train_uniform:  49%|████▊     | 5737/11808 [02:27\u003c02:18, 43.87clip/s]\r[features] train_uniform:  49%|████▊     | 5742/11808 [02:27\u003c02:28, 40.90clip/s]\n"}
,{"stream_name":"stderr","time":231.359559606,"data":"\r[features] train_uniform:  49%|████▊     | 5742/11808 [02:27\u003c02:28, 40.90clip/s]\r[features] train_uniform:  49%|████▊     | 5747/11808 [02:27\u003c02:30, 40.27clip/s]\n"}
,{"stream_name":"stderr","time":231.463846452,"data":"\r[features] train_uniform:  49%|████▊     | 5747/11808 [02:27\u003c02:30, 40.27clip/s]\r[features] train_uniform:  49%|████▊     | 5752/11808 [02:28\u003c02:23, 42.13clip/s]\n"}
,{"stream_name":"stderr","time":231.591043369,"data":"\r[features] train_uniform:  49%|████▊     | 5752/11808 [02:28\u003c02:23, 42.13clip/s]\r[features] train_uniform:  49%|████▉     | 5757/11808 [02:28\u003c02:26, 41.23clip/s]\n"}
,{"stream_name":"stderr","time":231.700865369,"data":"\r[features] train_uniform:  49%|████▉     | 5757/11808 [02:28\u003c02:26, 41.23clip/s]\r[features] train_uniform:  49%|████▉     | 5762/11808 [02:28\u003c02:22, 42.41clip/s]\n"}
,{"stream_name":"stderr","time":231.847264429,"data":"\r[features] train_uniform:  49%|████▉     | 5762/11808 [02:28\u003c02:22, 42.41clip/s]\r[features] train_uniform:  49%|████▉     | 5767/11808 [02:28\u003c02:32, 39.62clip/s]\n"}
,{"stream_name":"stderr","time":231.962147612,"data":"\r[features] train_uniform:  49%|████▉     | 5767/11808 [02:28\u003c02:32, 39.62clip/s]\r[features] train_uniform:  49%|████▉     | 5773/11808 [02:28\u003c02:20, 43.03clip/s]\n"}
,{"stream_name":"stderr","time":232.063592912,"data":"\r[features] train_uniform:  49%|████▉     | 5773/11808 [02:28\u003c02:20, 43.03clip/s]\r[features] train_uniform:  49%|████▉     | 5778/11808 [02:28\u003c02:15, 44.66clip/s]\n"}
,{"stream_name":"stderr","time":232.178240327,"data":"\r[features] train_uniform:  49%|████▉     | 5778/11808 [02:28\u003c02:15, 44.66clip/s]\r[features] train_uniform:  49%|████▉     | 5784/11808 [02:28\u003c02:08, 46.91clip/s]\n"}
,{"stream_name":"stderr","time":232.280073278,"data":"\r[features] train_uniform:  49%|████▉     | 5784/11808 [02:28\u003c02:08, 46.91clip/s]\r[features] train_uniform:  49%|████▉     | 5789/11808 [02:28\u003c02:06, 47.52clip/s]\n"}
,{"stream_name":"stderr","time":232.394945292,"data":"\r[features] train_uniform:  49%|████▉     | 5789/11808 [02:28\u003c02:06, 47.52clip/s]\r[features] train_uniform:  49%|████▉     | 5794/11808 [02:28\u003c02:09, 46.35clip/s]\n"}
,{"stream_name":"stderr","time":232.51295617,"data":"\r[features] train_uniform:  49%|████▉     | 5794/11808 [02:28\u003c02:09, 46.35clip/s]\r[features] train_uniform:  49%|████▉     | 5799/11808 [02:29\u003c02:13, 45.12clip/s]\n"}
,{"stream_name":"stderr","time":232.666024199,"data":"\r[features] train_uniform:  49%|████▉     | 5799/11808 [02:29\u003c02:13, 45.12clip/s]\r[features] train_uniform:  49%|████▉     | 5804/11808 [02:29\u003c02:27, 40.57clip/s]\n"}
,{"stream_name":"stderr","time":232.771205055,"data":"\r[features] train_uniform:  49%|████▉     | 5804/11808 [02:29\u003c02:27, 40.57clip/s]\r[features] train_uniform:  49%|████▉     | 5809/11808 [02:29\u003c02:21, 42.43clip/s]\n"}
,{"stream_name":"stderr","time":232.874247408,"data":"\r[features] train_uniform:  49%|████▉     | 5809/11808 [02:29\u003c02:21, 42.43clip/s]\r[features] train_uniform:  49%|████▉     | 5814/11808 [02:29\u003c02:16, 44.04clip/s]\n"}
,{"stream_name":"stderr","time":233.033183029,"data":"\r[features] train_uniform:  49%|████▉     | 5814/11808 [02:29\u003c02:16, 44.04clip/s]\r[features] train_uniform:  49%|████▉     | 5819/11808 [02:29\u003c02:32, 39.36clip/s]\n"}
,{"stream_name":"stderr","time":233.150768181,"data":"\r[features] train_uniform:  49%|████▉     | 5819/11808 [02:29\u003c02:32, 39.36clip/s]\r[features] train_uniform:  49%|████▉     | 5825/11808 [02:29\u003c02:20, 42.71clip/s]\n"}
,{"stream_name":"stderr","time":233.258354727,"data":"\r[features] train_uniform:  49%|████▉     | 5825/11808 [02:29\u003c02:20, 42.71clip/s]\r[features] train_uniform:  49%|████▉     | 5830/11808 [02:29\u003c02:16, 43.67clip/s]\n"}
,{"stream_name":"stderr","time":233.382064123,"data":"\r[features] train_uniform:  49%|████▉     | 5830/11808 [02:29\u003c02:16, 43.67clip/s]\r[features] train_uniform:  49%|████▉     | 5835/11808 [02:29\u003c02:19, 42.71clip/s]\n"}
,{"stream_name":"stderr","time":233.489368442,"data":"\r[features] train_uniform:  49%|████▉     | 5835/11808 [02:29\u003c02:19, 42.71clip/s]\r[features] train_uniform:  49%|████▉     | 5840/11808 [02:30\u003c02:16, 43.77clip/s]\n"}
,{"stream_name":"stderr","time":233.596514455,"data":"\r[features] train_uniform:  49%|████▉     | 5840/11808 [02:30\u003c02:16, 43.77clip/s]\r[features] train_uniform:  50%|████▉     | 5845/11808 [02:30\u003c02:13, 44.58clip/s]\n"}
,{"stream_name":"stderr","time":233.711913599,"data":"\r[features] train_uniform:  50%|████▉     | 5845/11808 [02:30\u003c02:13, 44.58clip/s]\r[features] train_uniform:  50%|████▉     | 5851/11808 [02:30\u003c02:07, 46.78clip/s]\n"}
,{"stream_name":"stderr","time":233.945756489,"data":"\r[features] train_uniform:  50%|████▉     | 5851/11808 [02:30\u003c02:07, 46.78clip/s]\r[features] train_uniform:  50%|████▉     | 5856/11808 [02:30\u003c02:08, 46.42clip/s]\n"}
,{"stream_name":"stderr","time":233.970175587,"data":"\r[features] train_uniform:  50%|████▉     | 5856/11808 [02:30\u003c02:08, 46.42clip/s]\r[features] train_uniform:  50%|████▉     | 5861/11808 [02:30\u003c02:22, 41.82clip/s]\n"}
,{"stream_name":"stderr","time":234.095239007,"data":"\r[features] train_uniform:  50%|████▉     | 5861/11808 [02:30\u003c02:22, 41.82clip/s]\r[features] train_uniform:  50%|████▉     | 5866/11808 [02:30\u003c02:23, 41.30clip/s]\n"}
,{"stream_name":"stderr","time":234.202386636,"data":"\r[features] train_uniform:  50%|████▉     | 5866/11808 [02:30\u003c02:23, 41.30clip/s]\r[features] train_uniform:  50%|████▉     | 5871/11808 [02:30\u003c02:18, 42.77clip/s]\n"}
,{"stream_name":"stderr","time":234.308256298,"data":"\r[features] train_uniform:  50%|████▉     | 5871/11808 [02:30\u003c02:18, 42.77clip/s]\r[features] train_uniform:  50%|████▉     | 5876/11808 [02:30\u003c02:14, 44.02clip/s]\n"}
,{"stream_name":"stderr","time":234.421679978,"data":"\r[features] train_uniform:  50%|████▉     | 5876/11808 [02:30\u003c02:14, 44.02clip/s]\r[features] train_uniform:  50%|████▉     | 5882/11808 [02:30\u003c02:06, 46.70clip/s]\n"}
,{"stream_name":"stderr","time":234.547713378,"data":"\r[features] train_uniform:  50%|████▉     | 5882/11808 [02:30\u003c02:06, 46.70clip/s]\r[features] train_uniform:  50%|████▉     | 5887/11808 [02:31\u003c02:13, 44.33clip/s]\n"}
,{"stream_name":"stderr","time":234.676472025,"data":"\r[features] train_uniform:  50%|████▉     | 5887/11808 [02:31\u003c02:13, 44.33clip/s]\r[features] train_uniform:  50%|████▉     | 5893/11808 [02:31\u003c02:11, 45.03clip/s]\n"}
,{"stream_name":"stderr","time":234.786724615,"data":"\r[features] train_uniform:  50%|████▉     | 5893/11808 [02:31\u003c02:11, 45.03clip/s]\r[features] train_uniform:  50%|████▉     | 5898/11808 [02:31\u003c02:10, 45.16clip/s]\n"}
,{"stream_name":"stderr","time":234.9166652,"data":"\r[features] train_uniform:  50%|████▉     | 5898/11808 [02:31\u003c02:10, 45.16clip/s]\r[features] train_uniform:  50%|████▉     | 5903/11808 [02:31\u003c02:17, 43.08clip/s]\n"}
,{"stream_name":"stderr","time":235.040942925,"data":"\r[features] train_uniform:  50%|████▉     | 5903/11808 [02:31\u003c02:17, 43.08clip/s]\r[features] train_uniform:  50%|█████     | 5908/11808 [02:31\u003c02:20, 42.14clip/s]\n"}
,{"stream_name":"stderr","time":235.148459777,"data":"\r[features] train_uniform:  50%|█████     | 5908/11808 [02:31\u003c02:20, 42.14clip/s]\r[features] train_uniform:  50%|█████     | 5913/11808 [02:31\u003c02:15, 43.35clip/s]\n"}
,{"stream_name":"stderr","time":235.265728343,"data":"\r[features] train_uniform:  50%|█████     | 5913/11808 [02:31\u003c02:15, 43.35clip/s]\r[features] train_uniform:  50%|█████     | 5918/11808 [02:31\u003c02:16, 43.18clip/s]\n"}
,{"stream_name":"stderr","time":235.372903762,"data":"\r[features] train_uniform:  50%|█████     | 5918/11808 [02:31\u003c02:16, 43.18clip/s]\r[features] train_uniform:  50%|█████     | 5923/11808 [02:31\u003c02:13, 44.11clip/s]\n"}
,{"stream_name":"stderr","time":235.495598663,"data":"\r[features] train_uniform:  50%|█████     | 5923/11808 [02:31\u003c02:13, 44.11clip/s]\r[features] train_uniform:  50%|█████     | 5928/11808 [02:32\u003c02:16, 43.12clip/s]\n"}
,{"stream_name":"stderr","time":235.600114498,"data":"\r[features] train_uniform:  50%|█████     | 5928/11808 [02:32\u003c02:16, 43.12clip/s]\r[features] train_uniform:  50%|█████     | 5933/11808 [02:32\u003c02:12, 44.40clip/s]\n"}
,{"stream_name":"stderr","time":235.721566424,"data":"\r[features] train_uniform:  50%|█████     | 5933/11808 [02:32\u003c02:12, 44.40clip/s]\r[features] train_uniform:  50%|█████     | 5938/11808 [02:32\u003c02:15, 43.33clip/s]\n"}
,{"stream_name":"stderr","time":235.839102861,"data":"\r[features] train_uniform:  50%|█████     | 5938/11808 [02:32\u003c02:15, 43.33clip/s]\r[features] train_uniform:  50%|█████     | 5944/11808 [02:32\u003c02:08, 45.70clip/s]\n"}
,{"stream_name":"stderr","time":235.954563173,"data":"\r[features] train_uniform:  50%|█████     | 5944/11808 [02:32\u003c02:08, 45.70clip/s]\r[features] train_uniform:  50%|█████     | 5950/11808 [02:32\u003c02:03, 47.61clip/s]\n"}
,{"stream_name":"stderr","time":236.070993378,"data":"\r[features] train_uniform:  50%|█████     | 5950/11808 [02:32\u003c02:03, 47.61clip/s]\r[features] train_uniform:  50%|█████     | 5956/11808 [02:32\u003c01:59, 48.77clip/s]\n"}
,{"stream_name":"stderr","time":236.191526648,"data":"\r[features] train_uniform:  50%|█████     | 5956/11808 [02:32\u003c01:59, 48.77clip/s]\r[features] train_uniform:  50%|█████     | 5961/11808 [02:32\u003c02:05, 46.65clip/s]\n"}
,{"stream_name":"stderr","time":236.309215761,"data":"\r[features] train_uniform:  50%|█████     | 5961/11808 [02:32\u003c02:05, 46.65clip/s]\r[features] train_uniform:  51%|█████     | 5967/11808 [02:32\u003c02:02, 47.86clip/s]\n"}
,{"stream_name":"stderr","time":236.470868222,"data":"\r[features] train_uniform:  51%|█████     | 5967/11808 [02:32\u003c02:02, 47.86clip/s]\r[features] train_uniform:  51%|█████     | 5972/11808 [02:33\u003c02:20, 41.54clip/s]\n"}
,{"stream_name":"stderr","time":236.589944096,"data":"\r[features] train_uniform:  51%|█████     | 5972/11808 [02:33\u003c02:20, 41.54clip/s]\r[features] train_uniform:  51%|█████     | 5977/11808 [02:33\u003c02:19, 41.66clip/s]\n"}
,{"stream_name":"stderr","time":236.69663202,"data":"\r[features] train_uniform:  51%|█████     | 5977/11808 [02:33\u003c02:19, 41.66clip/s]\r[features] train_uniform:  51%|█████     | 5982/11808 [02:33\u003c02:15, 43.12clip/s]\n"}
,{"stream_name":"stderr","time":236.828013521,"data":"\r[features] train_uniform:  51%|█████     | 5982/11808 [02:33\u003c02:15, 43.12clip/s]\r[features] train_uniform:  51%|█████     | 5987/11808 [02:33\u003c02:20, 41.47clip/s]\n"}
,{"stream_name":"stderr","time":236.971724117,"data":"\r[features] train_uniform:  51%|█████     | 5987/11808 [02:33\u003c02:20, 41.47clip/s]\r[features] train_uniform:  51%|█████     | 5992/11808 [02:33\u003c02:28, 39.26clip/s]\n"}
,{"stream_name":"stderr","time":237.085861132,"data":"\r[features] train_uniform:  51%|█████     | 5992/11808 [02:33\u003c02:28, 39.26clip/s]\r[features] train_uniform:  51%|█████     | 5998/11808 [02:33\u003c02:15, 42.86clip/s]\n"}
,{"stream_name":"stderr","time":237.186260308,"data":"\r[features] train_uniform:  51%|█████     | 5998/11808 [02:33\u003c02:15, 42.86clip/s]\r[features] train_uniform:  51%|█████     | 6003/11808 [02:33\u003c02:10, 44.63clip/s]\n"}
,{"stream_name":"stderr","time":237.294067934,"data":"\r[features] train_uniform:  51%|█████     | 6003/11808 [02:33\u003c02:10, 44.63clip/s]\r[features] train_uniform:  51%|█████     | 6008/11808 [02:33\u003c02:08, 45.07clip/s]\n"}
,{"stream_name":"stderr","time":237.413971279,"data":"\r[features] train_uniform:  51%|█████     | 6008/11808 [02:33\u003c02:08, 45.07clip/s]\r[features] train_uniform:  51%|█████     | 6014/11808 [02:33\u003c02:04, 46.59clip/s]\n"}
,{"stream_name":"stderr","time":237.522622532,"data":"\r[features] train_uniform:  51%|█████     | 6014/11808 [02:33\u003c02:04, 46.59clip/s]\r[features] train_uniform:  51%|█████     | 6019/11808 [02:34\u003c02:04, 46.49clip/s]\n"}
,{"stream_name":"stderr","time":237.642529406,"data":"\r[features] train_uniform:  51%|█████     | 6019/11808 [02:34\u003c02:04, 46.49clip/s]\r[features] train_uniform:  51%|█████     | 6025/11808 [02:34\u003c02:01, 47.62clip/s]\n"}
,{"stream_name":"stderr","time":237.759475728,"data":"\r[features] train_uniform:  51%|█████     | 6025/11808 [02:34\u003c02:01, 47.62clip/s]\r[features] train_uniform:  51%|█████     | 6031/11808 [02:34\u003c01:58, 48.72clip/s]\n"}
,{"stream_name":"stderr","time":237.869876197,"data":"\r[features] train_uniform:  51%|█████     | 6031/11808 [02:34\u003c01:58, 48.72clip/s]\r[features] train_uniform:  51%|█████     | 6037/11808 [02:34\u003c01:54, 50.33clip/s]\n"}
,{"stream_name":"stderr","time":237.994727674,"data":"\r[features] train_uniform:  51%|█████     | 6037/11808 [02:34\u003c01:54, 50.33clip/s]\r[features] train_uniform:  51%|█████     | 6043/11808 [02:34\u003c01:56, 49.62clip/s]\n"}
,{"stream_name":"stderr","time":238.107109721,"data":"\r[features] train_uniform:  51%|█████     | 6043/11808 [02:34\u003c01:56, 49.62clip/s]\r[features] train_uniform:  51%|█████     | 6049/11808 [02:34\u003c01:53, 50.72clip/s]\n"}
,{"stream_name":"stderr","time":238.22928732,"data":"\r[features] train_uniform:  51%|█████     | 6049/11808 [02:34\u003c01:53, 50.72clip/s]\r[features] train_uniform:  51%|█████▏    | 6055/11808 [02:34\u003c01:54, 50.22clip/s]\n"}
,{"stream_name":"stderr","time":238.351818315,"data":"\r[features] train_uniform:  51%|█████▏    | 6055/11808 [02:34\u003c01:54, 50.22clip/s]\r[features] train_uniform:  51%|█████▏    | 6061/11808 [02:34\u003c01:55, 49.83clip/s]\n"}
,{"stream_name":"stderr","time":238.454489219,"data":"\r[features] train_uniform:  51%|█████▏    | 6061/11808 [02:34\u003c01:55, 49.83clip/s]\r[features] train_uniform:  51%|█████▏    | 6066/11808 [02:34\u003c01:55, 49.52clip/s]\n"}
,{"stream_name":"stderr","time":238.56865112,"data":"\r[features] train_uniform:  51%|█████▏    | 6066/11808 [02:34\u003c01:55, 49.52clip/s]\r[features] train_uniform:  51%|█████▏    | 6071/11808 [02:35\u003c01:59, 47.85clip/s]\n"}
,{"stream_name":"stderr","time":238.677455778,"data":"\r[features] train_uniform:  51%|█████▏    | 6071/11808 [02:35\u003c01:59, 47.85clip/s]\r[features] train_uniform:  51%|█████▏    | 6076/11808 [02:35\u003c02:01, 47.23clip/s]\n"}
,{"stream_name":"stderr","time":238.942149872,"data":"\r[features] train_uniform:  51%|█████▏    | 6076/11808 [02:35\u003c02:01, 47.23clip/s]\r[features] train_uniform:  51%|█████▏    | 6081/11808 [02:35\u003c02:53, 33.05clip/s]\n"}
,{"stream_name":"stderr","time":239.105623948,"data":"\r[features] train_uniform:  51%|█████▏    | 6081/11808 [02:35\u003c02:53, 33.05clip/s]\r[features] train_uniform:  52%|█████▏    | 6086/11808 [02:35\u003c02:57, 32.31clip/s]\n"}
,{"stream_name":"stderr","time":239.237531234,"data":"\r[features] train_uniform:  52%|█████▏    | 6086/11808 [02:35\u003c02:57, 32.31clip/s]\r[features] train_uniform:  52%|█████▏    | 6090/11808 [02:35\u003c03:00, 31.75clip/s]\n"}
,{"stream_name":"stderr","time":239.346107885,"data":"\r[features] train_uniform:  52%|█████▏    | 6090/11808 [02:35\u003c03:00, 31.75clip/s]\r[features] train_uniform:  52%|█████▏    | 6095/11808 [02:35\u003c02:42, 35.12clip/s]\n"}
,{"stream_name":"stderr","time":239.455043644,"data":"\r[features] train_uniform:  52%|█████▏    | 6095/11808 [02:35\u003c02:42, 35.12clip/s]\r[features] train_uniform:  52%|█████▏    | 6100/11808 [02:35\u003c02:30, 37.83clip/s]\n"}
,{"stream_name":"stderr","time":239.560763183,"data":"\r[features] train_uniform:  52%|█████▏    | 6100/11808 [02:35\u003c02:30, 37.83clip/s]\r[features] train_uniform:  52%|█████▏    | 6105/11808 [02:36\u003c02:21, 40.32clip/s]\n"}
,{"stream_name":"stderr","time":239.671459319,"data":"\r[features] train_uniform:  52%|█████▏    | 6105/11808 [02:36\u003c02:21, 40.32clip/s]\r[features] train_uniform:  52%|█████▏    | 6110/11808 [02:36\u003c02:16, 41.65clip/s]\n"}
,{"stream_name":"stderr","time":239.773359153,"data":"\r[features] train_uniform:  52%|█████▏    | 6110/11808 [02:36\u003c02:16, 41.65clip/s]\r[features] train_uniform:  52%|█████▏    | 6115/11808 [02:36\u003c02:10, 43.60clip/s]\n"}
,{"stream_name":"stderr","time":239.903383088,"data":"\r[features] train_uniform:  52%|█████▏    | 6115/11808 [02:36\u003c02:10, 43.60clip/s]\r[features] train_uniform:  52%|█████▏    | 6120/11808 [02:36\u003c02:15, 41.91clip/s]\n"}
,{"stream_name":"stderr","time":240.007828888,"data":"\r[features] train_uniform:  52%|█████▏    | 6120/11808 [02:36\u003c02:15, 41.91clip/s]\r[features] train_uniform:  52%|█████▏    | 6125/11808 [02:36\u003c02:10, 43.49clip/s]\n"}
,{"stream_name":"stderr","time":240.178749106,"data":"\r[features] train_uniform:  52%|█████▏    | 6125/11808 [02:36\u003c02:10, 43.49clip/s]\r[features] train_uniform:  52%|█████▏    | 6130/11808 [02:36\u003c02:29, 37.99clip/s]\n"}
,{"stream_name":"stderr","time":240.286745723,"data":"\r[features] train_uniform:  52%|█████▏    | 6130/11808 [02:36\u003c02:29, 37.99clip/s]\r[features] train_uniform:  52%|█████▏    | 6135/11808 [02:36\u003c02:21, 40.15clip/s]\n"}
,{"stream_name":"stderr","time":240.389931062,"data":"\r[features] train_uniform:  52%|█████▏    | 6135/11808 [02:36\u003c02:21, 40.15clip/s]\r[features] train_uniform:  52%|█████▏    | 6140/11808 [02:36\u003c02:13, 42.32clip/s]\n"}
,{"stream_name":"stderr","time":240.504385728,"data":"\r[features] train_uniform:  52%|█████▏    | 6140/11808 [02:36\u003c02:13, 42.32clip/s]\r[features] train_uniform:  52%|█████▏    | 6146/11808 [02:37\u003c02:04, 45.34clip/s]\n"}
,{"stream_name":"stderr","time":240.609453646,"data":"\r[features] train_uniform:  52%|█████▏    | 6146/11808 [02:37\u003c02:04, 45.34clip/s]\r[features] train_uniform:  52%|█████▏    | 6151/11808 [02:37\u003c02:03, 45.99clip/s]\n"}
,{"stream_name":"stderr","time":240.756802892,"data":"\r[features] train_uniform:  52%|█████▏    | 6151/11808 [02:37\u003c02:03, 45.99clip/s]\r[features] train_uniform:  52%|█████▏    | 6156/11808 [02:37\u003c02:15, 41.62clip/s]\n"}
,{"stream_name":"stderr","time":240.906628123,"data":"\r[features] train_uniform:  52%|█████▏    | 6156/11808 [02:37\u003c02:15, 41.62clip/s]\r[features] train_uniform:  52%|█████▏    | 6162/11808 [02:37\u003c02:16, 41.38clip/s]\n"}
,{"stream_name":"stderr","time":241.051155087,"data":"\r[features] train_uniform:  52%|█████▏    | 6162/11808 [02:37\u003c02:16, 41.38clip/s]\r[features] train_uniform:  52%|█████▏    | 6167/11808 [02:37\u003c02:23, 39.18clip/s]\n"}
,{"stream_name":"stderr","time":241.155373643,"data":"\r[features] train_uniform:  52%|█████▏    | 6167/11808 [02:37\u003c02:23, 39.18clip/s]\r[features] train_uniform:  52%|█████▏    | 6172/11808 [02:37\u003c02:17, 41.12clip/s]\n"}
,{"stream_name":"stderr","time":241.308814976,"data":"\r[features] train_uniform:  52%|█████▏    | 6172/11808 [02:37\u003c02:17, 41.12clip/s]\r[features] train_uniform:  52%|█████▏    | 6177/11808 [02:37\u003c02:27, 38.21clip/s]\n"}
,{"stream_name":"stderr","time":241.410593389,"data":"\r[features] train_uniform:  52%|█████▏    | 6177/11808 [02:37\u003c02:27, 38.21clip/s]\r[features] train_uniform:  52%|█████▏    | 6182/11808 [02:37\u003c02:17, 40.81clip/s]\n"}
,{"stream_name":"stderr","time":241.520399141,"data":"\r[features] train_uniform:  52%|█████▏    | 6182/11808 [02:37\u003c02:17, 40.81clip/s]\r[features] train_uniform:  52%|█████▏    | 6187/11808 [02:38\u003c02:13, 42.12clip/s]\n"}
,{"stream_name":"stderr","time":241.63767772,"data":"\r[features] train_uniform:  52%|█████▏    | 6187/11808 [02:38\u003c02:13, 42.12clip/s]\r[features] train_uniform:  52%|█████▏    | 6193/11808 [02:38\u003c02:05, 44.79clip/s]\n"}
,{"stream_name":"stderr","time":241.748274764,"data":"\r[features] train_uniform:  52%|█████▏    | 6193/11808 [02:38\u003c02:05, 44.79clip/s]\r[features] train_uniform:  52%|█████▏    | 6199/11808 [02:38\u003c01:58, 47.48clip/s]\n"}
,{"stream_name":"stderr","time":241.873067006,"data":"\r[features] train_uniform:  52%|█████▏    | 6199/11808 [02:38\u003c01:58, 47.48clip/s]\r[features] train_uniform:  53%|█████▎    | 6204/11808 [02:38\u003c02:04, 45.16clip/s]\n"}
,{"stream_name":"stderr","time":241.97553928,"data":"\r[features] train_uniform:  53%|█████▎    | 6204/11808 [02:38\u003c02:04, 45.16clip/s]\r[features] train_uniform:  53%|█████▎    | 6209/11808 [02:38\u003c02:01, 46.15clip/s]\n"}
,{"stream_name":"stderr","time":242.083008082,"data":"\r[features] train_uniform:  53%|█████▎    | 6209/11808 [02:38\u003c02:01, 46.15clip/s]\r[features] train_uniform:  53%|█████▎    | 6214/11808 [02:38\u003c02:00, 46.25clip/s]\n"}
,{"stream_name":"stderr","time":242.191582152,"data":"\r[features] train_uniform:  53%|█████▎    | 6214/11808 [02:38\u003c02:00, 46.25clip/s]\r[features] train_uniform:  53%|█████▎    | 6219/11808 [02:38\u003c02:00, 46.19clip/s]\n"}
,{"stream_name":"stderr","time":242.300086772,"data":"\r[features] train_uniform:  53%|█████▎    | 6219/11808 [02:38\u003c02:00, 46.19clip/s]\r[features] train_uniform:  53%|█████▎    | 6224/11808 [02:38\u003c02:01, 46.12clip/s]\n"}
,{"stream_name":"stderr","time":242.403104335,"data":"\r[features] train_uniform:  53%|█████▎    | 6224/11808 [02:38\u003c02:01, 46.12clip/s]\r[features] train_uniform:  53%|█████▎    | 6229/11808 [02:38\u003c01:59, 46.84clip/s]\n"}
,{"stream_name":"stderr","time":242.505744714,"data":"\r[features] train_uniform:  53%|█████▎    | 6229/11808 [02:38\u003c01:59, 46.84clip/s]\r[features] train_uniform:  53%|█████▎    | 6234/11808 [02:39\u003c01:57, 47.31clip/s]\n"}
,{"stream_name":"stderr","time":242.607096428,"data":"\r[features] train_uniform:  53%|█████▎    | 6234/11808 [02:39\u003c01:57, 47.31clip/s]\r[features] train_uniform:  53%|█████▎    | 6239/11808 [02:39\u003c01:56, 47.91clip/s]\n"}
,{"stream_name":"stderr","time":242.751986245,"data":"\r[features] train_uniform:  53%|█████▎    | 6239/11808 [02:39\u003c01:56, 47.91clip/s]\r[features] train_uniform:  53%|█████▎    | 6244/11808 [02:39\u003c02:09, 43.02clip/s]\n"}
,{"stream_name":"stderr","time":242.885550697,"data":"\r[features] train_uniform:  53%|█████▎    | 6244/11808 [02:39\u003c02:09, 43.02clip/s]\r[features] train_uniform:  53%|█████▎    | 6249/11808 [02:39\u003c02:15, 41.17clip/s]\n"}
,{"stream_name":"stderr","time":243.009452801,"data":"\r[features] train_uniform:  53%|█████▎    | 6249/11808 [02:39\u003c02:15, 41.17clip/s]\r[features] train_uniform:  53%|█████▎    | 6254/11808 [02:39\u003c02:15, 40.88clip/s]\n"}
,{"stream_name":"stderr","time":243.123082405,"data":"\r[features] train_uniform:  53%|█████▎    | 6254/11808 [02:39\u003c02:15, 40.88clip/s]\r[features] train_uniform:  53%|█████▎    | 6259/11808 [02:39\u003c02:12, 41.80clip/s]\n"}
,{"stream_name":"stderr","time":243.237217767,"data":"\r[features] train_uniform:  53%|█████▎    | 6259/11808 [02:39\u003c02:12, 41.80clip/s]\r[features] train_uniform:  53%|█████▎    | 6264/11808 [02:39\u003c02:10, 42.35clip/s]\n"}
,{"stream_name":"stderr","time":243.351678152,"data":"\r[features] train_uniform:  53%|█████▎    | 6264/11808 [02:39\u003c02:10, 42.35clip/s]\r[features] train_uniform:  53%|█████▎    | 6270/11808 [02:39\u003c02:02, 45.29clip/s]\n"}
,{"stream_name":"stderr","time":243.457639151,"data":"\r[features] train_uniform:  53%|█████▎    | 6270/11808 [02:39\u003c02:02, 45.29clip/s]\r[features] train_uniform:  53%|█████▎    | 6275/11808 [02:39\u003c02:00, 45.88clip/s]\n"}
,{"stream_name":"stderr","time":243.577704403,"data":"\r[features] train_uniform:  53%|█████▎    | 6275/11808 [02:39\u003c02:00, 45.88clip/s]\r[features] train_uniform:  53%|█████▎    | 6281/11808 [02:40\u003c01:57, 47.11clip/s]\n"}
,{"stream_name":"stderr","time":243.696120001,"data":"\r[features] train_uniform:  53%|█████▎    | 6281/11808 [02:40\u003c01:57, 47.11clip/s]\r[features] train_uniform:  53%|█████▎    | 6287/11808 [02:40\u003c01:54, 48.26clip/s]\n"}
,{"stream_name":"stderr","time":243.813234408,"data":"\r[features] train_uniform:  53%|█████▎    | 6287/11808 [02:40\u003c01:54, 48.26clip/s]\r[features] train_uniform:  53%|█████▎    | 6293/11808 [02:40\u003c01:52, 49.12clip/s]\n"}
,{"stream_name":"stderr","time":243.935079553,"data":"\r[features] train_uniform:  53%|█████▎    | 6293/11808 [02:40\u003c01:52, 49.12clip/s]\r[features] train_uniform:  53%|█████▎    | 6298/11808 [02:40\u003c01:58, 46.67clip/s]\n"}
,{"stream_name":"stderr","time":244.050065089,"data":"\r[features] train_uniform:  53%|█████▎    | 6298/11808 [02:40\u003c01:58, 46.67clip/s]\r[features] train_uniform:  53%|█████▎    | 6303/11808 [02:40\u003c02:00, 45.67clip/s]\n"}
,{"stream_name":"stderr","time":244.153988893,"data":"\r[features] train_uniform:  53%|█████▎    | 6303/11808 [02:40\u003c02:00, 45.67clip/s]\r[features] train_uniform:  53%|█████▎    | 6308/11808 [02:40\u003c01:58, 46.32clip/s]\n"}
,{"stream_name":"stderr","time":244.263681013,"data":"\r[features] train_uniform:  53%|█████▎    | 6308/11808 [02:40\u003c01:58, 46.32clip/s]\r[features] train_uniform:  53%|█████▎    | 6313/11808 [02:40\u003c01:58, 46.20clip/s]\n"}
,{"stream_name":"stderr","time":244.377450317,"data":"\r[features] train_uniform:  53%|█████▎    | 6313/11808 [02:40\u003c01:58, 46.20clip/s]\r[features] train_uniform:  54%|█████▎    | 6319/11808 [02:40\u003c01:54, 48.07clip/s]\n"}
,{"stream_name":"stderr","time":244.494865604,"data":"\r[features] train_uniform:  54%|█████▎    | 6319/11808 [02:40\u003c01:54, 48.07clip/s]\r[features] train_uniform:  54%|█████▎    | 6324/11808 [02:41\u003c01:58, 46.47clip/s]\n"}
,{"stream_name":"stderr","time":244.603033568,"data":"\r[features] train_uniform:  54%|█████▎    | 6324/11808 [02:41\u003c01:58, 46.47clip/s]\r[features] train_uniform:  54%|█████▎    | 6329/11808 [02:41\u003c01:58, 46.32clip/s]\n"}
,{"stream_name":"stderr","time":244.713117858,"data":"\r[features] train_uniform:  54%|█████▎    | 6329/11808 [02:41\u003c01:58, 46.32clip/s]\r[features] train_uniform:  54%|█████▎    | 6334/11808 [02:41\u003c01:58, 46.05clip/s]\n"}
,{"stream_name":"stderr","time":244.822874875,"data":"\r[features] train_uniform:  54%|█████▎    | 6334/11808 [02:41\u003c01:58, 46.05clip/s]\r[features] train_uniform:  54%|█████▎    | 6339/11808 [02:41\u003c01:58, 45.98clip/s]\n"}
,{"stream_name":"stderr","time":244.924326055,"data":"\r[features] train_uniform:  54%|█████▎    | 6339/11808 [02:41\u003c01:58, 45.98clip/s]\r[features] train_uniform:  54%|█████▎    | 6344/11808 [02:41\u003c01:56, 46.86clip/s]\n"}
,{"stream_name":"stderr","time":245.028960664,"data":"\r[features] train_uniform:  54%|█████▎    | 6344/11808 [02:41\u003c01:56, 46.86clip/s]\r[features] train_uniform:  54%|█████▍    | 6349/11808 [02:41\u003c01:55, 47.22clip/s]\n"}
,{"stream_name":"stderr","time":245.146283784,"data":"\r[features] train_uniform:  54%|█████▍    | 6349/11808 [02:41\u003c01:55, 47.22clip/s]\r[features] train_uniform:  54%|█████▍    | 6354/11808 [02:41\u003c01:59, 45.67clip/s]\n"}
,{"stream_name":"stderr","time":245.262685506,"data":"\r[features] train_uniform:  54%|█████▍    | 6354/11808 [02:41\u003c01:59, 45.67clip/s]\r[features] train_uniform:  54%|█████▍    | 6359/11808 [02:41\u003c02:01, 44.79clip/s]\n"}
,{"stream_name":"stderr","time":245.367910247,"data":"\r[features] train_uniform:  54%|█████▍    | 6359/11808 [02:41\u003c02:01, 44.79clip/s]\r[features] train_uniform:  54%|█████▍    | 6364/11808 [02:41\u003c01:59, 45.66clip/s]\n"}
,{"stream_name":"stderr","time":245.482173949,"data":"\r[features] train_uniform:  54%|█████▍    | 6364/11808 [02:41\u003c01:59, 45.66clip/s]\r[features] train_uniform:  54%|█████▍    | 6370/11808 [02:42\u003c01:54, 47.70clip/s]\n"}
,{"stream_name":"stderr","time":245.596888039,"data":"\r[features] train_uniform:  54%|█████▍    | 6370/11808 [02:42\u003c01:54, 47.70clip/s]\r[features] train_uniform:  54%|█████▍    | 6375/11808 [02:42\u003c01:57, 46.43clip/s]\n"}
,{"stream_name":"stderr","time":245.701589955,"data":"\r[features] train_uniform:  54%|█████▍    | 6375/11808 [02:42\u003c01:57, 46.43clip/s]\r[features] train_uniform:  54%|█████▍    | 6380/11808 [02:42\u003c01:55, 46.87clip/s]\n"}
,{"stream_name":"stderr","time":245.850055406,"data":"\r[features] train_uniform:  54%|█████▍    | 6380/11808 [02:42\u003c01:55, 46.87clip/s]\r[features] train_uniform:  54%|█████▍    | 6385/11808 [02:42\u003c02:08, 42.05clip/s]\n"}
,{"stream_name":"stderr","time":245.971290728,"data":"\r[features] train_uniform:  54%|█████▍    | 6385/11808 [02:42\u003c02:08, 42.05clip/s]\r[features] train_uniform:  54%|█████▍    | 6391/11808 [02:42\u003c02:02, 44.30clip/s]\n"}
,{"stream_name":"stderr","time":246.183303459,"data":"\r[features] train_uniform:  54%|█████▍    | 6391/11808 [02:42\u003c02:02, 44.30clip/s]\r[features] train_uniform:  54%|█████▍    | 6396/11808 [02:42\u003c02:32, 35.42clip/s]\n"}
,{"stream_name":"stderr","time":246.305417848,"data":"\r[features] train_uniform:  54%|█████▍    | 6396/11808 [02:42\u003c02:32, 35.42clip/s]\r[features] train_uniform:  54%|█████▍    | 6402/11808 [02:42\u003c02:18, 38.99clip/s]\n"}
,{"stream_name":"stderr","time":246.422334582,"data":"\r[features] train_uniform:  54%|█████▍    | 6402/11808 [02:42\u003c02:18, 38.99clip/s]\r[features] train_uniform:  54%|█████▍    | 6407/11808 [02:42\u003c02:15, 39.93clip/s]\n"}
,{"stream_name":"stderr","time":246.531979015,"data":"\r[features] train_uniform:  54%|█████▍    | 6407/11808 [02:42\u003c02:15, 39.93clip/s]\r[features] train_uniform:  54%|█████▍    | 6412/11808 [02:43\u003c02:10, 41.44clip/s]\n"}
,{"stream_name":"stderr","time":246.638400589,"data":"\r[features] train_uniform:  54%|█████▍    | 6412/11808 [02:43\u003c02:10, 41.44clip/s]\r[features] train_uniform:  54%|█████▍    | 6417/11808 [02:43\u003c02:05, 42.93clip/s]\n"}
,{"stream_name":"stderr","time":246.745042731,"data":"\r[features] train_uniform:  54%|█████▍    | 6417/11808 [02:43\u003c02:05, 42.93clip/s]\r[features] train_uniform:  54%|█████▍    | 6422/11808 [02:43\u003c02:02, 44.02clip/s]\n"}
,{"stream_name":"stderr","time":246.959564623,"data":"\r[features] train_uniform:  54%|█████▍    | 6422/11808 [02:43\u003c02:02, 44.02clip/s]\r[features] train_uniform:  54%|█████▍    | 6427/11808 [02:43\u003c02:34, 34.90clip/s]\n"}
,{"stream_name":"stderr","time":247.071465533,"data":"\r[features] train_uniform:  54%|█████▍    | 6427/11808 [02:43\u003c02:34, 34.90clip/s]\r[features] train_uniform:  54%|█████▍    | 6432/11808 [02:43\u003c02:24, 37.27clip/s]\n"}
,{"stream_name":"stderr","time":247.245028262,"data":"\r[features] train_uniform:  54%|█████▍    | 6432/11808 [02:43\u003c02:24, 37.27clip/s]\r[features] train_uniform:  55%|█████▍    | 6437/11808 [02:43\u003c02:36, 34.30clip/s]\n"}
,{"stream_name":"stderr","time":247.360238393,"data":"\r[features] train_uniform:  55%|█████▍    | 6437/11808 [02:43\u003c02:36, 34.30clip/s]\r[features] train_uniform:  55%|█████▍    | 6442/11808 [02:43\u003c02:26, 36.57clip/s]\n"}
,{"stream_name":"stderr","time":247.4678271,"data":"\r[features] train_uniform:  55%|█████▍    | 6442/11808 [02:43\u003c02:26, 36.57clip/s]\r[features] train_uniform:  55%|█████▍    | 6447/11808 [02:44\u003c02:17, 39.03clip/s]\n"}
,{"stream_name":"stderr","time":247.581220206,"data":"\r[features] train_uniform:  55%|█████▍    | 6447/11808 [02:44\u003c02:17, 39.03clip/s]\r[features] train_uniform:  55%|█████▍    | 6453/11808 [02:44\u003c02:05, 42.82clip/s]\n"}
,{"stream_name":"stderr","time":247.690603404,"data":"\r[features] train_uniform:  55%|█████▍    | 6453/11808 [02:44\u003c02:05, 42.82clip/s]\r[features] train_uniform:  55%|█████▍    | 6458/11808 [02:44\u003c02:02, 43.68clip/s]\n"}
,{"stream_name":"stderr","time":247.793258299,"data":"\r[features] train_uniform:  55%|█████▍    | 6458/11808 [02:44\u003c02:02, 43.68clip/s]\r[features] train_uniform:  55%|█████▍    | 6463/11808 [02:44\u003c01:58, 44.95clip/s]\n"}
,{"stream_name":"stderr","time":247.918329829,"data":"\r[features] train_uniform:  55%|█████▍    | 6463/11808 [02:44\u003c01:58, 44.95clip/s]\r[features] train_uniform:  55%|█████▍    | 6468/11808 [02:44\u003c02:03, 43.38clip/s]\n"}
,{"stream_name":"stderr","time":248.044334729,"data":"\r[features] train_uniform:  55%|█████▍    | 6468/11808 [02:44\u003c02:03, 43.38clip/s]\r[features] train_uniform:  55%|█████▍    | 6473/11808 [02:44\u003c02:06, 42.27clip/s]\n"}
,{"stream_name":"stderr","time":248.156556202,"data":"\r[features] train_uniform:  55%|█████▍    | 6473/11808 [02:44\u003c02:06, 42.27clip/s]\r[features] train_uniform:  55%|█████▍    | 6478/11808 [02:44\u003c02:04, 42.91clip/s]\n"}
,{"stream_name":"stderr","time":248.271649316,"data":"\r[features] train_uniform:  55%|█████▍    | 6478/11808 [02:44\u003c02:04, 42.91clip/s]\r[features] train_uniform:  55%|█████▍    | 6483/11808 [02:44\u003c02:03, 43.01clip/s]\n"}
,{"stream_name":"stderr","time":248.428787473,"data":"\r[features] train_uniform:  55%|█████▍    | 6483/11808 [02:44\u003c02:03, 43.01clip/s]\r[features] train_uniform:  55%|█████▍    | 6488/11808 [02:44\u003c02:16, 38.97clip/s]\n"}
,{"stream_name":"stderr","time":248.541145307,"data":"\r[features] train_uniform:  55%|█████▍    | 6488/11808 [02:44\u003c02:16, 38.97clip/s]\r[features] train_uniform:  55%|█████▍    | 6493/11808 [02:45\u003c02:11, 40.43clip/s]\n"}
,{"stream_name":"stderr","time":248.646966977,"data":"\r[features] train_uniform:  55%|█████▍    | 6493/11808 [02:45\u003c02:11, 40.43clip/s]\r[features] train_uniform:  55%|█████▌    | 6498/11808 [02:45\u003c02:05, 42.30clip/s]\n"}
,{"stream_name":"stderr","time":248.7584638,"data":"\r[features] train_uniform:  55%|█████▌    | 6498/11808 [02:45\u003c02:05, 42.30clip/s]\r[features] train_uniform:  55%|█████▌    | 6503/11808 [02:45\u003c02:03, 43.05clip/s]\n"}
,{"stream_name":"stderr","time":248.912769843,"data":"\r[features] train_uniform:  55%|█████▌    | 6503/11808 [02:45\u003c02:03, 43.05clip/s]\r[features] train_uniform:  55%|█████▌    | 6508/11808 [02:45\u003c02:15, 39.17clip/s]\n"}
,{"stream_name":"stderr","time":249.031305327,"data":"\r[features] train_uniform:  55%|█████▌    | 6508/11808 [02:45\u003c02:15, 39.17clip/s]\r[features] train_uniform:  55%|█████▌    | 6514/11808 [02:45\u003c02:04, 42.42clip/s]\n"}
,{"stream_name":"stderr","time":249.142612382,"data":"\r[features] train_uniform:  55%|█████▌    | 6514/11808 [02:45\u003c02:04, 42.42clip/s]\r[features] train_uniform:  55%|█████▌    | 6519/11808 [02:45\u003c02:02, 43.08clip/s]\n"}
,{"stream_name":"stderr","time":249.308011919,"data":"\r[features] train_uniform:  55%|█████▌    | 6519/11808 [02:45\u003c02:02, 43.08clip/s]\r[features] train_uniform:  55%|█████▌    | 6524/11808 [02:45\u003c02:17, 38.38clip/s]\n"}
,{"stream_name":"stderr","time":249.415948639,"data":"\r[features] train_uniform:  55%|█████▌    | 6524/11808 [02:45\u003c02:17, 38.38clip/s]\r[features] train_uniform:  55%|█████▌    | 6529/11808 [02:45\u003c02:10, 40.45clip/s]\n"}
,{"stream_name":"stderr","time":249.525243944,"data":"\r[features] train_uniform:  55%|█████▌    | 6529/11808 [02:45\u003c02:10, 40.45clip/s]\r[features] train_uniform:  55%|█████▌    | 6534/11808 [02:46\u003c02:06, 41.85clip/s]\n"}
,{"stream_name":"stderr","time":249.845435004,"data":"\r[features] train_uniform:  55%|█████▌    | 6534/11808 [02:46\u003c02:06, 41.85clip/s]\r[features] train_uniform:  55%|█████▌    | 6539/11808 [02:46\u003c03:08, 27.93clip/s]\n"}
,{"stream_name":"stderr","time":249.958851193,"data":"\r[features] train_uniform:  55%|█████▌    | 6539/11808 [02:46\u003c03:08, 27.93clip/s]\r[features] train_uniform:  55%|█████▌    | 6544/11808 [02:46\u003c02:47, 31.34clip/s]\n"}
,{"stream_name":"stderr","time":250.061939072,"data":"\r[features] train_uniform:  55%|█████▌    | 6544/11808 [02:46\u003c02:47, 31.34clip/s]\r[features] train_uniform:  55%|█████▌    | 6549/11808 [02:46\u003c02:30, 35.02clip/s]\n"}
,{"stream_name":"stderr","time":250.176821635,"data":"\r[features] train_uniform:  55%|█████▌    | 6549/11808 [02:46\u003c02:30, 35.02clip/s]\r[features] train_uniform:  56%|█████▌    | 6554/11808 [02:46\u003c02:21, 37.18clip/s]\n"}
,{"stream_name":"stderr","time":250.289975347,"data":"\r[features] train_uniform:  56%|█████▌    | 6554/11808 [02:46\u003c02:21, 37.18clip/s]\r[features] train_uniform:  56%|█████▌    | 6559/11808 [02:46\u003c02:14, 38.99clip/s]\n"}
,{"stream_name":"stderr","time":250.454441732,"data":"\r[features] train_uniform:  56%|█████▌    | 6559/11808 [02:46\u003c02:14, 38.99clip/s]\r[features] train_uniform:  56%|█████▌    | 6564/11808 [02:46\u003c02:25, 36.02clip/s]\n"}
,{"stream_name":"stderr","time":250.579525845,"data":"\r[features] train_uniform:  56%|█████▌    | 6564/11808 [02:46\u003c02:25, 36.02clip/s]\r[features] train_uniform:  56%|█████▌    | 6570/11808 [02:47\u003c02:13, 39.31clip/s]\n"}
,{"stream_name":"stderr","time":250.682987303,"data":"\r[features] train_uniform:  56%|█████▌    | 6570/11808 [02:47\u003c02:13, 39.31clip/s]\r[features] train_uniform:  56%|█████▌    | 6575/11808 [02:47\u003c02:06, 41.53clip/s]\n"}
,{"stream_name":"stderr","time":250.787154503,"data":"\r[features] train_uniform:  56%|█████▌    | 6575/11808 [02:47\u003c02:06, 41.53clip/s]\r[features] train_uniform:  56%|█████▌    | 6580/11808 [02:47\u003c02:00, 43.21clip/s]\n"}
,{"stream_name":"stderr","time":250.905047246,"data":"\r[features] train_uniform:  56%|█████▌    | 6580/11808 [02:47\u003c02:00, 43.21clip/s]\r[features] train_uniform:  56%|█████▌    | 6585/11808 [02:47\u003c02:01, 42.99clip/s]\n"}
,{"stream_name":"stderr","time":251.014599407,"data":"\r[features] train_uniform:  56%|█████▌    | 6585/11808 [02:47\u003c02:01, 42.99clip/s]\r[features] train_uniform:  56%|█████▌    | 6590/11808 [02:47\u003c01:59, 43.74clip/s]\n"}
,{"stream_name":"stderr","time":251.13940949,"data":"\r[features] train_uniform:  56%|█████▌    | 6590/11808 [02:47\u003c01:59, 43.74clip/s]\r[features] train_uniform:  56%|█████▌    | 6595/11808 [02:47\u003c02:02, 42.63clip/s]\n"}
,{"stream_name":"stderr","time":251.283309463,"data":"\r[features] train_uniform:  56%|█████▌    | 6595/11808 [02:47\u003c02:02, 42.63clip/s]\r[features] train_uniform:  56%|█████▌    | 6600/11808 [02:47\u003c02:10, 39.96clip/s]\n"}
,{"stream_name":"stderr","time":251.397466848,"data":"\r[features] train_uniform:  56%|█████▌    | 6600/11808 [02:47\u003c02:10, 39.96clip/s]\r[features] train_uniform:  56%|█████▌    | 6605/11808 [02:47\u003c02:06, 41.01clip/s]\n"}
,{"stream_name":"stderr","time":251.502828666,"data":"\r[features] train_uniform:  56%|█████▌    | 6605/11808 [02:47\u003c02:06, 41.01clip/s]\r[features] train_uniform:  56%|█████▌    | 6610/11808 [02:48\u003c02:01, 42.76clip/s]\n"}
,{"stream_name":"stderr","time":251.607924419,"data":"\r[features] train_uniform:  56%|█████▌    | 6610/11808 [02:48\u003c02:01, 42.76clip/s]\r[features] train_uniform:  56%|█████▌    | 6615/11808 [02:48\u003c01:57, 44.08clip/s]\n"}
,{"stream_name":"stderr","time":251.722115165,"data":"\r[features] train_uniform:  56%|█████▌    | 6615/11808 [02:48\u003c01:57, 44.08clip/s]\r[features] train_uniform:  56%|█████▌    | 6621/11808 [02:48\u003c01:51, 46.57clip/s]\n"}
,{"stream_name":"stderr","time":251.882093376,"data":"\r[features] train_uniform:  56%|█████▌    | 6621/11808 [02:48\u003c01:51, 46.57clip/s]\r[features] train_uniform:  56%|█████▌    | 6626/11808 [02:48\u003c02:06, 40.88clip/s]\n"}
,{"stream_name":"stderr","time":252.012197619,"data":"\r[features] train_uniform:  56%|█████▌    | 6626/11808 [02:48\u003c02:06, 40.88clip/s]\r[features] train_uniform:  56%|█████▌    | 6631/11808 [02:48\u003c02:08, 40.15clip/s]\n"}
,{"stream_name":"stderr","time":252.134182365,"data":"\r[features] train_uniform:  56%|█████▌    | 6631/11808 [02:48\u003c02:08, 40.15clip/s]\r[features] train_uniform:  56%|█████▌    | 6636/11808 [02:48\u003c02:08, 40.37clip/s]\n"}
,{"stream_name":"stderr","time":252.256372484,"data":"\r[features] train_uniform:  56%|█████▌    | 6636/11808 [02:48\u003c02:08, 40.37clip/s]\r[features] train_uniform:  56%|█████▋    | 6642/11808 [02:48\u003c02:00, 42.87clip/s]\n"}
,{"stream_name":"stderr","time":252.373374529,"data":"\r[features] train_uniform:  56%|█████▋    | 6642/11808 [02:48\u003c02:00, 42.87clip/s]\r[features] train_uniform:  56%|█████▋    | 6647/11808 [02:48\u003c02:00, 42.87clip/s]\n"}
,{"stream_name":"stderr","time":252.477293172,"data":"\r[features] train_uniform:  56%|█████▋    | 6647/11808 [02:48\u003c02:00, 42.87clip/s]\r[features] train_uniform:  56%|█████▋    | 6652/11808 [02:49\u003c01:56, 44.23clip/s]\n"}
,{"stream_name":"stderr","time":252.586937166,"data":"\r[features] train_uniform:  56%|█████▋    | 6652/11808 [02:49\u003c01:56, 44.23clip/s]\r[features] train_uniform:  56%|█████▋    | 6657/11808 [02:49\u003c01:55, 44.59clip/s]\n"}
,{"stream_name":"stderr","time":252.695827126,"data":"\r[features] train_uniform:  56%|█████▋    | 6657/11808 [02:49\u003c01:55, 44.59clip/s]\r[features] train_uniform:  56%|█████▋    | 6662/11808 [02:49\u003c01:54, 45.05clip/s]\n"}
,{"stream_name":"stderr","time":252.810886554,"data":"\r[features] train_uniform:  56%|█████▋    | 6662/11808 [02:49\u003c01:54, 45.05clip/s]\r[features] train_uniform:  56%|█████▋    | 6668/11808 [02:49\u003c01:48, 47.16clip/s]\n"}
,{"stream_name":"stderr","time":252.927874877,"data":"\r[features] train_uniform:  56%|█████▋    | 6668/11808 [02:49\u003c01:48, 47.16clip/s]\r[features] train_uniform:  57%|█████▋    | 6673/11808 [02:49\u003c01:52, 45.82clip/s]\n"}
,{"stream_name":"stderr","time":253.034720962,"data":"\r[features] train_uniform:  57%|█████▋    | 6673/11808 [02:49\u003c01:52, 45.82clip/s]\r[features] train_uniform:  57%|█████▋    | 6678/11808 [02:49\u003c01:51, 46.09clip/s]\n"}
,{"stream_name":"stderr","time":253.150009746,"data":"\r[features] train_uniform:  57%|█████▋    | 6678/11808 [02:49\u003c01:51, 46.09clip/s]\r[features] train_uniform:  57%|█████▋    | 6683/11808 [02:49\u003c01:53, 45.25clip/s]\n"}
,{"stream_name":"stderr","time":253.269146612,"data":"\r[features] train_uniform:  57%|█████▋    | 6683/11808 [02:49\u003c01:53, 45.25clip/s]\r[features] train_uniform:  57%|█████▋    | 6689/11808 [02:49\u003c01:49, 46.85clip/s]\n"}
,{"stream_name":"stderr","time":253.382634083,"data":"\r[features] train_uniform:  57%|█████▋    | 6689/11808 [02:49\u003c01:49, 46.85clip/s]\r[features] train_uniform:  57%|█████▋    | 6694/11808 [02:49\u003c01:50, 46.08clip/s]\n"}
,{"stream_name":"stderr","time":253.519686944,"data":"\r[features] train_uniform:  57%|█████▋    | 6694/11808 [02:49\u003c01:50, 46.08clip/s]\r[features] train_uniform:  57%|█████▋    | 6699/11808 [02:50\u003c01:59, 42.74clip/s]\n"}
,{"stream_name":"stderr","time":253.619867888,"data":"\r[features] train_uniform:  57%|█████▋    | 6699/11808 [02:50\u003c01:59, 42.74clip/s]\r[features] train_uniform:  57%|█████▋    | 6704/11808 [02:50\u003c01:54, 44.64clip/s]\n"}
,{"stream_name":"stderr","time":253.728792975,"data":"\r[features] train_uniform:  57%|█████▋    | 6704/11808 [02:50\u003c01:54, 44.64clip/s]\r[features] train_uniform:  57%|█████▋    | 6709/11808 [02:50\u003c01:53, 44.97clip/s]\n"}
,{"stream_name":"stderr","time":253.836768354,"data":"\r[features] train_uniform:  57%|█████▋    | 6709/11808 [02:50\u003c01:53, 44.97clip/s]\r[features] train_uniform:  57%|█████▋    | 6714/11808 [02:50\u003c01:52, 45.44clip/s]\n"}
,{"stream_name":"stderr","time":253.94686893,"data":"\r[features] train_uniform:  57%|█████▋    | 6714/11808 [02:50\u003c01:52, 45.44clip/s]\r[features] train_uniform:  57%|█████▋    | 6719/11808 [02:50\u003c01:52, 45.37clip/s]\n"}
,{"stream_name":"stderr","time":254.049512868,"data":"\r[features] train_uniform:  57%|█████▋    | 6719/11808 [02:50\u003c01:52, 45.37clip/s]\r[features] train_uniform:  57%|█████▋    | 6724/11808 [02:50\u003c01:49, 46.33clip/s]\n"}
,{"stream_name":"stderr","time":254.164891421,"data":"\r[features] train_uniform:  57%|█████▋    | 6724/11808 [02:50\u003c01:49, 46.33clip/s]\r[features] train_uniform:  57%|█████▋    | 6729/11808 [02:50\u003c01:51, 45.40clip/s]\n"}
,{"stream_name":"stderr","time":254.285341768,"data":"\r[features] train_uniform:  57%|█████▋    | 6729/11808 [02:50\u003c01:51, 45.40clip/s]\r[features] train_uniform:  57%|█████▋    | 6734/11808 [02:50\u003c01:54, 44.20clip/s]\n"}
,{"stream_name":"stderr","time":254.395644307,"data":"\r[features] train_uniform:  57%|█████▋    | 6734/11808 [02:50\u003c01:54, 44.20clip/s]\r[features] train_uniform:  57%|█████▋    | 6740/11808 [02:50\u003c01:47, 47.15clip/s]\n"}
,{"stream_name":"stderr","time":254.510171247,"data":"\r[features] train_uniform:  57%|█████▋    | 6740/11808 [02:50\u003c01:47, 47.15clip/s]\r[features] train_uniform:  57%|█████▋    | 6746/11808 [02:51\u003c01:43, 48.73clip/s]\n"}
,{"stream_name":"stderr","time":254.616524346,"data":"\r[features] train_uniform:  57%|█████▋    | 6746/11808 [02:51\u003c01:43, 48.73clip/s]\r[features] train_uniform:  57%|█████▋    | 6751/11808 [02:51\u003c01:44, 48.26clip/s]\n"}
,{"stream_name":"stderr","time":254.730293657,"data":"\r[features] train_uniform:  57%|█████▋    | 6751/11808 [02:51\u003c01:44, 48.26clip/s]\r[features] train_uniform:  57%|█████▋    | 6756/11808 [02:51\u003c01:47, 46.93clip/s]\n"}
,{"stream_name":"stderr","time":254.84632994,"data":"\r[features] train_uniform:  57%|█████▋    | 6756/11808 [02:51\u003c01:47, 46.93clip/s]\r[features] train_uniform:  57%|█████▋    | 6761/11808 [02:51\u003c01:50, 45.77clip/s]\n"}
,{"stream_name":"stderr","time":254.966216939,"data":"\r[features] train_uniform:  57%|█████▋    | 6761/11808 [02:51\u003c01:50, 45.77clip/s]\r[features] train_uniform:  57%|█████▋    | 6767/11808 [02:51\u003c01:47, 47.10clip/s]\n"}
,{"stream_name":"stderr","time":255.087103958,"data":"\r[features] train_uniform:  57%|█████▋    | 6767/11808 [02:51\u003c01:47, 47.10clip/s]\r[features] train_uniform:  57%|█████▋    | 6772/11808 [02:51\u003c01:51, 45.33clip/s]\n"}
,{"stream_name":"stderr","time":255.19950879,"data":"\r[features] train_uniform:  57%|█████▋    | 6772/11808 [02:51\u003c01:51, 45.33clip/s]\r[features] train_uniform:  57%|█████▋    | 6777/11808 [02:51\u003c01:51, 45.08clip/s]\n"}
,{"stream_name":"stderr","time":255.3204169,"data":"\r[features] train_uniform:  57%|█████▋    | 6777/11808 [02:51\u003c01:51, 45.08clip/s]\r[features] train_uniform:  57%|█████▋    | 6782/11808 [02:51\u003c01:54, 43.90clip/s]\n"}
,{"stream_name":"stderr","time":255.464562276,"data":"\r[features] train_uniform:  57%|█████▋    | 6782/11808 [02:51\u003c01:54, 43.90clip/s]\r[features] train_uniform:  57%|█████▋    | 6787/11808 [02:52\u003c02:03, 40.70clip/s]\n"}
,{"stream_name":"stderr","time":255.579218911,"data":"\r[features] train_uniform:  57%|█████▋    | 6787/11808 [02:52\u003c02:03, 40.70clip/s]\r[features] train_uniform:  58%|█████▊    | 6792/11808 [02:52\u003c02:00, 41.50clip/s]\n"}
,{"stream_name":"stderr","time":255.687211222,"data":"\r[features] train_uniform:  58%|█████▊    | 6792/11808 [02:52\u003c02:00, 41.50clip/s]\r[features] train_uniform:  58%|█████▊    | 6797/11808 [02:52\u003c01:56, 42.86clip/s]\n"}
,{"stream_name":"stderr","time":255.797007612,"data":"\r[features] train_uniform:  58%|█████▊    | 6797/11808 [02:52\u003c01:56, 42.86clip/s]\r[features] train_uniform:  58%|█████▊    | 6802/11808 [02:52\u003c01:54, 43.62clip/s]\n"}
,{"stream_name":"stderr","time":255.898758219,"data":"\r[features] train_uniform:  58%|█████▊    | 6802/11808 [02:52\u003c01:54, 43.62clip/s]\r[features] train_uniform:  58%|█████▊    | 6807/11808 [02:52\u003c01:50, 45.13clip/s]\n"}
,{"stream_name":"stderr","time":256.042941329,"data":"\r[features] train_uniform:  58%|█████▊    | 6807/11808 [02:52\u003c01:50, 45.13clip/s]\r[features] train_uniform:  58%|█████▊    | 6812/11808 [02:52\u003c02:00, 41.42clip/s]\n"}
,{"stream_name":"stderr","time":256.148953737,"data":"\r[features] train_uniform:  58%|█████▊    | 6812/11808 [02:52\u003c02:00, 41.42clip/s]\r[features] train_uniform:  58%|█████▊    | 6817/11808 [02:52\u003c01:55, 43.04clip/s]\n"}
,{"stream_name":"stderr","time":256.335116006,"data":"\r[features] train_uniform:  58%|█████▊    | 6817/11808 [02:52\u003c01:55, 43.04clip/s]\r[features] train_uniform:  58%|█████▊    | 6822/11808 [02:52\u003c02:16, 36.42clip/s]\n"}
,{"stream_name":"stderr","time":256.442365736,"data":"\r[features] train_uniform:  58%|█████▊    | 6822/11808 [02:52\u003c02:16, 36.42clip/s]\r[features] train_uniform:  58%|█████▊    | 6826/11808 [02:52\u003c02:15, 36.69clip/s]\n"}
,{"stream_name":"stderr","time":256.544801102,"data":"\r[features] train_uniform:  58%|█████▊    | 6826/11808 [02:52\u003c02:15, 36.69clip/s]\r[features] train_uniform:  58%|█████▊    | 6831/11808 [02:53\u003c02:05, 39.74clip/s]\n"}
,{"stream_name":"stderr","time":256.654174804,"data":"\r[features] train_uniform:  58%|█████▊    | 6831/11808 [02:53\u003c02:05, 39.74clip/s]\r[features] train_uniform:  58%|█████▊    | 6836/11808 [02:53\u003c02:00, 41.40clip/s]\n"}
,{"stream_name":"stderr","time":256.795462892,"data":"\r[features] train_uniform:  58%|█████▊    | 6836/11808 [02:53\u003c02:00, 41.40clip/s]\r[features] train_uniform:  58%|█████▊    | 6841/11808 [02:53\u003c02:04, 39.98clip/s]\n"}
,{"stream_name":"stderr","time":256.911307115,"data":"\r[features] train_uniform:  58%|█████▊    | 6841/11808 [02:53\u003c02:04, 39.98clip/s]\r[features] train_uniform:  58%|█████▊    | 6846/11808 [02:53\u003c02:03, 40.25clip/s]\n"}
,{"stream_name":"stderr","time":257.02136408,"data":"\r[features] train_uniform:  58%|█████▊    | 6846/11808 [02:53\u003c02:03, 40.25clip/s]\r[features] train_uniform:  58%|█████▊    | 6851/11808 [02:53\u003c01:58, 41.72clip/s]\n"}
,{"stream_name":"stderr","time":257.132216271,"data":"\r[features] train_uniform:  58%|█████▊    | 6851/11808 [02:53\u003c01:58, 41.72clip/s]\r[features] train_uniform:  58%|█████▊    | 6856/11808 [02:53\u003c01:56, 42.64clip/s]\n"}
,{"stream_name":"stderr","time":257.23393361,"data":"\r[features] train_uniform:  58%|█████▊    | 6856/11808 [02:53\u003c01:56, 42.64clip/s]\r[features] train_uniform:  58%|█████▊    | 6861/11808 [02:53\u003c01:51, 44.41clip/s]\n"}
,{"stream_name":"stderr","time":257.350165312,"data":"\r[features] train_uniform:  58%|█████▊    | 6861/11808 [02:53\u003c01:51, 44.41clip/s]\r[features] train_uniform:  58%|█████▊    | 6866/11808 [02:53\u003c01:52, 43.98clip/s]\n"}
,{"stream_name":"stderr","time":257.455387507,"data":"\r[features] train_uniform:  58%|█████▊    | 6866/11808 [02:53\u003c01:52, 43.98clip/s]\r[features] train_uniform:  58%|█████▊    | 6871/11808 [02:53\u003c01:49, 45.09clip/s]\n"}
,{"stream_name":"stderr","time":257.557795334,"data":"\r[features] train_uniform:  58%|█████▊    | 6871/11808 [02:53\u003c01:49, 45.09clip/s]\r[features] train_uniform:  58%|█████▊    | 6876/11808 [02:54\u003c01:46, 46.12clip/s]\n"}
,{"stream_name":"stderr","time":257.660142596,"data":"\r[features] train_uniform:  58%|█████▊    | 6876/11808 [02:54\u003c01:46, 46.12clip/s]\r[features] train_uniform:  58%|█████▊    | 6881/11808 [02:54\u003c01:45, 46.84clip/s]\n"}
,{"stream_name":"stderr","time":257.760158217,"data":"\r[features] train_uniform:  58%|█████▊    | 6881/11808 [02:54\u003c01:45, 46.84clip/s]\r[features] train_uniform:  58%|█████▊    | 6886/11808 [02:54\u003c01:43, 47.72clip/s]\n"}
,{"stream_name":"stderr","time":257.872976001,"data":"\r[features] train_uniform:  58%|█████▊    | 6886/11808 [02:54\u003c01:43, 47.72clip/s]\r[features] train_uniform:  58%|█████▊    | 6891/11808 [02:54\u003c01:45, 46.70clip/s]\n"}
,{"stream_name":"stderr","time":257.986604505,"data":"\r[features] train_uniform:  58%|█████▊    | 6891/11808 [02:54\u003c01:45, 46.70clip/s]\r[features] train_uniform:  58%|█████▊    | 6896/11808 [02:54\u003c01:47, 45.79clip/s]\n"}
,{"stream_name":"stderr","time":258.136114551,"data":"\r[features] train_uniform:  58%|█████▊    | 6896/11808 [02:54\u003c01:47, 45.79clip/s]\r[features] train_uniform:  58%|█████▊    | 6901/11808 [02:54\u003c01:59, 41.19clip/s]\n"}
,{"stream_name":"stderr","time":258.239388628,"data":"\r[features] train_uniform:  58%|█████▊    | 6901/11808 [02:54\u003c01:59, 41.19clip/s]\r[features] train_uniform:  58%|█████▊    | 6906/11808 [02:54\u003c01:53, 43.12clip/s]\n"}
,{"stream_name":"stderr","time":258.352427143,"data":"\r[features] train_uniform:  58%|█████▊    | 6906/11808 [02:54\u003c01:53, 43.12clip/s]\r[features] train_uniform:  59%|█████▊    | 6911/11808 [02:54\u003c01:52, 43.53clip/s]\n"}
,{"stream_name":"stderr","time":258.453988134,"data":"\r[features] train_uniform:  59%|█████▊    | 6911/11808 [02:54\u003c01:52, 43.53clip/s]\r[features] train_uniform:  59%|█████▊    | 6916/11808 [02:54\u003c01:48, 45.14clip/s]\n"}
,{"stream_name":"stderr","time":258.557601956,"data":"\r[features] train_uniform:  59%|█████▊    | 6916/11808 [02:54\u003c01:48, 45.14clip/s]\r[features] train_uniform:  59%|█████▊    | 6921/11808 [02:55\u003c01:46, 45.95clip/s]\n"}
,{"stream_name":"stderr","time":258.68795258,"data":"\r[features] train_uniform:  59%|█████▊    | 6921/11808 [02:55\u003c01:46, 45.95clip/s]\r[features] train_uniform:  59%|█████▊    | 6926/11808 [02:55\u003c01:52, 43.41clip/s]\n"}
,{"stream_name":"stderr","time":258.800357863,"data":"\r[features] train_uniform:  59%|█████▊    | 6926/11808 [02:55\u003c01:52, 43.41clip/s]\r[features] train_uniform:  59%|█████▊    | 6931/11808 [02:55\u003c01:51, 43.72clip/s]\n"}
,{"stream_name":"stderr","time":258.904980291,"data":"\r[features] train_uniform:  59%|█████▊    | 6931/11808 [02:55\u003c01:51, 43.72clip/s]\r[features] train_uniform:  59%|█████▊    | 6936/11808 [02:55\u003c01:48, 44.89clip/s]\n"}
,{"stream_name":"stderr","time":259.006298265,"data":"\r[features] train_uniform:  59%|█████▊    | 6936/11808 [02:55\u003c01:48, 44.89clip/s]\r[features] train_uniform:  59%|█████▉    | 6941/11808 [02:55\u003c01:45, 46.11clip/s]\n"}
,{"stream_name":"stderr","time":259.11457728,"data":"\r[features] train_uniform:  59%|█████▉    | 6941/11808 [02:55\u003c01:45, 46.11clip/s]\r[features] train_uniform:  59%|█████▉    | 6946/11808 [02:55\u003c01:45, 46.13clip/s]\n"}
,{"stream_name":"stderr","time":259.236280764,"data":"\r[features] train_uniform:  59%|█████▉    | 6946/11808 [02:55\u003c01:45, 46.13clip/s]\r[features] train_uniform:  59%|█████▉    | 6951/11808 [02:55\u003c01:49, 44.48clip/s]\n"}
,{"stream_name":"stderr","time":259.35445872,"data":"\r[features] train_uniform:  59%|█████▉    | 6951/11808 [02:55\u003c01:49, 44.48clip/s]\r[features] train_uniform:  59%|█████▉    | 6956/11808 [02:55\u003c01:50, 43.79clip/s]\n"}
,{"stream_name":"stderr","time":259.467448267,"data":"\r[features] train_uniform:  59%|█████▉    | 6956/11808 [02:55\u003c01:50, 43.79clip/s]\r[features] train_uniform:  59%|█████▉    | 6962/11808 [02:56\u003c01:43, 46.66clip/s]\n"}
,{"stream_name":"stderr","time":259.570044571,"data":"\r[features] train_uniform:  59%|█████▉    | 6962/11808 [02:56\u003c01:43, 46.66clip/s]\r[features] train_uniform:  59%|█████▉    | 6967/11808 [02:56\u003c01:42, 47.18clip/s]\n"}
,{"stream_name":"stderr","time":259.671415429,"data":"\r[features] train_uniform:  59%|█████▉    | 6967/11808 [02:56\u003c01:42, 47.18clip/s]\r[features] train_uniform:  59%|█████▉    | 6972/11808 [02:56\u003c01:41, 47.74clip/s]\n"}
,{"stream_name":"stderr","time":259.775991417,"data":"\r[features] train_uniform:  59%|█████▉    | 6972/11808 [02:56\u003c01:41, 47.74clip/s]\r[features] train_uniform:  59%|█████▉    | 6977/11808 [02:56\u003c01:41, 47.77clip/s]\n"}
,{"stream_name":"stderr","time":259.876523509,"data":"\r[features] train_uniform:  59%|█████▉    | 6977/11808 [02:56\u003c01:41, 47.77clip/s]\r[features] train_uniform:  59%|█████▉    | 6982/11808 [02:56\u003c01:39, 48.35clip/s]\n"}
,{"stream_name":"stderr","time":259.99031736,"data":"\r[features] train_uniform:  59%|█████▉    | 6982/11808 [02:56\u003c01:39, 48.35clip/s]\r[features] train_uniform:  59%|█████▉    | 6987/11808 [02:56\u003c01:42, 46.92clip/s]\n"}
,{"stream_name":"stderr","time":260.091567672,"data":"\r[features] train_uniform:  59%|█████▉    | 6987/11808 [02:56\u003c01:42, 46.92clip/s]\r[features] train_uniform:  59%|█████▉    | 6992/11808 [02:56\u003c01:40, 47.70clip/s]\n"}
,{"stream_name":"stderr","time":260.199686072,"data":"\r[features] train_uniform:  59%|█████▉    | 6992/11808 [02:56\u003c01:40, 47.70clip/s]\r[features] train_uniform:  59%|█████▉    | 6997/11808 [02:56\u003c01:41, 47.21clip/s]\n"}
,{"stream_name":"stderr","time":260.326051276,"data":"\r[features] train_uniform:  59%|█████▉    | 6997/11808 [02:56\u003c01:41, 47.21clip/s]\r[features] train_uniform:  59%|█████▉    | 7003/11808 [02:56\u003c01:41, 47.33clip/s]\n"}
,{"stream_name":"stderr","time":260.443329635,"data":"\r[features] train_uniform:  59%|█████▉    | 7003/11808 [02:56\u003c01:41, 47.33clip/s]\r[features] train_uniform:  59%|█████▉    | 7009/11808 [02:56\u003c01:38, 48.50clip/s]\n"}
,{"stream_name":"stderr","time":260.544011613,"data":"\r[features] train_uniform:  59%|█████▉    | 7009/11808 [02:56\u003c01:38, 48.50clip/s]\r[features] train_uniform:  59%|█████▉    | 7014/11808 [02:57\u003c01:38, 48.88clip/s]\n"}
,{"stream_name":"stderr","time":260.656770596,"data":"\r[features] train_uniform:  59%|█████▉    | 7014/11808 [02:57\u003c01:38, 48.88clip/s]\r[features] train_uniform:  59%|█████▉    | 7019/11808 [02:57\u003c01:40, 47.46clip/s]\n"}
,{"stream_name":"stderr","time":260.764063125,"data":"\r[features] train_uniform:  59%|█████▉    | 7019/11808 [02:57\u003c01:40, 47.46clip/s]\r[features] train_uniform:  59%|█████▉    | 7024/11808 [02:57\u003c01:41, 47.20clip/s]\n"}
,{"stream_name":"stderr","time":260.895495754,"data":"\r[features] train_uniform:  59%|█████▉    | 7024/11808 [02:57\u003c01:41, 47.20clip/s]\r[features] train_uniform:  60%|█████▉    | 7030/11808 [02:57\u003c01:42, 46.74clip/s]\n"}
,{"stream_name":"stderr","time":261.028298079,"data":"\r[features] train_uniform:  60%|█████▉    | 7030/11808 [02:57\u003c01:42, 46.74clip/s]\r[features] train_uniform:  60%|█████▉    | 7035/11808 [02:57\u003c01:49, 43.70clip/s]\n"}
,{"stream_name":"stderr","time":261.142482681,"data":"\r[features] train_uniform:  60%|█████▉    | 7035/11808 [02:57\u003c01:49, 43.70clip/s]\r[features] train_uniform:  60%|█████▉    | 7040/11808 [02:57\u003c01:49, 43.69clip/s]\n"}
,{"stream_name":"stderr","time":261.294874749,"data":"\r[features] train_uniform:  60%|█████▉    | 7040/11808 [02:57\u003c01:49, 43.69clip/s]\r[features] train_uniform:  60%|█████▉    | 7045/11808 [02:57\u003c01:59, 39.85clip/s]\n"}
,{"stream_name":"stderr","time":261.397049257,"data":"\r[features] train_uniform:  60%|█████▉    | 7045/11808 [02:57\u003c01:59, 39.85clip/s]\r[features] train_uniform:  60%|█████▉    | 7050/11808 [02:57\u003c01:52, 42.15clip/s]\n"}
,{"stream_name":"stderr","time":261.517261754,"data":"\r[features] train_uniform:  60%|█████▉    | 7050/11808 [02:57\u003c01:52, 42.15clip/s]\r[features] train_uniform:  60%|█████▉    | 7055/11808 [02:58\u003c01:53, 42.00clip/s]\n"}
,{"stream_name":"stderr","time":261.619913227,"data":"\r[features] train_uniform:  60%|█████▉    | 7055/11808 [02:58\u003c01:53, 42.00clip/s]\r[features] train_uniform:  60%|█████▉    | 7060/11808 [02:58\u003c01:48, 43.75clip/s]\n"}
,{"stream_name":"stderr","time":261.731566045,"data":"\r[features] train_uniform:  60%|█████▉    | 7060/11808 [02:58\u003c01:48, 43.75clip/s]\r[features] train_uniform:  60%|█████▉    | 7065/11808 [02:58\u003c01:47, 44.09clip/s]\n"}
,{"stream_name":"stderr","time":261.839407561,"data":"\r[features] train_uniform:  60%|█████▉    | 7065/11808 [02:58\u003c01:47, 44.09clip/s]\r[features] train_uniform:  60%|█████▉    | 7070/11808 [02:58\u003c01:45, 44.73clip/s]\n"}
,{"stream_name":"stderr","time":261.956272,"data":"\r[features] train_uniform:  60%|█████▉    | 7070/11808 [02:58\u003c01:45, 44.73clip/s]\r[features] train_uniform:  60%|█████▉    | 7075/11808 [02:58\u003c01:47, 44.21clip/s]\n"}
,{"stream_name":"stderr","time":262.066965486,"data":"\r[features] train_uniform:  60%|█████▉    | 7075/11808 [02:58\u003c01:47, 44.21clip/s]\r[features] train_uniform:  60%|█████▉    | 7080/11808 [02:58\u003c01:46, 44.48clip/s]\n"}
,{"stream_name":"stderr","time":262.16918792,"data":"\r[features] train_uniform:  60%|█████▉    | 7080/11808 [02:58\u003c01:46, 44.48clip/s]\r[features] train_uniform:  60%|██████    | 7085/11808 [02:58\u003c01:43, 45.78clip/s]\n"}
,{"stream_name":"stderr","time":262.2724235,"data":"\r[features] train_uniform:  60%|██████    | 7085/11808 [02:58\u003c01:43, 45.78clip/s]\r[features] train_uniform:  60%|██████    | 7090/11808 [02:58\u003c01:41, 46.39clip/s]\n"}
,{"stream_name":"stderr","time":262.389511409,"data":"\r[features] train_uniform:  60%|██████    | 7090/11808 [02:58\u003c01:41, 46.39clip/s]\r[features] train_uniform:  60%|██████    | 7096/11808 [02:58\u003c01:38, 48.03clip/s]\n"}
,{"stream_name":"stderr","time":262.509837643,"data":"\r[features] train_uniform:  60%|██████    | 7096/11808 [02:58\u003c01:38, 48.03clip/s]\r[features] train_uniform:  60%|██████    | 7101/11808 [02:59\u003c01:42, 45.87clip/s]\n"}
,{"stream_name":"stderr","time":262.645025102,"data":"\r[features] train_uniform:  60%|██████    | 7101/11808 [02:59\u003c01:42, 45.87clip/s]\r[features] train_uniform:  60%|██████    | 7106/11808 [02:59\u003c01:49, 42.88clip/s]\n"}
,{"stream_name":"stderr","time":262.75776777,"data":"\r[features] train_uniform:  60%|██████    | 7106/11808 [02:59\u003c01:49, 42.88clip/s]\r[features] train_uniform:  60%|██████    | 7111/11808 [02:59\u003c01:48, 43.30clip/s]\n"}
,{"stream_name":"stderr","time":262.862984902,"data":"\r[features] train_uniform:  60%|██████    | 7111/11808 [02:59\u003c01:48, 43.30clip/s]\r[features] train_uniform:  60%|██████    | 7116/11808 [02:59\u003c01:45, 44.46clip/s]\n"}
,{"stream_name":"stderr","time":262.967604282,"data":"\r[features] train_uniform:  60%|██████    | 7116/11808 [02:59\u003c01:45, 44.46clip/s]\r[features] train_uniform:  60%|██████    | 7121/11808 [02:59\u003c01:43, 45.42clip/s]\n"}
,{"stream_name":"stderr","time":263.089765078,"data":"\r[features] train_uniform:  60%|██████    | 7121/11808 [02:59\u003c01:43, 45.42clip/s]\r[features] train_uniform:  60%|██████    | 7127/11808 [02:59\u003c01:40, 46.59clip/s]\n"}
,{"stream_name":"stderr","time":263.195203253,"data":"\r[features] train_uniform:  60%|██████    | 7127/11808 [02:59\u003c01:40, 46.59clip/s]\r[features] train_uniform:  60%|██████    | 7132/11808 [02:59\u003c01:39, 46.84clip/s]\n"}
,{"stream_name":"stderr","time":263.346667918,"data":"\r[features] train_uniform:  60%|██████    | 7132/11808 [02:59\u003c01:39, 46.84clip/s]\r[features] train_uniform:  60%|██████    | 7137/11808 [02:59\u003c01:51, 41.76clip/s]\n"}
,{"stream_name":"stderr","time":263.477585556,"data":"\r[features] train_uniform:  60%|██████    | 7137/11808 [02:59\u003c01:51, 41.76clip/s]\r[features] train_uniform:  60%|██████    | 7142/11808 [03:00\u003c01:54, 40.70clip/s]\n"}
,{"stream_name":"stderr","time":263.602620327,"data":"\r[features] train_uniform:  60%|██████    | 7142/11808 [03:00\u003c01:54, 40.70clip/s]\r[features] train_uniform:  61%|██████    | 7147/11808 [03:00\u003c01:55, 40.51clip/s]\n"}
,{"stream_name":"stderr","time":263.704053302,"data":"\r[features] train_uniform:  61%|██████    | 7147/11808 [03:00\u003c01:55, 40.51clip/s]\r[features] train_uniform:  61%|██████    | 7152/11808 [03:00\u003c01:49, 42.69clip/s]\n"}
,{"stream_name":"stderr","time":263.818498696,"data":"\r[features] train_uniform:  61%|██████    | 7152/11808 [03:00\u003c01:49, 42.69clip/s]\r[features] train_uniform:  61%|██████    | 7158/11808 [03:00\u003c01:42, 45.57clip/s]\n"}
,{"stream_name":"stderr","time":264.11941793,"data":"\r[features] train_uniform:  61%|██████    | 7158/11808 [03:00\u003c01:42, 45.57clip/s]\r[features] train_uniform:  61%|██████    | 7163/11808 [03:00\u003c01:51, 41.55clip/s]\n"}
,{"stream_name":"stderr","time":264.121476519,"data":"\r[features] train_uniform:  61%|██████    | 7163/11808 [03:00\u003c01:51, 41.55clip/s]\r[features] train_uniform:  61%|██████    | 7168/11808 [03:00\u003c02:01, 38.26clip/s]\n"}
,{"stream_name":"stderr","time":264.227512973,"data":"\r[features] train_uniform:  61%|██████    | 7168/11808 [03:00\u003c02:01, 38.26clip/s]\r[features] train_uniform:  61%|██████    | 7173/11808 [03:00\u003c01:54, 40.46clip/s]\n"}
,{"stream_name":"stderr","time":264.340291539,"data":"\r[features] train_uniform:  61%|██████    | 7173/11808 [03:00\u003c01:54, 40.46clip/s]\r[features] train_uniform:  61%|██████    | 7178/11808 [03:00\u003c01:51, 41.57clip/s]\n"}
,{"stream_name":"stderr","time":264.441558469,"data":"\r[features] train_uniform:  61%|██████    | 7178/11808 [03:00\u003c01:51, 41.57clip/s]\r[features] train_uniform:  61%|██████    | 7183/11808 [03:00\u003c01:46, 43.57clip/s]\n"}
,{"stream_name":"stderr","time":264.547413284,"data":"\r[features] train_uniform:  61%|██████    | 7183/11808 [03:00\u003c01:46, 43.57clip/s]\r[features] train_uniform:  61%|██████    | 7188/11808 [03:01\u003c01:43, 44.65clip/s]\n"}
,{"stream_name":"stderr","time":264.652670426,"data":"\r[features] train_uniform:  61%|██████    | 7188/11808 [03:01\u003c01:43, 44.65clip/s]\r[features] train_uniform:  61%|██████    | 7193/11808 [03:01\u003c01:41, 45.40clip/s]\n"}
,{"stream_name":"stderr","time":264.768413129,"data":"\r[features] train_uniform:  61%|██████    | 7193/11808 [03:01\u003c01:41, 45.40clip/s]\r[features] train_uniform:  61%|██████    | 7199/11808 [03:01\u003c01:37, 47.40clip/s]\n"}
,{"stream_name":"stderr","time":264.882176816,"data":"\r[features] train_uniform:  61%|██████    | 7199/11808 [03:01\u003c01:37, 47.40clip/s]\r[features] train_uniform:  61%|██████    | 7205/11808 [03:01\u003c01:33, 49.05clip/s]\n"}
,{"stream_name":"stderr","time":264.985267847,"data":"\r[features] train_uniform:  61%|██████    | 7205/11808 [03:01\u003c01:33, 49.05clip/s]\r[features] train_uniform:  61%|██████    | 7210/11808 [03:01\u003c01:34, 48.91clip/s]\n"}
,{"stream_name":"stderr","time":265.095655075,"data":"\r[features] train_uniform:  61%|██████    | 7210/11808 [03:01\u003c01:34, 48.91clip/s]\r[features] train_uniform:  61%|██████    | 7216/11808 [03:01\u003c01:30, 50.50clip/s]\n"}
,{"stream_name":"stderr","time":265.224466803,"data":"\r[features] train_uniform:  61%|██████    | 7216/11808 [03:01\u003c01:30, 50.50clip/s]\r[features] train_uniform:  61%|██████    | 7222/11808 [03:01\u003c01:33, 49.20clip/s]\n"}
,{"stream_name":"stderr","time":265.342472012,"data":"\r[features] train_uniform:  61%|██████    | 7222/11808 [03:01\u003c01:33, 49.20clip/s]\r[features] train_uniform:  61%|██████    | 7227/11808 [03:01\u003c01:37, 47.13clip/s]\n"}
,{"stream_name":"stderr","time":265.463498993,"data":"\r[features] train_uniform:  61%|██████    | 7227/11808 [03:01\u003c01:37, 47.13clip/s]\r[features] train_uniform:  61%|██████▏   | 7233/11808 [03:02\u003c01:35, 47.88clip/s]\n"}
,{"stream_name":"stderr","time":265.589021721,"data":"\r[features] train_uniform:  61%|██████▏   | 7233/11808 [03:02\u003c01:35, 47.88clip/s]\r[features] train_uniform:  61%|██████▏   | 7238/11808 [03:02\u003c01:40, 45.32clip/s]\n"}
,{"stream_name":"stderr","time":265.70894277,"data":"\r[features] train_uniform:  61%|██████▏   | 7238/11808 [03:02\u003c01:40, 45.32clip/s]\r[features] train_uniform:  61%|██████▏   | 7244/11808 [03:02\u003c01:37, 46.76clip/s]\n"}
,{"stream_name":"stderr","time":265.913115041,"data":"\r[features] train_uniform:  61%|██████▏   | 7244/11808 [03:02\u003c01:37, 46.76clip/s]\r[features] train_uniform:  61%|██████▏   | 7249/11808 [03:02\u003c02:01, 37.37clip/s]\n"}
,{"stream_name":"stderr","time":266.017754746,"data":"\r[features] train_uniform:  61%|██████▏   | 7249/11808 [03:02\u003c02:01, 37.37clip/s]\r[features] train_uniform:  61%|██████▏   | 7254/11808 [03:02\u003c01:54, 39.83clip/s]\n"}
,{"stream_name":"stderr","time":266.127023398,"data":"\r[features] train_uniform:  61%|██████▏   | 7254/11808 [03:02\u003c01:54, 39.83clip/s]\r[features] train_uniform:  61%|██████▏   | 7259/11808 [03:02\u003c01:49, 41.39clip/s]\n"}
,{"stream_name":"stderr","time":266.235264917,"data":"\r[features] train_uniform:  61%|██████▏   | 7259/11808 [03:02\u003c01:49, 41.39clip/s]\r[features] train_uniform:  62%|██████▏   | 7264/11808 [03:02\u003c01:46, 42.66clip/s]\n"}
,{"stream_name":"stderr","time":266.338722474,"data":"\r[features] train_uniform:  62%|██████▏   | 7264/11808 [03:02\u003c01:46, 42.66clip/s]\r[features] train_uniform:  62%|██████▏   | 7269/11808 [03:02\u003c01:42, 44.20clip/s]\n"}
,{"stream_name":"stderr","time":266.455105554,"data":"\r[features] train_uniform:  62%|██████▏   | 7269/11808 [03:02\u003c01:42, 44.20clip/s]\r[features] train_uniform:  62%|██████▏   | 7274/11808 [03:02\u003c01:43, 43.81clip/s]\n"}
,{"stream_name":"stderr","time":266.561427842,"data":"\r[features] train_uniform:  62%|██████▏   | 7274/11808 [03:02\u003c01:43, 43.81clip/s]\r[features] train_uniform:  62%|██████▏   | 7279/11808 [03:03\u003c01:41, 44.72clip/s]\n"}
,{"stream_name":"stderr","time":266.676896958,"data":"\r[features] train_uniform:  62%|██████▏   | 7279/11808 [03:03\u003c01:41, 44.72clip/s]\r[features] train_uniform:  62%|██████▏   | 7285/11808 [03:03\u003c01:36, 46.94clip/s]\n"}
,{"stream_name":"stderr","time":266.789792764,"data":"\r[features] train_uniform:  62%|██████▏   | 7285/11808 [03:03\u003c01:36, 46.94clip/s]\r[features] train_uniform:  62%|██████▏   | 7291/11808 [03:03\u003c01:32, 48.75clip/s]\n"}
,{"stream_name":"stderr","time":266.904522914,"data":"\r[features] train_uniform:  62%|██████▏   | 7291/11808 [03:03\u003c01:32, 48.75clip/s]\r[features] train_uniform:  62%|██████▏   | 7296/11808 [03:03\u003c01:35, 47.19clip/s]\n"}
,{"stream_name":"stderr","time":267.005224967,"data":"\r[features] train_uniform:  62%|██████▏   | 7296/11808 [03:03\u003c01:35, 47.19clip/s]\r[features] train_uniform:  62%|██████▏   | 7301/11808 [03:03\u003c01:34, 47.89clip/s]\n"}
,{"stream_name":"stderr","time":267.123649337,"data":"\r[features] train_uniform:  62%|██████▏   | 7301/11808 [03:03\u003c01:34, 47.89clip/s]\r[features] train_uniform:  62%|██████▏   | 7307/11808 [03:03\u003c01:32, 48.75clip/s]\n"}
,{"stream_name":"stderr","time":267.245240422,"data":"\r[features] train_uniform:  62%|██████▏   | 7307/11808 [03:03\u003c01:32, 48.75clip/s]\r[features] train_uniform:  62%|██████▏   | 7312/11808 [03:03\u003c01:36, 46.36clip/s]\n"}
,{"stream_name":"stderr","time":267.357560404,"data":"\r[features] train_uniform:  62%|██████▏   | 7312/11808 [03:03\u003c01:36, 46.36clip/s]\r[features] train_uniform:  62%|██████▏   | 7317/11808 [03:03\u003c01:38, 45.81clip/s]\n"}
,{"stream_name":"stderr","time":267.462741362,"data":"\r[features] train_uniform:  62%|██████▏   | 7317/11808 [03:03\u003c01:38, 45.81clip/s]\r[features] train_uniform:  62%|██████▏   | 7322/11808 [03:04\u003c01:36, 46.30clip/s]\n"}
,{"stream_name":"stderr","time":267.613240347,"data":"\r[features] train_uniform:  62%|██████▏   | 7322/11808 [03:04\u003c01:36, 46.30clip/s]\r[features] train_uniform:  62%|██████▏   | 7327/11808 [03:04\u003c01:47, 41.54clip/s]\n"}
,{"stream_name":"stderr","time":267.71341153,"data":"\r[features] train_uniform:  62%|██████▏   | 7327/11808 [03:04\u003c01:47, 41.54clip/s]\r[features] train_uniform:  62%|██████▏   | 7332/11808 [03:04\u003c01:42, 43.63clip/s]\n"}
,{"stream_name":"stderr","time":267.848383914,"data":"\r[features] train_uniform:  62%|██████▏   | 7332/11808 [03:04\u003c01:42, 43.63clip/s]\r[features] train_uniform:  62%|██████▏   | 7337/11808 [03:04\u003c01:47, 41.46clip/s]\n"}
,{"stream_name":"stderr","time":267.955313738,"data":"\r[features] train_uniform:  62%|██████▏   | 7337/11808 [03:04\u003c01:47, 41.46clip/s]\r[features] train_uniform:  62%|██████▏   | 7342/11808 [03:04\u003c01:43, 42.95clip/s]\n"}
,{"stream_name":"stderr","time":268.061399371,"data":"\r[features] train_uniform:  62%|██████▏   | 7342/11808 [03:04\u003c01:43, 42.95clip/s]\r[features] train_uniform:  62%|██████▏   | 7347/11808 [03:04\u003c01:41, 44.09clip/s]\n"}
,{"stream_name":"stderr","time":268.171671187,"data":"\r[features] train_uniform:  62%|██████▏   | 7347/11808 [03:04\u003c01:41, 44.09clip/s]\r[features] train_uniform:  62%|██████▏   | 7352/11808 [03:04\u003c01:40, 44.49clip/s]\n"}
,{"stream_name":"stderr","time":268.280998201,"data":"\r[features] train_uniform:  62%|██████▏   | 7352/11808 [03:04\u003c01:40, 44.49clip/s]\r[features] train_uniform:  62%|██████▏   | 7357/11808 [03:04\u003c01:39, 44.90clip/s]\n"}
,{"stream_name":"stderr","time":268.391378133,"data":"\r[features] train_uniform:  62%|██████▏   | 7357/11808 [03:04\u003c01:39, 44.90clip/s]\r[features] train_uniform:  62%|██████▏   | 7362/11808 [03:04\u003c01:38, 44.97clip/s]\n"}
,{"stream_name":"stderr","time":268.50138154,"data":"\r[features] train_uniform:  62%|██████▏   | 7362/11808 [03:04\u003c01:38, 44.97clip/s]\r[features] train_uniform:  62%|██████▏   | 7367/11808 [03:05\u003c01:38, 45.14clip/s]\n"}
,{"stream_name":"stderr","time":268.61032813,"data":"\r[features] train_uniform:  62%|██████▏   | 7367/11808 [03:05\u003c01:38, 45.14clip/s]\r[features] train_uniform:  62%|██████▏   | 7372/11808 [03:05\u003c01:37, 45.35clip/s]\n"}
,{"stream_name":"stderr","time":268.717372722,"data":"\r[features] train_uniform:  62%|██████▏   | 7372/11808 [03:05\u003c01:37, 45.35clip/s]\r[features] train_uniform:  62%|██████▏   | 7377/11808 [03:05\u003c01:36, 45.75clip/s]\n"}
,{"stream_name":"stderr","time":268.842750031,"data":"\r[features] train_uniform:  62%|██████▏   | 7377/11808 [03:05\u003c01:36, 45.75clip/s]\r[features] train_uniform:  63%|██████▎   | 7382/11808 [03:05\u003c01:41, 43.80clip/s]\n"}
,{"stream_name":"stderr","time":268.968183318,"data":"\r[features] train_uniform:  63%|██████▎   | 7382/11808 [03:05\u003c01:41, 43.80clip/s]\r[features] train_uniform:  63%|██████▎   | 7387/11808 [03:05\u003c01:43, 42.53clip/s]\n"}
,{"stream_name":"stderr","time":269.080145526,"data":"\r[features] train_uniform:  63%|██████▎   | 7387/11808 [03:05\u003c01:43, 42.53clip/s]\r[features] train_uniform:  63%|██████▎   | 7392/11808 [03:05\u003c01:42, 43.25clip/s]\n"}
,{"stream_name":"stderr","time":269.191094382,"data":"\r[features] train_uniform:  63%|██████▎   | 7392/11808 [03:05\u003c01:42, 43.25clip/s]\r[features] train_uniform:  63%|██████▎   | 7397/11808 [03:05\u003c01:41, 43.65clip/s]\n"}
,{"stream_name":"stderr","time":269.306526159,"data":"\r[features] train_uniform:  63%|██████▎   | 7397/11808 [03:05\u003c01:41, 43.65clip/s]\r[features] train_uniform:  63%|██████▎   | 7402/11808 [03:05\u003c01:41, 43.56clip/s]\n"}
,{"stream_name":"stderr","time":269.46448305,"data":"\r[features] train_uniform:  63%|██████▎   | 7402/11808 [03:05\u003c01:41, 43.56clip/s]\r[features] train_uniform:  63%|██████▎   | 7407/11808 [03:06\u003c01:52, 39.14clip/s]\n"}
,{"stream_name":"stderr","time":269.571989648,"data":"\r[features] train_uniform:  63%|██████▎   | 7407/11808 [03:06\u003c01:52, 39.14clip/s]\r[features] train_uniform:  63%|██████▎   | 7412/11808 [03:06\u003c01:46, 41.19clip/s]\n"}
,{"stream_name":"stderr","time":269.784851475,"data":"\r[features] train_uniform:  63%|██████▎   | 7412/11808 [03:06\u003c01:46, 41.19clip/s]\r[features] train_uniform:  63%|██████▎   | 7417/11808 [03:06\u003c02:10, 33.57clip/s]\n"}
,{"stream_name":"stderr","time":269.899023162,"data":"\r[features] train_uniform:  63%|██████▎   | 7417/11808 [03:06\u003c02:10, 33.57clip/s]\r[features] train_uniform:  63%|██████▎   | 7423/11808 [03:06\u003c01:54, 38.28clip/s]\n"}
,{"stream_name":"stderr","time":270.052816186,"data":"\r[features] train_uniform:  63%|██████▎   | 7423/11808 [03:06\u003c01:54, 38.28clip/s]\r[features] train_uniform:  63%|██████▎   | 7428/11808 [03:06\u003c02:00, 36.41clip/s]\n"}
,{"stream_name":"stderr","time":270.166107413,"data":"\r[features] train_uniform:  63%|██████▎   | 7428/11808 [03:06\u003c02:00, 36.41clip/s]\r[features] train_uniform:  63%|██████▎   | 7433/11808 [03:06\u003c01:54, 38.36clip/s]\n"}
,{"stream_name":"stderr","time":270.278288864,"data":"\r[features] train_uniform:  63%|██████▎   | 7433/11808 [03:06\u003c01:54, 38.36clip/s]\r[features] train_uniform:  63%|██████▎   | 7438/11808 [03:06\u003c01:49, 39.93clip/s]\n"}
,{"stream_name":"stderr","time":270.391966707,"data":"\r[features] train_uniform:  63%|██████▎   | 7438/11808 [03:06\u003c01:49, 39.93clip/s]\r[features] train_uniform:  63%|██████▎   | 7443/11808 [03:06\u003c01:46, 41.06clip/s]\n"}
,{"stream_name":"stderr","time":270.499256034,"data":"\r[features] train_uniform:  63%|██████▎   | 7443/11808 [03:06\u003c01:46, 41.06clip/s]\r[features] train_uniform:  63%|██████▎   | 7448/11808 [03:07\u003c01:42, 42.55clip/s]\n"}
,{"stream_name":"stderr","time":270.607154164,"data":"\r[features] train_uniform:  63%|██████▎   | 7448/11808 [03:07\u003c01:42, 42.55clip/s]\r[features] train_uniform:  63%|██████▎   | 7453/11808 [03:07\u003c01:39, 43.66clip/s]\n"}
,{"stream_name":"stderr","time":270.723570965,"data":"\r[features] train_uniform:  63%|██████▎   | 7453/11808 [03:07\u003c01:39, 43.66clip/s]\r[features] train_uniform:  63%|██████▎   | 7458/11808 [03:07\u003c01:40, 43.40clip/s]\n"}
,{"stream_name":"stderr","time":270.838405494,"data":"\r[features] train_uniform:  63%|██████▎   | 7458/11808 [03:07\u003c01:40, 43.40clip/s]\r[features] train_uniform:  63%|██████▎   | 7464/11808 [03:07\u003c01:34, 46.04clip/s]\n"}
,{"stream_name":"stderr","time":270.948560485,"data":"\r[features] train_uniform:  63%|██████▎   | 7464/11808 [03:07\u003c01:34, 46.04clip/s]\r[features] train_uniform:  63%|██████▎   | 7469/11808 [03:07\u003c01:34, 45.85clip/s]\n"}
,{"stream_name":"stderr","time":271.060927527,"data":"\r[features] train_uniform:  63%|██████▎   | 7469/11808 [03:07\u003c01:34, 45.85clip/s]\r[features] train_uniform:  63%|██████▎   | 7474/11808 [03:07\u003c01:35, 45.49clip/s]\n"}
,{"stream_name":"stderr","time":271.16301208,"data":"\r[features] train_uniform:  63%|██████▎   | 7474/11808 [03:07\u003c01:35, 45.49clip/s]\r[features] train_uniform:  63%|██████▎   | 7479/11808 [03:07\u003c01:33, 46.44clip/s]\n"}
,{"stream_name":"stderr","time":271.312945619,"data":"\r[features] train_uniform:  63%|██████▎   | 7479/11808 [03:07\u003c01:33, 46.44clip/s]\r[features] train_uniform:  63%|██████▎   | 7484/11808 [03:07\u003c01:43, 41.78clip/s]\n"}
,{"stream_name":"stderr","time":271.431164444,"data":"\r[features] train_uniform:  63%|██████▎   | 7484/11808 [03:07\u003c01:43, 41.78clip/s]\r[features] train_uniform:  63%|██████▎   | 7489/11808 [03:07\u003c01:43, 41.75clip/s]\n"}
,{"stream_name":"stderr","time":271.543796651,"data":"\r[features] train_uniform:  63%|██████▎   | 7489/11808 [03:07\u003c01:43, 41.75clip/s]\r[features] train_uniform:  63%|██████▎   | 7494/11808 [03:08\u003c01:41, 42.56clip/s]\n"}
,{"stream_name":"stderr","time":271.658319302,"data":"\r[features] train_uniform:  63%|██████▎   | 7494/11808 [03:08\u003c01:41, 42.56clip/s]\r[features] train_uniform:  64%|██████▎   | 7500/11808 [03:08\u003c01:34, 45.37clip/s]\n"}
,{"stream_name":"stderr","time":271.783380285,"data":"\r[features] train_uniform:  64%|██████▎   | 7500/11808 [03:08\u003c01:34, 45.37clip/s]\r[features] train_uniform:  64%|██████▎   | 7506/11808 [03:08\u003c01:32, 46.26clip/s]\n"}
,{"stream_name":"stderr","time":271.883594458,"data":"\r[features] train_uniform:  64%|██████▎   | 7506/11808 [03:08\u003c01:32, 46.26clip/s]\r[features] train_uniform:  64%|██████▎   | 7511/11808 [03:08\u003c01:31, 47.21clip/s]\n"}
,{"stream_name":"stderr","time":271.99074947,"data":"\r[features] train_uniform:  64%|██████▎   | 7511/11808 [03:08\u003c01:31, 47.21clip/s]\r[features] train_uniform:  64%|██████▎   | 7516/11808 [03:08\u003c01:31, 46.98clip/s]\n"}
,{"stream_name":"stderr","time":272.102744094,"data":"\r[features] train_uniform:  64%|██████▎   | 7516/11808 [03:08\u003c01:31, 46.98clip/s]\r[features] train_uniform:  64%|██████▎   | 7522/11808 [03:08\u003c01:27, 49.01clip/s]\n"}
,{"stream_name":"stderr","time":272.214497148,"data":"\r[features] train_uniform:  64%|██████▎   | 7522/11808 [03:08\u003c01:27, 49.01clip/s]\r[features] train_uniform:  64%|██████▎   | 7527/11808 [03:08\u003c01:29, 47.68clip/s]\n"}
,{"stream_name":"stderr","time":272.334286075,"data":"\r[features] train_uniform:  64%|██████▎   | 7527/11808 [03:08\u003c01:29, 47.68clip/s]\r[features] train_uniform:  64%|██████▍   | 7533/11808 [03:08\u003c01:28, 48.50clip/s]\n"}
,{"stream_name":"stderr","time":272.449013788,"data":"\r[features] train_uniform:  64%|██████▍   | 7533/11808 [03:08\u003c01:28, 48.50clip/s]\r[features] train_uniform:  64%|██████▍   | 7538/11808 [03:08\u003c01:30, 46.98clip/s]\n"}
,{"stream_name":"stderr","time":272.571149609,"data":"\r[features] train_uniform:  64%|██████▍   | 7538/11808 [03:08\u003c01:30, 46.98clip/s]\r[features] train_uniform:  64%|██████▍   | 7544/11808 [03:09\u003c01:29, 47.67clip/s]\n"}
,{"stream_name":"stderr","time":272.68732521,"data":"\r[features] train_uniform:  64%|██████▍   | 7544/11808 [03:09\u003c01:29, 47.67clip/s]\r[features] train_uniform:  64%|██████▍   | 7550/11808 [03:09\u003c01:27, 48.89clip/s]\n"}
,{"stream_name":"stderr","time":272.793872062,"data":"\r[features] train_uniform:  64%|██████▍   | 7550/11808 [03:09\u003c01:27, 48.89clip/s]\r[features] train_uniform:  64%|██████▍   | 7555/11808 [03:09\u003c01:27, 48.35clip/s]\n"}
,{"stream_name":"stderr","time":272.910978994,"data":"\r[features] train_uniform:  64%|██████▍   | 7555/11808 [03:09\u003c01:27, 48.35clip/s]\r[features] train_uniform:  64%|██████▍   | 7561/11808 [03:09\u003c01:26, 49.27clip/s]\n"}
,{"stream_name":"stderr","time":273.026425643,"data":"\r[features] train_uniform:  64%|██████▍   | 7561/11808 [03:09\u003c01:26, 49.27clip/s]\r[features] train_uniform:  64%|██████▍   | 7566/11808 [03:09\u003c01:29, 47.47clip/s]\n"}
,{"stream_name":"stderr","time":273.13117353,"data":"\r[features] train_uniform:  64%|██████▍   | 7566/11808 [03:09\u003c01:29, 47.47clip/s]\r[features] train_uniform:  64%|██████▍   | 7571/11808 [03:09\u003c01:28, 47.69clip/s]\n"}
,{"stream_name":"stderr","time":273.245067434,"data":"\r[features] train_uniform:  64%|██████▍   | 7571/11808 [03:09\u003c01:28, 47.69clip/s]\r[features] train_uniform:  64%|██████▍   | 7577/11808 [03:09\u003c01:26, 48.98clip/s]\n"}
,{"stream_name":"stderr","time":273.371752477,"data":"\r[features] train_uniform:  64%|██████▍   | 7577/11808 [03:09\u003c01:26, 48.98clip/s]\r[features] train_uniform:  64%|██████▍   | 7582/11808 [03:09\u003c01:31, 45.94clip/s]\n"}
,{"stream_name":"stderr","time":273.472557694,"data":"\r[features] train_uniform:  64%|██████▍   | 7582/11808 [03:09\u003c01:31, 45.94clip/s]\r[features] train_uniform:  64%|██████▍   | 7587/11808 [03:10\u003c01:30, 46.83clip/s]\n"}
,{"stream_name":"stderr","time":273.586402606,"data":"\r[features] train_uniform:  64%|██████▍   | 7587/11808 [03:10\u003c01:30, 46.83clip/s]\r[features] train_uniform:  64%|██████▍   | 7592/11808 [03:10\u003c01:31, 45.95clip/s]\n"}
,{"stream_name":"stderr","time":273.699514044,"data":"\r[features] train_uniform:  64%|██████▍   | 7592/11808 [03:10\u003c01:31, 45.95clip/s]\r[features] train_uniform:  64%|██████▍   | 7597/11808 [03:10\u003c01:32, 45.48clip/s]\n"}
,{"stream_name":"stderr","time":273.81692048,"data":"\r[features] train_uniform:  64%|██████▍   | 7597/11808 [03:10\u003c01:32, 45.48clip/s]\r[features] train_uniform:  64%|██████▍   | 7603/11808 [03:10\u003c01:29, 47.22clip/s]\n"}
,{"stream_name":"stderr","time":273.924904008,"data":"\r[features] train_uniform:  64%|██████▍   | 7603/11808 [03:10\u003c01:29, 47.22clip/s]\r[features] train_uniform:  64%|██████▍   | 7608/11808 [03:10\u003c01:29, 46.92clip/s]\n"}
,{"stream_name":"stderr","time":274.045205336,"data":"\r[features] train_uniform:  64%|██████▍   | 7608/11808 [03:10\u003c01:29, 46.92clip/s]\r[features] train_uniform:  64%|██████▍   | 7613/11808 [03:10\u003c01:32, 45.24clip/s]\n"}
,{"stream_name":"stderr","time":274.156247854,"data":"\r[features] train_uniform:  64%|██████▍   | 7613/11808 [03:10\u003c01:32, 45.24clip/s]\r[features] train_uniform:  65%|██████▍   | 7618/11808 [03:10\u003c01:32, 45.19clip/s]\n"}
,{"stream_name":"stderr","time":274.262771283,"data":"\r[features] train_uniform:  65%|██████▍   | 7618/11808 [03:10\u003c01:32, 45.19clip/s]\r[features] train_uniform:  65%|██████▍   | 7623/11808 [03:10\u003c01:31, 45.71clip/s]\n"}
,{"stream_name":"stderr","time":274.389843429,"data":"\r[features] train_uniform:  65%|██████▍   | 7623/11808 [03:10\u003c01:31, 45.71clip/s]\r[features] train_uniform:  65%|██████▍   | 7628/11808 [03:10\u003c01:35, 43.57clip/s]\n"}
,{"stream_name":"stderr","time":274.504101426,"data":"\r[features] train_uniform:  65%|██████▍   | 7628/11808 [03:10\u003c01:35, 43.57clip/s]\r[features] train_uniform:  65%|██████▍   | 7633/11808 [03:11\u003c01:35, 43.70clip/s]\n"}
,{"stream_name":"stderr","time":274.617102457,"data":"\r[features] train_uniform:  65%|██████▍   | 7633/11808 [03:11\u003c01:35, 43.70clip/s]\r[features] train_uniform:  65%|██████▍   | 7638/11808 [03:11\u003c01:35, 43.82clip/s]\n"}
,{"stream_name":"stderr","time":274.7179746,"data":"\r[features] train_uniform:  65%|██████▍   | 7638/11808 [03:11\u003c01:35, 43.82clip/s]\r[features] train_uniform:  65%|██████▍   | 7643/11808 [03:11\u003c01:31, 45.39clip/s]\n"}
,{"stream_name":"stderr","time":274.817382363,"data":"\r[features] train_uniform:  65%|██████▍   | 7643/11808 [03:11\u003c01:31, 45.39clip/s]\r[features] train_uniform:  65%|██████▍   | 7648/11808 [03:11\u003c01:29, 46.67clip/s]\n"}
,{"stream_name":"stderr","time":274.934050017,"data":"\r[features] train_uniform:  65%|██████▍   | 7648/11808 [03:11\u003c01:29, 46.67clip/s]\r[features] train_uniform:  65%|██████▍   | 7653/11808 [03:11\u003c01:31, 45.57clip/s]\n"}
,{"stream_name":"stderr","time":275.080997084,"data":"\r[features] train_uniform:  65%|██████▍   | 7653/11808 [03:11\u003c01:31, 45.57clip/s]\r[features] train_uniform:  65%|██████▍   | 7658/11808 [03:11\u003c01:40, 41.33clip/s]\n"}
,{"stream_name":"stderr","time":275.199736737,"data":"\r[features] train_uniform:  65%|██████▍   | 7658/11808 [03:11\u003c01:40, 41.33clip/s]\r[features] train_uniform:  65%|██████▍   | 7663/11808 [03:11\u003c01:39, 41.60clip/s]\n"}
,{"stream_name":"stderr","time":275.317120393,"data":"\r[features] train_uniform:  65%|██████▍   | 7663/11808 [03:11\u003c01:39, 41.60clip/s]\r[features] train_uniform:  65%|██████▍   | 7669/11808 [03:11\u003c01:33, 44.44clip/s]\n"}
,{"stream_name":"stderr","time":275.421908719,"data":"\r[features] train_uniform:  65%|██████▍   | 7669/11808 [03:11\u003c01:33, 44.44clip/s]\r[features] train_uniform:  65%|██████▍   | 7674/11808 [03:11\u003c01:31, 45.23clip/s]\n"}
,{"stream_name":"stderr","time":275.540236298,"data":"\r[features] train_uniform:  65%|██████▍   | 7674/11808 [03:11\u003c01:31, 45.23clip/s]\r[features] train_uniform:  65%|██████▌   | 7679/11808 [03:12\u003c01:33, 44.34clip/s]\n"}
,{"stream_name":"stderr","time":275.660148148,"data":"\r[features] train_uniform:  65%|██████▌   | 7679/11808 [03:12\u003c01:33, 44.34clip/s]\r[features] train_uniform:  65%|██████▌   | 7685/11808 [03:12\u003c01:29, 46.15clip/s]\n"}
,{"stream_name":"stderr","time":275.782952495,"data":"\r[features] train_uniform:  65%|██████▌   | 7685/11808 [03:12\u003c01:29, 46.15clip/s]\r[features] train_uniform:  65%|██████▌   | 7691/11808 [03:12\u003c01:27, 46.99clip/s]\n"}
,{"stream_name":"stderr","time":275.898636088,"data":"\r[features] train_uniform:  65%|██████▌   | 7691/11808 [03:12\u003c01:27, 46.99clip/s]\r[features] train_uniform:  65%|██████▌   | 7697/11808 [03:12\u003c01:24, 48.40clip/s]\n"}
,{"stream_name":"stderr","time":275.999110848,"data":"\r[features] train_uniform:  65%|██████▌   | 7697/11808 [03:12\u003c01:24, 48.40clip/s]\r[features] train_uniform:  65%|██████▌   | 7702/11808 [03:12\u003c01:24, 48.73clip/s]\n"}
,{"stream_name":"stderr","time":276.108800052,"data":"\r[features] train_uniform:  65%|██████▌   | 7702/11808 [03:12\u003c01:24, 48.73clip/s]\r[features] train_uniform:  65%|██████▌   | 7707/11808 [03:12\u003c01:25, 47.79clip/s]\n"}
,{"stream_name":"stderr","time":276.21651144,"data":"\r[features] train_uniform:  65%|██████▌   | 7707/11808 [03:12\u003c01:25, 47.79clip/s]\r[features] train_uniform:  65%|██████▌   | 7712/11808 [03:12\u003c01:26, 47.40clip/s]\n"}
,{"stream_name":"stderr","time":276.318991351,"data":"\r[features] train_uniform:  65%|██████▌   | 7712/11808 [03:12\u003c01:26, 47.40clip/s]\r[features] train_uniform:  65%|██████▌   | 7717/11808 [03:12\u003c01:25, 47.77clip/s]\n"}
,{"stream_name":"stderr","time":276.422970883,"data":"\r[features] train_uniform:  65%|██████▌   | 7717/11808 [03:12\u003c01:25, 47.77clip/s]\r[features] train_uniform:  65%|██████▌   | 7722/11808 [03:12\u003c01:25, 47.83clip/s]\n"}
,{"stream_name":"stderr","time":276.544419915,"data":"\r[features] train_uniform:  65%|██████▌   | 7722/11808 [03:12\u003c01:25, 47.83clip/s]\r[features] train_uniform:  65%|██████▌   | 7727/11808 [03:13\u003c01:29, 45.69clip/s]\n"}
,{"stream_name":"stderr","time":276.666861946,"data":"\r[features] train_uniform:  65%|██████▌   | 7727/11808 [03:13\u003c01:29, 45.69clip/s]\r[features] train_uniform:  65%|██████▌   | 7732/11808 [03:13\u003c01:32, 44.22clip/s]\n"}
,{"stream_name":"stderr","time":276.795354716,"data":"\r[features] train_uniform:  65%|██████▌   | 7732/11808 [03:13\u003c01:32, 44.22clip/s]\r[features] train_uniform:  66%|██████▌   | 7737/11808 [03:13\u003c01:35, 42.50clip/s]\n"}
,{"stream_name":"stderr","time":276.900154987,"data":"\r[features] train_uniform:  66%|██████▌   | 7737/11808 [03:13\u003c01:35, 42.50clip/s]\r[features] train_uniform:  66%|██████▌   | 7742/11808 [03:13\u003c01:32, 43.84clip/s]\n"}
,{"stream_name":"stderr","time":277.016904662,"data":"\r[features] train_uniform:  66%|██████▌   | 7742/11808 [03:13\u003c01:32, 43.84clip/s]\r[features] train_uniform:  66%|██████▌   | 7747/11808 [03:13\u003c01:33, 43.62clip/s]\n"}
,{"stream_name":"stderr","time":277.126949718,"data":"\r[features] train_uniform:  66%|██████▌   | 7747/11808 [03:13\u003c01:33, 43.62clip/s]\r[features] train_uniform:  66%|██████▌   | 7752/11808 [03:13\u003c01:31, 44.10clip/s]\n"}
,{"stream_name":"stderr","time":277.259253817,"data":"\r[features] train_uniform:  66%|██████▌   | 7752/11808 [03:13\u003c01:31, 44.10clip/s]\r[features] train_uniform:  66%|██████▌   | 7757/11808 [03:13\u003c01:36, 42.00clip/s]\n"}
,{"stream_name":"stderr","time":277.377862376,"data":"\r[features] train_uniform:  66%|██████▌   | 7757/11808 [03:13\u003c01:36, 42.00clip/s]\r[features] train_uniform:  66%|██████▌   | 7763/11808 [03:13\u003c01:30, 44.60clip/s]\n"}
,{"stream_name":"stderr","time":277.497248448,"data":"\r[features] train_uniform:  66%|██████▌   | 7763/11808 [03:13\u003c01:30, 44.60clip/s]\r[features] train_uniform:  66%|██████▌   | 7769/11808 [03:14\u003c01:27, 46.31clip/s]\n"}
,{"stream_name":"stderr","time":277.611906439,"data":"\r[features] train_uniform:  66%|██████▌   | 7769/11808 [03:14\u003c01:27, 46.31clip/s]\r[features] train_uniform:  66%|██████▌   | 7774/11808 [03:14\u003c01:28, 45.55clip/s]\n"}
,{"stream_name":"stderr","time":277.785242313,"data":"\r[features] train_uniform:  66%|██████▌   | 7774/11808 [03:14\u003c01:28, 45.55clip/s]\r[features] train_uniform:  66%|██████▌   | 7779/11808 [03:14\u003c01:43, 39.01clip/s]\n"}
,{"stream_name":"stderr","time":277.88675188,"data":"\r[features] train_uniform:  66%|██████▌   | 7779/11808 [03:14\u003c01:43, 39.01clip/s]\r[features] train_uniform:  66%|██████▌   | 7784/11808 [03:14\u003c01:36, 41.54clip/s]\n"}
,{"stream_name":"stderr","time":278.008137869,"data":"\r[features] train_uniform:  66%|██████▌   | 7784/11808 [03:14\u003c01:36, 41.54clip/s]\r[features] train_uniform:  66%|██████▌   | 7789/11808 [03:14\u003c01:37, 41.40clip/s]\n"}
,{"stream_name":"stderr","time":278.114598456,"data":"\r[features] train_uniform:  66%|██████▌   | 7789/11808 [03:14\u003c01:37, 41.40clip/s]\r[features] train_uniform:  66%|██████▌   | 7794/11808 [03:14\u003c01:33, 42.91clip/s]\n"}
,{"stream_name":"stderr","time":278.23570836,"data":"\r[features] train_uniform:  66%|██████▌   | 7794/11808 [03:14\u003c01:33, 42.91clip/s]\r[features] train_uniform:  66%|██████▌   | 7799/11808 [03:14\u003c01:34, 42.41clip/s]\n"}
,{"stream_name":"stderr","time":278.343145543,"data":"\r[features] train_uniform:  66%|██████▌   | 7799/11808 [03:14\u003c01:34, 42.41clip/s]\r[features] train_uniform:  66%|██████▌   | 7804/11808 [03:14\u003c01:31, 43.57clip/s]\n"}
,{"stream_name":"stderr","time":278.450653302,"data":"\r[features] train_uniform:  66%|██████▌   | 7804/11808 [03:14\u003c01:31, 43.57clip/s]\r[features] train_uniform:  66%|██████▌   | 7809/11808 [03:14\u003c01:30, 44.43clip/s]\n"}
,{"stream_name":"stderr","time":278.570731043,"data":"\r[features] train_uniform:  66%|██████▌   | 7809/11808 [03:14\u003c01:30, 44.43clip/s]\r[features] train_uniform:  66%|██████▌   | 7815/11808 [03:15\u003c01:26, 46.13clip/s]\n"}
,{"stream_name":"stderr","time":278.678669387,"data":"\r[features] train_uniform:  66%|██████▌   | 7815/11808 [03:15\u003c01:26, 46.13clip/s]\r[features] train_uniform:  66%|██████▌   | 7820/11808 [03:15\u003c01:26, 46.17clip/s]\n"}
,{"stream_name":"stderr","time":278.79599819,"data":"\r[features] train_uniform:  66%|██████▌   | 7820/11808 [03:15\u003c01:26, 46.17clip/s]\r[features] train_uniform:  66%|██████▋   | 7826/11808 [03:15\u003c01:23, 47.70clip/s]\n"}
,{"stream_name":"stderr","time":278.905684926,"data":"\r[features] train_uniform:  66%|██████▋   | 7826/11808 [03:15\u003c01:23, 47.70clip/s]\r[features] train_uniform:  66%|██████▋   | 7831/11808 [03:15\u003c01:24, 47.09clip/s]\n"}
,{"stream_name":"stderr","time":279.019840473,"data":"\r[features] train_uniform:  66%|██████▋   | 7831/11808 [03:15\u003c01:24, 47.09clip/s]\r[features] train_uniform:  66%|██████▋   | 7836/11808 [03:15\u003c01:26, 46.11clip/s]\n"}
,{"stream_name":"stderr","time":279.140666061,"data":"\r[features] train_uniform:  66%|██████▋   | 7836/11808 [03:15\u003c01:26, 46.11clip/s]\r[features] train_uniform:  66%|██████▋   | 7842/11808 [03:15\u003c01:23, 47.23clip/s]\n"}
,{"stream_name":"stderr","time":279.253495167,"data":"\r[features] train_uniform:  66%|██████▋   | 7842/11808 [03:15\u003c01:23, 47.23clip/s]\r[features] train_uniform:  66%|██████▋   | 7847/11808 [03:15\u003c01:25, 46.40clip/s]\n"}
,{"stream_name":"stderr","time":279.380112905,"data":"\r[features] train_uniform:  66%|██████▋   | 7847/11808 [03:15\u003c01:25, 46.40clip/s]\r[features] train_uniform:  66%|██████▋   | 7852/11808 [03:15\u003c01:29, 44.19clip/s]\n"}
,{"stream_name":"stderr","time":279.493556848,"data":"\r[features] train_uniform:  66%|██████▋   | 7852/11808 [03:15\u003c01:29, 44.19clip/s]\r[features] train_uniform:  67%|██████▋   | 7857/11808 [03:16\u003c01:29, 44.16clip/s]\n"}
,{"stream_name":"stderr","time":279.609067303,"data":"\r[features] train_uniform:  67%|██████▋   | 7857/11808 [03:16\u003c01:29, 44.16clip/s]\r[features] train_uniform:  67%|██████▋   | 7862/11808 [03:16\u003c01:30, 43.82clip/s]\n"}
,{"stream_name":"stderr","time":279.779575734,"data":"\r[features] train_uniform:  67%|██████▋   | 7862/11808 [03:16\u003c01:30, 43.82clip/s]\r[features] train_uniform:  67%|██████▋   | 7867/11808 [03:16\u003c01:42, 38.30clip/s]\n"}
,{"stream_name":"stderr","time":279.900496006,"data":"\r[features] train_uniform:  67%|██████▋   | 7867/11808 [03:16\u003c01:42, 38.30clip/s]\r[features] train_uniform:  67%|██████▋   | 7873/11808 [03:16\u003c01:34, 41.43clip/s]\n"}
,{"stream_name":"stderr","time":280.017410409,"data":"\r[features] train_uniform:  67%|██████▋   | 7873/11808 [03:16\u003c01:34, 41.43clip/s]\r[features] train_uniform:  67%|██████▋   | 7878/11808 [03:16\u003c01:34, 41.77clip/s]\n"}
,{"stream_name":"stderr","time":280.131481634,"data":"\r[features] train_uniform:  67%|██████▋   | 7878/11808 [03:16\u003c01:34, 41.77clip/s]\r[features] train_uniform:  67%|██████▋   | 7883/11808 [03:16\u003c01:32, 42.33clip/s]\n"}
,{"stream_name":"stderr","time":280.241476583,"data":"\r[features] train_uniform:  67%|██████▋   | 7883/11808 [03:16\u003c01:32, 42.33clip/s]\r[features] train_uniform:  67%|██████▋   | 7888/11808 [03:16\u003c01:30, 43.20clip/s]\n"}
,{"stream_name":"stderr","time":280.347858297,"data":"\r[features] train_uniform:  67%|██████▋   | 7888/11808 [03:16\u003c01:30, 43.20clip/s]\r[features] train_uniform:  67%|██████▋   | 7893/11808 [03:16\u003c01:28, 44.32clip/s]\n"}
,{"stream_name":"stderr","time":280.504232265,"data":"\r[features] train_uniform:  67%|██████▋   | 7893/11808 [03:16\u003c01:28, 44.32clip/s]\r[features] train_uniform:  67%|██████▋   | 7898/11808 [03:17\u003c01:38, 39.84clip/s]\n"}
,{"stream_name":"stderr","time":280.606286185,"data":"\r[features] train_uniform:  67%|██████▋   | 7898/11808 [03:17\u003c01:38, 39.84clip/s]\r[features] train_uniform:  67%|██████▋   | 7903/11808 [03:17\u003c01:32, 42.12clip/s]\n"}
,{"stream_name":"stderr","time":280.720422402,"data":"\r[features] train_uniform:  67%|██████▋   | 7903/11808 [03:17\u003c01:32, 42.12clip/s]\r[features] train_uniform:  67%|██████▋   | 7909/11808 [03:17\u003c01:26, 45.17clip/s]\n"}
,{"stream_name":"stderr","time":280.840212223,"data":"\r[features] train_uniform:  67%|██████▋   | 7909/11808 [03:17\u003c01:26, 45.17clip/s]\r[features] train_uniform:  67%|██████▋   | 7914/11808 [03:17\u003c01:28, 44.12clip/s]\n"}
,{"stream_name":"stderr","time":280.965203537,"data":"\r[features] train_uniform:  67%|██████▋   | 7914/11808 [03:17\u003c01:28, 44.12clip/s]\r[features] train_uniform:  67%|██████▋   | 7919/11808 [03:17\u003c01:30, 42.83clip/s]\n"}
,{"stream_name":"stderr","time":281.08289219,"data":"\r[features] train_uniform:  67%|██████▋   | 7919/11808 [03:17\u003c01:30, 42.83clip/s]\r[features] train_uniform:  67%|██████▋   | 7924/11808 [03:17\u003c01:30, 42.76clip/s]\n"}
,{"stream_name":"stderr","time":281.194788885,"data":"\r[features] train_uniform:  67%|██████▋   | 7924/11808 [03:17\u003c01:30, 42.76clip/s]\r[features] train_uniform:  67%|██████▋   | 7929/11808 [03:17\u003c01:29, 43.25clip/s]\n"}
,{"stream_name":"stderr","time":281.372199221,"data":"\r[features] train_uniform:  67%|██████▋   | 7929/11808 [03:17\u003c01:29, 43.25clip/s]\r[features] train_uniform:  67%|██████▋   | 7934/11808 [03:17\u003c01:43, 37.37clip/s]\n"}
,{"stream_name":"stderr","time":281.479502544,"data":"\r[features] train_uniform:  67%|██████▋   | 7934/11808 [03:17\u003c01:43, 37.37clip/s]\r[features] train_uniform:  67%|██████▋   | 7939/11808 [03:18\u003c01:37, 39.66clip/s]\n"}
,{"stream_name":"stderr","time":281.588507348,"data":"\r[features] train_uniform:  67%|██████▋   | 7939/11808 [03:18\u003c01:37, 39.66clip/s]\r[features] train_uniform:  67%|██████▋   | 7944/11808 [03:18\u003c01:33, 41.34clip/s]\n"}
,{"stream_name":"stderr","time":281.708774867,"data":"\r[features] train_uniform:  67%|██████▋   | 7944/11808 [03:18\u003c01:33, 41.34clip/s]\r[features] train_uniform:  67%|██████▋   | 7950/11808 [03:18\u003c01:27, 43.88clip/s]\n"}
,{"stream_name":"stderr","time":281.818242915,"data":"\r[features] train_uniform:  67%|██████▋   | 7950/11808 [03:18\u003c01:27, 43.88clip/s]\r[features] train_uniform:  67%|██████▋   | 7955/11808 [03:18\u003c01:26, 44.36clip/s]\n"}
,{"stream_name":"stderr","time":281.930179165,"data":"\r[features] train_uniform:  67%|██████▋   | 7955/11808 [03:18\u003c01:26, 44.36clip/s]\r[features] train_uniform:  67%|██████▋   | 7960/11808 [03:18\u003c01:26, 44.45clip/s]\n"}
,{"stream_name":"stderr","time":282.037398713,"data":"\r[features] train_uniform:  67%|██████▋   | 7960/11808 [03:18\u003c01:26, 44.45clip/s]\r[features] train_uniform:  67%|██████▋   | 7965/11808 [03:18\u003c01:25, 45.11clip/s]\n"}
,{"stream_name":"stderr","time":282.214244434,"data":"\r[features] train_uniform:  67%|██████▋   | 7965/11808 [03:18\u003c01:25, 45.11clip/s]\r[features] train_uniform:  67%|██████▋   | 7970/11808 [03:18\u003c01:39, 38.38clip/s]\n"}
,{"stream_name":"stderr","time":282.324366978,"data":"\r[features] train_uniform:  67%|██████▋   | 7970/11808 [03:18\u003c01:39, 38.38clip/s]\r[features] train_uniform:  68%|██████▊   | 7975/11808 [03:18\u003c01:35, 40.24clip/s]\n"}
,{"stream_name":"stderr","time":282.467286772,"data":"\r[features] train_uniform:  68%|██████▊   | 7975/11808 [03:18\u003c01:35, 40.24clip/s]\r[features] train_uniform:  68%|██████▊   | 7980/11808 [03:19\u003c01:39, 38.48clip/s]\n"}
,{"stream_name":"stderr","time":282.603036815,"data":"\r[features] train_uniform:  68%|██████▊   | 7980/11808 [03:19\u003c01:39, 38.48clip/s]\r[features] train_uniform:  68%|██████▊   | 7984/11808 [03:19\u003c01:47, 35.69clip/s]\n"}
,{"stream_name":"stderr","time":282.713120677,"data":"\r[features] train_uniform:  68%|██████▊   | 7984/11808 [03:19\u003c01:47, 35.69clip/s]\r[features] train_uniform:  68%|██████▊   | 7989/11808 [03:19\u003c01:39, 38.25clip/s]\n"}
,{"stream_name":"stderr","time":282.821608494,"data":"\r[features] train_uniform:  68%|██████▊   | 7989/11808 [03:19\u003c01:39, 38.25clip/s]\r[features] train_uniform:  68%|██████▊   | 7994/11808 [03:19\u003c01:34, 40.36clip/s]\n"}
,{"stream_name":"stderr","time":282.933081141,"data":"\r[features] train_uniform:  68%|██████▊   | 7994/11808 [03:19\u003c01:34, 40.36clip/s]\r[features] train_uniform:  68%|██████▊   | 7999/11808 [03:19\u003c01:31, 41.70clip/s]\n"}
,{"stream_name":"stderr","time":283.03963656,"data":"\r[features] train_uniform:  68%|██████▊   | 7999/11808 [03:19\u003c01:31, 41.70clip/s]\r[features] train_uniform:  68%|██████▊   | 8004/11808 [03:19\u003c01:28, 43.17clip/s]\n"}
,{"stream_name":"stderr","time":283.145874579,"data":"\r[features] train_uniform:  68%|██████▊   | 8004/11808 [03:19\u003c01:28, 43.17clip/s]\r[features] train_uniform:  68%|██████▊   | 8009/11808 [03:19\u003c01:25, 44.29clip/s]\n"}
,{"stream_name":"stderr","time":283.260115469,"data":"\r[features] train_uniform:  68%|██████▊   | 8009/11808 [03:19\u003c01:25, 44.29clip/s]\r[features] train_uniform:  68%|██████▊   | 8014/11808 [03:19\u003c01:26, 44.05clip/s]\n"}
,{"stream_name":"stderr","time":283.376116774,"data":"\r[features] train_uniform:  68%|██████▊   | 8014/11808 [03:19\u003c01:26, 44.05clip/s]\r[features] train_uniform:  68%|██████▊   | 8020/11808 [03:19\u003c01:21, 46.47clip/s]\n"}
,{"stream_name":"stderr","time":283.491030846,"data":"\r[features] train_uniform:  68%|██████▊   | 8020/11808 [03:19\u003c01:21, 46.47clip/s]\r[features] train_uniform:  68%|██████▊   | 8026/11808 [03:20\u003c01:18, 48.19clip/s]\n"}
,{"stream_name":"stderr","time":283.651846411,"data":"\r[features] train_uniform:  68%|██████▊   | 8026/11808 [03:20\u003c01:18, 48.19clip/s]\r[features] train_uniform:  68%|██████▊   | 8031/11808 [03:20\u003c01:30, 41.75clip/s]\n"}
,{"stream_name":"stderr","time":283.785180073,"data":"\r[features] train_uniform:  68%|██████▊   | 8031/11808 [03:20\u003c01:30, 41.75clip/s]\r[features] train_uniform:  68%|██████▊   | 8036/11808 [03:20\u003c01:33, 40.43clip/s]\n"}
,{"stream_name":"stderr","time":283.892688931,"data":"\r[features] train_uniform:  68%|██████▊   | 8036/11808 [03:20\u003c01:33, 40.43clip/s]\r[features] train_uniform:  68%|██████▊   | 8041/11808 [03:20\u003c01:29, 42.00clip/s]\n"}
,{"stream_name":"stderr","time":284.079490354,"data":"\r[features] train_uniform:  68%|██████▊   | 8041/11808 [03:20\u003c01:29, 42.00clip/s]\r[features] train_uniform:  68%|██████▊   | 8046/11808 [03:20\u003c01:44, 36.01clip/s]\n"}
,{"stream_name":"stderr","time":284.185952557,"data":"\r[features] train_uniform:  68%|██████▊   | 8046/11808 [03:20\u003c01:44, 36.01clip/s]\r[features] train_uniform:  68%|██████▊   | 8051/11808 [03:20\u003c01:37, 38.64clip/s]\n"}
,{"stream_name":"stderr","time":284.301462599,"data":"\r[features] train_uniform:  68%|██████▊   | 8051/11808 [03:20\u003c01:37, 38.64clip/s]\r[features] train_uniform:  68%|██████▊   | 8057/11808 [03:20\u003c01:28, 42.28clip/s]\n"}
,{"stream_name":"stderr","time":284.471755329,"data":"\r[features] train_uniform:  68%|██████▊   | 8057/11808 [03:20\u003c01:28, 42.28clip/s]\r[features] train_uniform:  68%|██████▊   | 8062/11808 [03:21\u003c01:39, 37.59clip/s]\n"}
,{"stream_name":"stderr","time":284.598432654,"data":"\r[features] train_uniform:  68%|██████▊   | 8062/11808 [03:21\u003c01:39, 37.59clip/s]\r[features] train_uniform:  68%|██████▊   | 8068/11808 [03:21\u003c01:32, 40.31clip/s]\n"}
,{"stream_name":"stderr","time":284.707439608,"data":"\r[features] train_uniform:  68%|██████▊   | 8068/11808 [03:21\u003c01:32, 40.31clip/s]\r[features] train_uniform:  68%|██████▊   | 8074/11808 [03:21\u003c01:24, 44.09clip/s]\n"}
,{"stream_name":"stderr","time":284.809554488,"data":"\r[features] train_uniform:  68%|██████▊   | 8074/11808 [03:21\u003c01:24, 44.09clip/s]\r[features] train_uniform:  68%|██████▊   | 8079/11808 [03:21\u003c01:22, 45.32clip/s]\n"}
,{"stream_name":"stderr","time":284.92416188,"data":"\r[features] train_uniform:  68%|██████▊   | 8079/11808 [03:21\u003c01:22, 45.32clip/s]\r[features] train_uniform:  68%|██████▊   | 8084/11808 [03:21\u003c01:23, 44.86clip/s]\n"}
,{"stream_name":"stderr","time":285.037570572,"data":"\r[features] train_uniform:  68%|██████▊   | 8084/11808 [03:21\u003c01:23, 44.86clip/s]\r[features] train_uniform:  69%|██████▊   | 8090/11808 [03:21\u003c01:18, 47.14clip/s]\n"}
,{"stream_name":"stderr","time":285.139447567,"data":"\r[features] train_uniform:  69%|██████▊   | 8090/11808 [03:21\u003c01:18, 47.14clip/s]\r[features] train_uniform:  69%|██████▊   | 8095/11808 [03:21\u003c01:17, 47.67clip/s]\n"}
,{"stream_name":"stderr","time":285.258072925,"data":"\r[features] train_uniform:  69%|██████▊   | 8095/11808 [03:21\u003c01:17, 47.67clip/s]\r[features] train_uniform:  69%|██████▊   | 8100/11808 [03:21\u003c01:20, 45.91clip/s]\n"}
,{"stream_name":"stderr","time":285.36430038,"data":"\r[features] train_uniform:  69%|██████▊   | 8100/11808 [03:21\u003c01:20, 45.91clip/s]\r[features] train_uniform:  69%|██████▊   | 8105/11808 [03:21\u003c01:20, 46.23clip/s]\n"}
,{"stream_name":"stderr","time":285.473888461,"data":"\r[features] train_uniform:  69%|██████▊   | 8105/11808 [03:21\u003c01:20, 46.23clip/s]\r[features] train_uniform:  69%|██████▊   | 8110/11808 [03:22\u003c01:20, 46.10clip/s]\n"}
,{"stream_name":"stderr","time":285.619004455,"data":"\r[features] train_uniform:  69%|██████▊   | 8110/11808 [03:22\u003c01:20, 46.10clip/s]\r[features] train_uniform:  69%|██████▊   | 8115/11808 [03:22\u003c01:27, 41.98clip/s]\n"}
,{"stream_name":"stderr","time":285.730531598,"data":"\r[features] train_uniform:  69%|██████▊   | 8115/11808 [03:22\u003c01:27, 41.98clip/s]\r[features] train_uniform:  69%|██████▉   | 8120/11808 [03:22\u003c01:26, 42.73clip/s]\n"}
,{"stream_name":"stderr","time":285.831611489,"data":"\r[features] train_uniform:  69%|██████▉   | 8120/11808 [03:22\u003c01:26, 42.73clip/s]\r[features] train_uniform:  69%|██████▉   | 8125/11808 [03:22\u003c01:22, 44.55clip/s]\n"}
,{"stream_name":"stderr","time":285.944172039,"data":"\r[features] train_uniform:  69%|██████▉   | 8125/11808 [03:22\u003c01:22, 44.55clip/s]\r[features] train_uniform:  69%|██████▉   | 8130/11808 [03:22\u003c01:22, 44.51clip/s]\n"}
,{"stream_name":"stderr","time":286.054405563,"data":"\r[features] train_uniform:  69%|██████▉   | 8130/11808 [03:22\u003c01:22, 44.51clip/s]\r[features] train_uniform:  69%|██████▉   | 8135/11808 [03:22\u003c01:22, 44.74clip/s]\n"}
,{"stream_name":"stderr","time":286.15457844,"data":"\r[features] train_uniform:  69%|██████▉   | 8135/11808 [03:22\u003c01:22, 44.74clip/s]\r[features] train_uniform:  69%|██████▉   | 8140/11808 [03:22\u003c01:19, 46.19clip/s]\n"}
,{"stream_name":"stderr","time":286.254978068,"data":"\r[features] train_uniform:  69%|██████▉   | 8140/11808 [03:22\u003c01:19, 46.19clip/s]\r[features] train_uniform:  69%|██████▉   | 8145/11808 [03:22\u003c01:17, 47.19clip/s]\n"}
,{"stream_name":"stderr","time":286.36711586,"data":"\r[features] train_uniform:  69%|██████▉   | 8145/11808 [03:22\u003c01:17, 47.19clip/s]\r[features] train_uniform:  69%|██████▉   | 8151/11808 [03:22\u003c01:14, 49.20clip/s]\n"}
,{"stream_name":"stderr","time":286.472262085,"data":"\r[features] train_uniform:  69%|██████▉   | 8151/11808 [03:22\u003c01:14, 49.20clip/s]\r[features] train_uniform:  69%|██████▉   | 8156/11808 [03:23\u003c01:15, 48.66clip/s]\n"}
,{"stream_name":"stderr","time":286.574769523,"data":"\r[features] train_uniform:  69%|██████▉   | 8156/11808 [03:23\u003c01:15, 48.66clip/s]\r[features] train_uniform:  69%|██████▉   | 8161/11808 [03:23\u003c01:14, 48.75clip/s]\n"}
,{"stream_name":"stderr","time":286.678170423,"data":"\r[features] train_uniform:  69%|██████▉   | 8161/11808 [03:23\u003c01:14, 48.75clip/s]\r[features] train_uniform:  69%|██████▉   | 8166/11808 [03:23\u003c01:14, 48.61clip/s]\n"}
,{"stream_name":"stderr","time":286.784970898,"data":"\r[features] train_uniform:  69%|██████▉   | 8166/11808 [03:23\u003c01:14, 48.61clip/s]\r[features] train_uniform:  69%|██████▉   | 8171/11808 [03:23\u003c01:15, 48.05clip/s]\n"}
,{"stream_name":"stderr","time":286.928072022,"data":"\r[features] train_uniform:  69%|██████▉   | 8171/11808 [03:23\u003c01:15, 48.05clip/s]\r[features] train_uniform:  69%|██████▉   | 8176/11808 [03:23\u003c01:23, 43.34clip/s]\n"}
,{"stream_name":"stderr","time":287.045023378,"data":"\r[features] train_uniform:  69%|██████▉   | 8176/11808 [03:23\u003c01:23, 43.34clip/s]\r[features] train_uniform:  69%|██████▉   | 8182/11808 [03:23\u003c01:19, 45.63clip/s]\n"}
,{"stream_name":"stderr","time":287.154228926,"data":"\r[features] train_uniform:  69%|██████▉   | 8182/11808 [03:23\u003c01:19, 45.63clip/s]\r[features] train_uniform:  69%|██████▉   | 8187/11808 [03:23\u003c01:19, 45.74clip/s]\n"}
,{"stream_name":"stderr","time":287.258588097,"data":"\r[features] train_uniform:  69%|██████▉   | 8187/11808 [03:23\u003c01:19, 45.74clip/s]\r[features] train_uniform:  69%|██████▉   | 8192/11808 [03:23\u003c01:18, 46.34clip/s]\n"}
,{"stream_name":"stderr","time":287.369582398,"data":"\r[features] train_uniform:  69%|██████▉   | 8192/11808 [03:23\u003c01:18, 46.34clip/s]\r[features] train_uniform:  69%|██████▉   | 8198/11808 [03:23\u003c01:14, 48.60clip/s]\n"}
,{"stream_name":"stderr","time":287.487627592,"data":"\r[features] train_uniform:  69%|██████▉   | 8198/11808 [03:23\u003c01:14, 48.60clip/s]\r[features] train_uniform:  69%|██████▉   | 8204/11808 [03:24\u003c01:13, 49.32clip/s]\n"}
,{"stream_name":"stderr","time":287.642792313,"data":"\r[features] train_uniform:  69%|██████▉   | 8204/11808 [03:24\u003c01:13, 49.32clip/s]\r[features] train_uniform:  70%|██████▉   | 8209/11808 [03:24\u003c01:23, 43.01clip/s]\n"}
,{"stream_name":"stderr","time":287.755003361,"data":"\r[features] train_uniform:  70%|██████▉   | 8209/11808 [03:24\u003c01:23, 43.01clip/s]\r[features] train_uniform:  70%|██████▉   | 8214/11808 [03:24\u003c01:22, 43.38clip/s]\n"}
,{"stream_name":"stderr","time":287.855717326,"data":"\r[features] train_uniform:  70%|██████▉   | 8214/11808 [03:24\u003c01:22, 43.38clip/s]\r[features] train_uniform:  70%|██████▉   | 8219/11808 [03:24\u003c01:19, 45.05clip/s]\n"}
,{"stream_name":"stderr","time":287.965406974,"data":"\r[features] train_uniform:  70%|██████▉   | 8219/11808 [03:24\u003c01:19, 45.05clip/s]\r[features] train_uniform:  70%|██████▉   | 8224/11808 [03:24\u003c01:19, 45.16clip/s]\n"}
,{"stream_name":"stderr","time":288.134685506,"data":"\r[features] train_uniform:  70%|██████▉   | 8224/11808 [03:24\u003c01:19, 45.16clip/s]\r[features] train_uniform:  70%|██████▉   | 8229/11808 [03:24\u003c01:31, 39.13clip/s]\n"}
,{"stream_name":"stderr","time":288.316150933,"data":"\r[features] train_uniform:  70%|██████▉   | 8229/11808 [03:24\u003c01:31, 39.13clip/s]\r[features] train_uniform:  70%|██████▉   | 8235/11808 [03:24\u003c01:36, 36.89clip/s]\n"}
,{"stream_name":"stderr","time":288.427534664,"data":"\r[features] train_uniform:  70%|██████▉   | 8235/11808 [03:24\u003c01:36, 36.89clip/s]\r[features] train_uniform:  70%|██████▉   | 8240/11808 [03:24\u003c01:31, 38.85clip/s]\n"}
,{"stream_name":"stderr","time":288.541048448,"data":"\r[features] train_uniform:  70%|██████▉   | 8240/11808 [03:24\u003c01:31, 38.85clip/s]\r[features] train_uniform:  70%|██████▉   | 8246/11808 [03:25\u003c01:23, 42.52clip/s]\n"}
,{"stream_name":"stderr","time":288.65773886,"data":"\r[features] train_uniform:  70%|██████▉   | 8246/11808 [03:25\u003c01:23, 42.52clip/s]\r[features] train_uniform:  70%|██████▉   | 8251/11808 [03:25\u003c01:23, 42.61clip/s]\n"}
,{"stream_name":"stderr","time":288.763557324,"data":"\r[features] train_uniform:  70%|██████▉   | 8251/11808 [03:25\u003c01:23, 42.61clip/s]\r[features] train_uniform:  70%|██████▉   | 8256/11808 [03:25\u003c01:21, 43.85clip/s]\n"}
,{"stream_name":"stderr","time":288.867974915,"data":"\r[features] train_uniform:  70%|██████▉   | 8256/11808 [03:25\u003c01:21, 43.85clip/s]\r[features] train_uniform:  70%|██████▉   | 8261/11808 [03:25\u003c01:18, 44.93clip/s]\n"}
,{"stream_name":"stderr","time":288.98101453,"data":"\r[features] train_uniform:  70%|██████▉   | 8261/11808 [03:25\u003c01:18, 44.93clip/s]\r[features] train_uniform:  70%|███████   | 8267/11808 [03:25\u003c01:14, 47.33clip/s]\n"}
,{"stream_name":"stderr","time":289.095873852,"data":"\r[features] train_uniform:  70%|███████   | 8267/11808 [03:25\u003c01:14, 47.33clip/s]\r[features] train_uniform:  70%|███████   | 8272/11808 [03:25\u003c01:16, 46.21clip/s]\n"}
,{"stream_name":"stderr","time":289.214512695,"data":"\r[features] train_uniform:  70%|███████   | 8272/11808 [03:25\u003c01:16, 46.21clip/s]\r[features] train_uniform:  70%|███████   | 8277/11808 [03:25\u003c01:18, 44.94clip/s]\n"}
,{"stream_name":"stderr","time":289.363429819,"data":"\r[features] train_uniform:  70%|███████   | 8277/11808 [03:25\u003c01:18, 44.94clip/s]\r[features] train_uniform:  70%|███████   | 8282/11808 [03:25\u003c01:26, 40.94clip/s]\n"}
,{"stream_name":"stderr","time":289.521556508,"data":"\r[features] train_uniform:  70%|███████   | 8282/11808 [03:25\u003c01:26, 40.94clip/s]\r[features] train_uniform:  70%|███████   | 8287/11808 [03:26\u003c01:33, 37.67clip/s]\n"}
,{"stream_name":"stderr","time":289.633038707,"data":"\r[features] train_uniform:  70%|███████   | 8287/11808 [03:26\u003c01:33, 37.67clip/s]\r[features] train_uniform:  70%|███████   | 8292/11808 [03:26\u003c01:28, 39.55clip/s]\n"}
,{"stream_name":"stderr","time":289.747289452,"data":"\r[features] train_uniform:  70%|███████   | 8292/11808 [03:26\u003c01:28, 39.55clip/s]\r[features] train_uniform:  70%|███████   | 8298/11808 [03:26\u003c01:21, 43.12clip/s]\n"}
,{"stream_name":"stderr","time":289.850076199,"data":"\r[features] train_uniform:  70%|███████   | 8298/11808 [03:26\u003c01:21, 43.12clip/s]\r[features] train_uniform:  70%|███████   | 8303/11808 [03:26\u003c01:18, 44.61clip/s]\n"}
,{"stream_name":"stderr","time":289.95106553,"data":"\r[features] train_uniform:  70%|███████   | 8303/11808 [03:26\u003c01:18, 44.61clip/s]\r[features] train_uniform:  70%|███████   | 8308/11808 [03:26\u003c01:16, 45.91clip/s]\n"}
,{"stream_name":"stderr","time":290.070382896,"data":"\r[features] train_uniform:  70%|███████   | 8308/11808 [03:26\u003c01:16, 45.91clip/s]\r[features] train_uniform:  70%|███████   | 8314/11808 [03:26\u003c01:13, 47.24clip/s]\n"}
,{"stream_name":"stderr","time":290.180439581,"data":"\r[features] train_uniform:  70%|███████   | 8314/11808 [03:26\u003c01:13, 47.24clip/s]\r[features] train_uniform:  70%|███████   | 8320/11808 [03:26\u003c01:10, 49.33clip/s]\n"}
,{"stream_name":"stderr","time":290.300952018,"data":"\r[features] train_uniform:  70%|███████   | 8320/11808 [03:26\u003c01:10, 49.33clip/s]\r[features] train_uniform:  71%|███████   | 8325/11808 [03:26\u003c01:14, 46.92clip/s]\n"}
,{"stream_name":"stderr","time":290.407524224,"data":"\r[features] train_uniform:  71%|███████   | 8325/11808 [03:26\u003c01:14, 46.92clip/s]\r[features] train_uniform:  71%|███████   | 8330/11808 [03:26\u003c01:14, 46.93clip/s]\n"}
,{"stream_name":"stderr","time":290.525736157,"data":"\r[features] train_uniform:  71%|███████   | 8330/11808 [03:26\u003c01:14, 46.93clip/s]\r[features] train_uniform:  71%|███████   | 8336/11808 [03:27\u003c01:12, 48.09clip/s]\n"}
,{"stream_name":"stderr","time":290.641641684,"data":"\r[features] train_uniform:  71%|███████   | 8336/11808 [03:27\u003c01:12, 48.09clip/s]\r[features] train_uniform:  71%|███████   | 8342/11808 [03:27\u003c01:10, 49.21clip/s]\n"}
,{"stream_name":"stderr","time":290.757641392,"data":"\r[features] train_uniform:  71%|███████   | 8342/11808 [03:27\u003c01:10, 49.21clip/s]\r[features] train_uniform:  71%|███████   | 8347/11808 [03:27\u003c01:13, 47.36clip/s]\n"}
,{"stream_name":"stderr","time":290.874210082,"data":"\r[features] train_uniform:  71%|███████   | 8347/11808 [03:27\u003c01:13, 47.36clip/s]\r[features] train_uniform:  71%|███████   | 8352/11808 [03:27\u003c01:14, 46.68clip/s]\n"}
,{"stream_name":"stderr","time":290.993091583,"data":"\r[features] train_uniform:  71%|███████   | 8352/11808 [03:27\u003c01:14, 46.68clip/s]\r[features] train_uniform:  71%|███████   | 8357/11808 [03:27\u003c01:17, 44.68clip/s]\n"}
,{"stream_name":"stderr","time":291.099320977,"data":"\r[features] train_uniform:  71%|███████   | 8357/11808 [03:27\u003c01:17, 44.68clip/s]\r[features] train_uniform:  71%|███████   | 8363/11808 [03:27\u003c01:11, 47.97clip/s]\n"}
,{"stream_name":"stderr","time":291.258601589,"data":"\r[features] train_uniform:  71%|███████   | 8363/11808 [03:27\u003c01:11, 47.97clip/s]\r[features] train_uniform:  71%|███████   | 8368/11808 [03:27\u003c01:21, 42.08clip/s]\n"}
,{"stream_name":"stderr","time":291.377815795,"data":"\r[features] train_uniform:  71%|███████   | 8368/11808 [03:27\u003c01:21, 42.08clip/s]\r[features] train_uniform:  71%|███████   | 8373/11808 [03:27\u003c01:22, 41.67clip/s]\n"}
,{"stream_name":"stderr","time":291.477808832,"data":"\r[features] train_uniform:  71%|███████   | 8373/11808 [03:27\u003c01:22, 41.67clip/s]\r[features] train_uniform:  71%|███████   | 8378/11808 [03:28\u003c01:18, 43.78clip/s]\n"}
,{"stream_name":"stderr","time":291.580969582,"data":"\r[features] train_uniform:  71%|███████   | 8378/11808 [03:28\u003c01:18, 43.78clip/s]\r[features] train_uniform:  71%|███████   | 8383/11808 [03:28\u003c01:16, 45.04clip/s]\n"}
,{"stream_name":"stderr","time":291.692219913,"data":"\r[features] train_uniform:  71%|███████   | 8383/11808 [03:28\u003c01:16, 45.04clip/s]\r[features] train_uniform:  71%|███████   | 8388/11808 [03:28\u003c01:15, 45.03clip/s]\n"}
,{"stream_name":"stderr","time":291.796269391,"data":"\r[features] train_uniform:  71%|███████   | 8388/11808 [03:28\u003c01:15, 45.03clip/s]\r[features] train_uniform:  71%|███████   | 8393/11808 [03:28\u003c01:14, 45.92clip/s]\n"}
,{"stream_name":"stderr","time":291.914808422,"data":"\r[features] train_uniform:  71%|███████   | 8393/11808 [03:28\u003c01:14, 45.92clip/s]\r[features] train_uniform:  71%|███████   | 8399/11808 [03:28\u003c01:11, 47.46clip/s]\n"}
,{"stream_name":"stderr","time":292.029621297,"data":"\r[features] train_uniform:  71%|███████   | 8399/11808 [03:28\u003c01:11, 47.46clip/s]\r[features] train_uniform:  71%|███████   | 8404/11808 [03:28\u003c01:13, 46.21clip/s]\n"}
,{"stream_name":"stderr","time":292.150071163,"data":"\r[features] train_uniform:  71%|███████   | 8404/11808 [03:28\u003c01:13, 46.21clip/s]\r[features] train_uniform:  71%|███████   | 8409/11808 [03:28\u003c01:15, 44.73clip/s]\n"}
,{"stream_name":"stderr","time":292.265545829,"data":"\r[features] train_uniform:  71%|███████   | 8409/11808 [03:28\u003c01:15, 44.73clip/s]\r[features] train_uniform:  71%|███████▏  | 8415/11808 [03:28\u003c01:12, 46.94clip/s]\n"}
,{"stream_name":"stderr","time":292.386428067,"data":"\r[features] train_uniform:  71%|███████▏  | 8415/11808 [03:28\u003c01:12, 46.94clip/s]\r[features] train_uniform:  71%|███████▏  | 8421/11808 [03:28\u003c01:10, 47.71clip/s]\n"}
,{"stream_name":"stderr","time":292.54963396,"data":"\r[features] train_uniform:  71%|███████▏  | 8421/11808 [03:28\u003c01:10, 47.71clip/s]\r[features] train_uniform:  71%|███████▏  | 8426/11808 [03:29\u003c01:21, 41.38clip/s]\n"}
,{"stream_name":"stderr","time":292.675541993,"data":"\r[features] train_uniform:  71%|███████▏  | 8426/11808 [03:29\u003c01:21, 41.38clip/s]\r[features] train_uniform:  71%|███████▏  | 8432/11808 [03:29\u003c01:18, 43.19clip/s]\n"}
,{"stream_name":"stderr","time":292.789929877,"data":"\r[features] train_uniform:  71%|███████▏  | 8432/11808 [03:29\u003c01:18, 43.19clip/s]\r[features] train_uniform:  71%|███████▏  | 8438/11808 [03:29\u003c01:13, 45.76clip/s]\n"}
,{"stream_name":"stderr","time":292.897002001,"data":"\r[features] train_uniform:  71%|███████▏  | 8438/11808 [03:29\u003c01:13, 45.76clip/s]\r[features] train_uniform:  72%|███████▏  | 8443/11808 [03:29\u003c01:13, 45.99clip/s]\n"}
,{"stream_name":"stderr","time":293.016032417,"data":"\r[features] train_uniform:  72%|███████▏  | 8443/11808 [03:29\u003c01:13, 45.99clip/s]\r[features] train_uniform:  72%|███████▏  | 8448/11808 [03:29\u003c01:15, 44.77clip/s]\n"}
,{"stream_name":"stderr","time":293.172272071,"data":"\r[features] train_uniform:  72%|███████▏  | 8448/11808 [03:29\u003c01:15, 44.77clip/s]\r[features] train_uniform:  72%|███████▏  | 8453/11808 [03:29\u003c01:23, 40.25clip/s]\n"}
,{"stream_name":"stderr","time":293.283884644,"data":"\r[features] train_uniform:  72%|███████▏  | 8453/11808 [03:29\u003c01:23, 40.25clip/s]\r[features] train_uniform:  72%|███████▏  | 8458/11808 [03:29\u003c01:20, 41.47clip/s]\n"}
,{"stream_name":"stderr","time":293.399488677,"data":"\r[features] train_uniform:  72%|███████▏  | 8458/11808 [03:29\u003c01:20, 41.47clip/s]\r[features] train_uniform:  72%|███████▏  | 8464/11808 [03:29\u003c01:15, 44.36clip/s]\n"}
,{"stream_name":"stderr","time":293.533367677,"data":"\r[features] train_uniform:  72%|███████▏  | 8464/11808 [03:29\u003c01:15, 44.36clip/s]\r[features] train_uniform:  72%|███████▏  | 8469/11808 [03:30\u003c01:19, 42.16clip/s]\n"}
,{"stream_name":"stderr","time":293.651602885,"data":"\r[features] train_uniform:  72%|███████▏  | 8469/11808 [03:30\u003c01:19, 42.16clip/s]\r[features] train_uniform:  72%|███████▏  | 8475/11808 [03:30\u003c01:14, 44.65clip/s]\n"}
,{"stream_name":"stderr","time":293.783182943,"data":"\r[features] train_uniform:  72%|███████▏  | 8475/11808 [03:30\u003c01:14, 44.65clip/s]\r[features] train_uniform:  72%|███████▏  | 8481/11808 [03:30\u003c01:14, 44.95clip/s]\n"}
,{"stream_name":"stderr","time":293.991656646,"data":"\r[features] train_uniform:  72%|███████▏  | 8481/11808 [03:30\u003c01:14, 44.95clip/s]\r[features] train_uniform:  72%|███████▏  | 8486/11808 [03:30\u003c01:31, 36.20clip/s]\n"}
,{"stream_name":"stderr","time":294.107289181,"data":"\r[features] train_uniform:  72%|███████▏  | 8486/11808 [03:30\u003c01:31, 36.20clip/s]\r[features] train_uniform:  72%|███████▏  | 8491/11808 [03:30\u003c01:27, 37.92clip/s]\n"}
,{"stream_name":"stderr","time":294.37146582,"data":"\r[features] train_uniform:  72%|███████▏  | 8491/11808 [03:30\u003c01:27, 37.92clip/s]\r[features] train_uniform:  72%|███████▏  | 8497/11808 [03:30\u003c01:19, 41.59clip/s]\n"}
,{"stream_name":"stderr","time":294.388252509,"data":"\r[features] train_uniform:  72%|███████▏  | 8497/11808 [03:30\u003c01:19, 41.59clip/s]\r[features] train_uniform:  72%|███████▏  | 8502/11808 [03:30\u003c01:27, 37.67clip/s]\n"}
,{"stream_name":"stderr","time":294.510708777,"data":"\r[features] train_uniform:  72%|███████▏  | 8502/11808 [03:30\u003c01:27, 37.67clip/s]\r[features] train_uniform:  72%|███████▏  | 8508/11808 [03:31\u003c01:20, 40.78clip/s]\n"}
,{"stream_name":"stderr","time":294.610475555,"data":"\r[features] train_uniform:  72%|███████▏  | 8508/11808 [03:31\u003c01:20, 40.78clip/s]\r[features] train_uniform:  72%|███████▏  | 8513/11808 [03:31\u003c01:16, 42.91clip/s]\n"}
,{"stream_name":"stderr","time":294.72583237,"data":"\r[features] train_uniform:  72%|███████▏  | 8513/11808 [03:31\u003c01:16, 42.91clip/s]\r[features] train_uniform:  72%|███████▏  | 8519/11808 [03:31\u003c01:12, 45.52clip/s]\n"}
,{"stream_name":"stderr","time":294.84102993,"data":"\r[features] train_uniform:  72%|███████▏  | 8519/11808 [03:31\u003c01:12, 45.52clip/s]\r[features] train_uniform:  72%|███████▏  | 8524/11808 [03:31\u003c01:13, 44.94clip/s]\n"}
,{"stream_name":"stderr","time":294.979117357,"data":"\r[features] train_uniform:  72%|███████▏  | 8524/11808 [03:31\u003c01:13, 44.94clip/s]\r[features] train_uniform:  72%|███████▏  | 8529/11808 [03:31\u003c01:17, 42.04clip/s]\n"}
,{"stream_name":"stderr","time":295.140974226,"data":"\r[features] train_uniform:  72%|███████▏  | 8529/11808 [03:31\u003c01:17, 42.04clip/s]\r[features] train_uniform:  72%|███████▏  | 8535/11808 [03:31\u003c01:21, 40.27clip/s]\n"}
,{"stream_name":"stderr","time":295.253884855,"data":"\r[features] train_uniform:  72%|███████▏  | 8535/11808 [03:31\u003c01:21, 40.27clip/s]\r[features] train_uniform:  72%|███████▏  | 8540/11808 [03:31\u003c01:19, 41.30clip/s]\n"}
,{"stream_name":"stderr","time":295.354398279,"data":"\r[features] train_uniform:  72%|███████▏  | 8540/11808 [03:31\u003c01:19, 41.30clip/s]\r[features] train_uniform:  72%|███████▏  | 8545/11808 [03:31\u003c01:15, 43.43clip/s]\n"}
,{"stream_name":"stderr","time":295.468372446,"data":"\r[features] train_uniform:  72%|███████▏  | 8545/11808 [03:31\u003c01:15, 43.43clip/s]\r[features] train_uniform:  72%|███████▏  | 8551/11808 [03:32\u003c01:10, 46.06clip/s]\n"}
,{"stream_name":"stderr","time":295.579889724,"data":"\r[features] train_uniform:  72%|███████▏  | 8551/11808 [03:32\u003c01:10, 46.06clip/s]\r[features] train_uniform:  72%|███████▏  | 8557/11808 [03:32\u003c01:07, 48.20clip/s]\n"}
,{"stream_name":"stderr","time":295.694700655,"data":"\r[features] train_uniform:  72%|███████▏  | 8557/11808 [03:32\u003c01:07, 48.20clip/s]\r[features] train_uniform:  73%|███████▎  | 8562/11808 [03:32\u003c01:09, 46.84clip/s]\n"}
,{"stream_name":"stderr","time":295.824803718,"data":"\r[features] train_uniform:  73%|███████▎  | 8562/11808 [03:32\u003c01:09, 46.84clip/s]\r[features] train_uniform:  73%|███████▎  | 8567/11808 [03:32\u003c01:13, 44.18clip/s]\n"}
,{"stream_name":"stderr","time":295.938155193,"data":"\r[features] train_uniform:  73%|███████▎  | 8567/11808 [03:32\u003c01:13, 44.18clip/s]\r[features] train_uniform:  73%|███████▎  | 8573/11808 [03:32\u003c01:09, 46.67clip/s]\n"}
,{"stream_name":"stderr","time":296.046506455,"data":"\r[features] train_uniform:  73%|███████▎  | 8573/11808 [03:32\u003c01:09, 46.67clip/s]\r[features] train_uniform:  73%|███████▎  | 8579/11808 [03:32\u003c01:05, 49.12clip/s]\n"}
,{"stream_name":"stderr","time":296.173218727,"data":"\r[features] train_uniform:  73%|███████▎  | 8579/11808 [03:32\u003c01:05, 49.12clip/s]\r[features] train_uniform:  73%|███████▎  | 8584/11808 [03:32\u003c01:09, 46.06clip/s]\n"}
,{"stream_name":"stderr","time":296.322915295,"data":"\r[features] train_uniform:  73%|███████▎  | 8584/11808 [03:32\u003c01:09, 46.06clip/s]\r[features] train_uniform:  73%|███████▎  | 8589/11808 [03:32\u003c01:17, 41.66clip/s]\n"}
,{"stream_name":"stderr","time":296.440804901,"data":"\r[features] train_uniform:  73%|███████▎  | 8589/11808 [03:32\u003c01:17, 41.66clip/s]\r[features] train_uniform:  73%|███████▎  | 8594/11808 [03:32\u003c01:16, 41.80clip/s]\n"}
,{"stream_name":"stderr","time":296.585756666,"data":"\r[features] train_uniform:  73%|███████▎  | 8594/11808 [03:32\u003c01:16, 41.80clip/s]\r[features] train_uniform:  73%|███████▎  | 8599/11808 [03:33\u003c01:21, 39.43clip/s]\n"}
,{"stream_name":"stderr","time":296.691156607,"data":"\r[features] train_uniform:  73%|███████▎  | 8599/11808 [03:33\u003c01:21, 39.43clip/s]\r[features] train_uniform:  73%|███████▎  | 8604/11808 [03:33\u003c01:17, 41.40clip/s]\n"}
,{"stream_name":"stderr","time":296.792858705,"data":"\r[features] train_uniform:  73%|███████▎  | 8604/11808 [03:33\u003c01:17, 41.40clip/s]\r[features] train_uniform:  73%|███████▎  | 8609/11808 [03:33\u003c01:13, 43.41clip/s]\n"}
,{"stream_name":"stderr","time":296.911166471,"data":"\r[features] train_uniform:  73%|███████▎  | 8609/11808 [03:33\u003c01:13, 43.41clip/s]\r[features] train_uniform:  73%|███████▎  | 8614/11808 [03:33\u003c01:14, 43.11clip/s]\n"}
,{"stream_name":"stderr","time":297.024887481,"data":"\r[features] train_uniform:  73%|███████▎  | 8614/11808 [03:33\u003c01:14, 43.11clip/s]\r[features] train_uniform:  73%|███████▎  | 8619/11808 [03:33\u003c01:13, 43.34clip/s]\n"}
,{"stream_name":"stderr","time":297.177581725,"data":"\r[features] train_uniform:  73%|███████▎  | 8619/11808 [03:33\u003c01:13, 43.34clip/s]\r[features] train_uniform:  73%|███████▎  | 8624/11808 [03:33\u003c01:20, 39.60clip/s]\n"}
,{"stream_name":"stderr","time":297.279975315,"data":"\r[features] train_uniform:  73%|███████▎  | 8624/11808 [03:33\u003c01:20, 39.60clip/s]\r[features] train_uniform:  73%|███████▎  | 8629/11808 [03:33\u003c01:15, 41.96clip/s]\n"}
,{"stream_name":"stderr","time":297.382828363,"data":"\r[features] train_uniform:  73%|███████▎  | 8629/11808 [03:33\u003c01:15, 41.96clip/s]\r[features] train_uniform:  73%|███████▎  | 8634/11808 [03:33\u003c01:12, 43.72clip/s]\n"}
,{"stream_name":"stderr","time":297.486490551,"data":"\r[features] train_uniform:  73%|███████▎  | 8634/11808 [03:33\u003c01:12, 43.72clip/s]\r[features] train_uniform:  73%|███████▎  | 8639/11808 [03:34\u003c01:10, 44.99clip/s]\n"}
,{"stream_name":"stderr","time":297.670064088,"data":"\r[features] train_uniform:  73%|███████▎  | 8639/11808 [03:34\u003c01:10, 44.99clip/s]\r[features] train_uniform:  73%|███████▎  | 8644/11808 [03:34\u003c01:24, 37.66clip/s]\n"}
,{"stream_name":"stderr","time":297.787598417,"data":"\r[features] train_uniform:  73%|███████▎  | 8644/11808 [03:34\u003c01:24, 37.66clip/s]\r[features] train_uniform:  73%|███████▎  | 8650/11808 [03:34\u003c01:16, 41.27clip/s]\n"}
,{"stream_name":"stderr","time":297.942207687,"data":"\r[features] train_uniform:  73%|███████▎  | 8650/11808 [03:34\u003c01:16, 41.27clip/s]\r[features] train_uniform:  73%|███████▎  | 8655/11808 [03:34\u003c01:22, 38.30clip/s]\n"}
,{"stream_name":"stderr","time":298.065171605,"data":"\r[features] train_uniform:  73%|███████▎  | 8655/11808 [03:34\u003c01:22, 38.30clip/s]\r[features] train_uniform:  73%|███████▎  | 8660/11808 [03:34\u003c01:20, 38.90clip/s]\n"}
,{"stream_name":"stderr","time":298.170512797,"data":"\r[features] train_uniform:  73%|███████▎  | 8660/11808 [03:34\u003c01:20, 38.90clip/s]\r[features] train_uniform:  73%|███████▎  | 8665/11808 [03:34\u003c01:16, 41.04clip/s]\n"}
,{"stream_name":"stderr","time":298.289299121,"data":"\r[features] train_uniform:  73%|███████▎  | 8665/11808 [03:34\u003c01:16, 41.04clip/s]\r[features] train_uniform:  73%|███████▎  | 8671/11808 [03:34\u003c01:11, 43.83clip/s]\n"}
,{"stream_name":"stderr","time":298.401778526,"data":"\r[features] train_uniform:  73%|███████▎  | 8671/11808 [03:34\u003c01:11, 43.83clip/s]\r[features] train_uniform:  73%|███████▎  | 8677/11808 [03:34\u003c01:07, 46.49clip/s]\n"}
,{"stream_name":"stderr","time":298.51160511,"data":"\r[features] train_uniform:  73%|███████▎  | 8677/11808 [03:34\u003c01:07, 46.49clip/s]\r[features] train_uniform:  74%|███████▎  | 8683/11808 [03:35\u003c01:04, 48.81clip/s]\n"}
,{"stream_name":"stderr","time":298.628293421,"data":"\r[features] train_uniform:  74%|███████▎  | 8683/11808 [03:35\u003c01:04, 48.81clip/s]\r[features] train_uniform:  74%|███████▎  | 8689/11808 [03:35\u003c01:02, 49.62clip/s]\n"}
,{"stream_name":"stderr","time":298.751566406,"data":"\r[features] train_uniform:  74%|███████▎  | 8689/11808 [03:35\u003c01:02, 49.62clip/s]\r[features] train_uniform:  74%|███████▎  | 8695/11808 [03:35\u003c01:03, 49.39clip/s]\n"}
,{"stream_name":"stderr","time":298.851773405,"data":"\r[features] train_uniform:  74%|███████▎  | 8695/11808 [03:35\u003c01:03, 49.39clip/s]\r[features] train_uniform:  74%|███████▎  | 8700/11808 [03:35\u003c01:02, 49.51clip/s]\n"}
,{"stream_name":"stderr","time":298.953887916,"data":"\r[features] train_uniform:  74%|███████▎  | 8700/11808 [03:35\u003c01:02, 49.51clip/s]\r[features] train_uniform:  74%|███████▎  | 8705/11808 [03:35\u003c01:02, 49.37clip/s]\n"}
,{"stream_name":"stderr","time":299.064214556,"data":"\r[features] train_uniform:  74%|███████▎  | 8705/11808 [03:35\u003c01:02, 49.37clip/s]\r[features] train_uniform:  74%|███████▍  | 8711/11808 [03:35\u003c01:00, 50.83clip/s]\n"}
,{"stream_name":"stderr","time":299.214931764,"data":"\r[features] train_uniform:  74%|███████▍  | 8711/11808 [03:35\u003c01:00, 50.83clip/s]\r[features] train_uniform:  74%|███████▍  | 8717/11808 [03:35\u003c01:06, 46.74clip/s]\n"}
,{"stream_name":"stderr","time":299.323354983,"data":"\r[features] train_uniform:  74%|███████▍  | 8717/11808 [03:35\u003c01:06, 46.74clip/s]\r[features] train_uniform:  74%|███████▍  | 8722/11808 [03:35\u003c01:06, 46.54clip/s]\n"}
,{"stream_name":"stderr","time":299.632178029,"data":"\r[features] train_uniform:  74%|███████▍  | 8722/11808 [03:35\u003c01:06, 46.54clip/s]\r[features] train_uniform:  74%|███████▍  | 8727/11808 [03:36\u003c01:40, 30.56clip/s]\n"}
,{"stream_name":"stderr","time":299.761494435,"data":"\r[features] train_uniform:  74%|███████▍  | 8727/11808 [03:36\u003c01:40, 30.56clip/s]\r[features] train_uniform:  74%|███████▍  | 8731/11808 [03:36\u003c01:40, 30.62clip/s]\n"}
,{"stream_name":"stderr","time":299.877507302,"data":"\r[features] train_uniform:  74%|███████▍  | 8731/11808 [03:36\u003c01:40, 30.62clip/s]\r[features] train_uniform:  74%|███████▍  | 8736/11808 [03:36\u003c01:31, 33.55clip/s]\n"}
,{"stream_name":"stderr","time":300.103091559,"data":"\r[features] train_uniform:  74%|███████▍  | 8736/11808 [03:36\u003c01:31, 33.55clip/s]\r[features] train_uniform:  74%|███████▍  | 8740/11808 [03:36\u003c01:52, 27.32clip/s]\n"}
,{"stream_name":"stderr","time":300.204535787,"data":"\r[features] train_uniform:  74%|███████▍  | 8740/11808 [03:36\u003c01:52, 27.32clip/s]\r[features] train_uniform:  74%|███████▍  | 8745/11808 [03:36\u003c01:36, 31.77clip/s]\n"}
,{"stream_name":"stderr","time":300.320234971,"data":"\r[features] train_uniform:  74%|███████▍  | 8745/11808 [03:36\u003c01:36, 31.77clip/s]\r[features] train_uniform:  74%|███████▍  | 8751/11808 [03:36\u003c01:23, 36.75clip/s]\n"}
,{"stream_name":"stderr","time":300.434781014,"data":"\r[features] train_uniform:  74%|███████▍  | 8751/11808 [03:36\u003c01:23, 36.75clip/s]\r[features] train_uniform:  74%|███████▍  | 8756/11808 [03:36\u003c01:19, 38.52clip/s]\n"}
,{"stream_name":"stderr","time":300.557410609,"data":"\r[features] train_uniform:  74%|███████▍  | 8756/11808 [03:36\u003c01:19, 38.52clip/s]\r[features] train_uniform:  74%|███████▍  | 8762/11808 [03:37\u003c01:13, 41.44clip/s]\n"}
,{"stream_name":"stderr","time":300.670198082,"data":"\r[features] train_uniform:  74%|███████▍  | 8762/11808 [03:37\u003c01:13, 41.44clip/s]\r[features] train_uniform:  74%|███████▍  | 8767/11808 [03:37\u003c01:11, 42.24clip/s]\n"}
,{"stream_name":"stderr","time":300.784664086,"data":"\r[features] train_uniform:  74%|███████▍  | 8767/11808 [03:37\u003c01:11, 42.24clip/s]\r[features] train_uniform:  74%|███████▍  | 8773/11808 [03:37\u003c01:07, 45.11clip/s]\n"}
,{"stream_name":"stderr","time":300.916994877,"data":"\r[features] train_uniform:  74%|███████▍  | 8773/11808 [03:37\u003c01:07, 45.11clip/s]\r[features] train_uniform:  74%|███████▍  | 8778/11808 [03:37\u003c01:10, 42.76clip/s]\n"}
,{"stream_name":"stderr","time":301.032965799,"data":"\r[features] train_uniform:  74%|███████▍  | 8778/11808 [03:37\u003c01:10, 42.76clip/s]\r[features] train_uniform:  74%|███████▍  | 8783/11808 [03:37\u003c01:10, 42.85clip/s]\n"}
,{"stream_name":"stderr","time":301.142165026,"data":"\r[features] train_uniform:  74%|███████▍  | 8783/11808 [03:37\u003c01:10, 42.85clip/s]\r[features] train_uniform:  74%|███████▍  | 8788/11808 [03:37\u003c01:09, 43.72clip/s]\n"}
,{"stream_name":"stderr","time":301.284239292,"data":"\r[features] train_uniform:  74%|███████▍  | 8788/11808 [03:37\u003c01:09, 43.72clip/s]\r[features] train_uniform:  74%|███████▍  | 8793/11808 [03:37\u003c01:13, 41.17clip/s]\n"}
,{"stream_name":"stderr","time":301.393904964,"data":"\r[features] train_uniform:  74%|███████▍  | 8793/11808 [03:37\u003c01:13, 41.17clip/s]\r[features] train_uniform:  75%|███████▍  | 8798/11808 [03:37\u003c01:11, 42.05clip/s]\n"}
,{"stream_name":"stderr","time":301.509605699,"data":"\r[features] train_uniform:  75%|███████▍  | 8798/11808 [03:37\u003c01:11, 42.05clip/s]\r[features] train_uniform:  75%|███████▍  | 8804/11808 [03:38\u003c01:07, 44.82clip/s]\n"}
,{"stream_name":"stderr","time":301.62223867,"data":"\r[features] train_uniform:  75%|███████▍  | 8804/11808 [03:38\u003c01:07, 44.82clip/s]\r[features] train_uniform:  75%|███████▍  | 8809/11808 [03:38\u003c01:07, 44.69clip/s]\n"}
,{"stream_name":"stderr","time":301.7365164,"data":"\r[features] train_uniform:  75%|███████▍  | 8809/11808 [03:38\u003c01:07, 44.69clip/s]\r[features] train_uniform:  75%|███████▍  | 8815/11808 [03:38\u003c01:03, 47.00clip/s]\n"}
,{"stream_name":"stderr","time":301.85530592,"data":"\r[features] train_uniform:  75%|███████▍  | 8815/11808 [03:38\u003c01:03, 47.00clip/s]\r[features] train_uniform:  75%|███████▍  | 8821/11808 [03:38\u003c01:02, 48.09clip/s]\n"}
,{"stream_name":"stderr","time":301.978639299,"data":"\r[features] train_uniform:  75%|███████▍  | 8821/11808 [03:38\u003c01:02, 48.09clip/s]\r[features] train_uniform:  75%|███████▍  | 8826/11808 [03:38\u003c01:05, 45.74clip/s]\n"}
,{"stream_name":"stderr","time":302.082579104,"data":"\r[features] train_uniform:  75%|███████▍  | 8826/11808 [03:38\u003c01:05, 45.74clip/s]\r[features] train_uniform:  75%|███████▍  | 8831/11808 [03:38\u003c01:04, 46.32clip/s]\n"}
,{"stream_name":"stderr","time":302.291484825,"data":"\r[features] train_uniform:  75%|███████▍  | 8831/11808 [03:38\u003c01:04, 46.32clip/s]\r[features] train_uniform:  75%|███████▍  | 8837/11808 [03:38\u003c01:16, 38.62clip/s]\n"}
,{"stream_name":"stderr","time":302.403878781,"data":"\r[features] train_uniform:  75%|███████▍  | 8837/11808 [03:38\u003c01:16, 38.62clip/s]\r[features] train_uniform:  75%|███████▍  | 8843/11808 [03:38\u003c01:09, 42.36clip/s]\n"}
,{"stream_name":"stderr","time":302.505170655,"data":"\r[features] train_uniform:  75%|███████▍  | 8843/11808 [03:38\u003c01:09, 42.36clip/s]\r[features] train_uniform:  75%|███████▍  | 8848/11808 [03:39\u003c01:07, 44.09clip/s]\n"}
,{"stream_name":"stderr","time":302.627291284,"data":"\r[features] train_uniform:  75%|███████▍  | 8848/11808 [03:39\u003c01:07, 44.09clip/s]\r[features] train_uniform:  75%|███████▍  | 8853/11808 [03:39\u003c01:08, 43.13clip/s]\n"}
,{"stream_name":"stderr","time":302.74116144,"data":"\r[features] train_uniform:  75%|███████▍  | 8853/11808 [03:39\u003c01:08, 43.13clip/s]\r[features] train_uniform:  75%|███████▌  | 8859/11808 [03:39\u003c01:04, 45.86clip/s]\n"}
,{"stream_name":"stderr","time":302.845617134,"data":"\r[features] train_uniform:  75%|███████▌  | 8859/11808 [03:39\u003c01:04, 45.86clip/s]\r[features] train_uniform:  75%|███████▌  | 8864/11808 [03:39\u003c01:03, 46.41clip/s]\n"}
,{"stream_name":"stderr","time":302.960831284,"data":"\r[features] train_uniform:  75%|███████▌  | 8864/11808 [03:39\u003c01:03, 46.41clip/s]\r[features] train_uniform:  75%|███████▌  | 8870/11808 [03:39\u003c01:01, 48.16clip/s]\n"}
,{"stream_name":"stderr","time":303.068586029,"data":"\r[features] train_uniform:  75%|███████▌  | 8870/11808 [03:39\u003c01:01, 48.16clip/s]\r[features] train_uniform:  75%|███████▌  | 8875/11808 [03:39\u003c01:01, 47.62clip/s]\n"}
,{"stream_name":"stderr","time":303.180107406,"data":"\r[features] train_uniform:  75%|███████▌  | 8875/11808 [03:39\u003c01:01, 47.62clip/s]\r[features] train_uniform:  75%|███████▌  | 8881/11808 [03:39\u003c00:59, 49.44clip/s]\n"}
,{"stream_name":"stderr","time":303.297679351,"data":"\r[features] train_uniform:  75%|███████▌  | 8881/11808 [03:39\u003c00:59, 49.44clip/s]\r[features] train_uniform:  75%|███████▌  | 8887/11808 [03:39\u003c00:58, 49.93clip/s]\n"}
,{"stream_name":"stderr","time":303.425567955,"data":"\r[features] train_uniform:  75%|███████▌  | 8887/11808 [03:39\u003c00:58, 49.93clip/s]\r[features] train_uniform:  75%|███████▌  | 8893/11808 [03:39\u003c00:59, 48.95clip/s]\n"}
,{"stream_name":"stderr","time":303.543682197,"data":"\r[features] train_uniform:  75%|███████▌  | 8893/11808 [03:39\u003c00:59, 48.95clip/s]\r[features] train_uniform:  75%|███████▌  | 8899/11808 [03:40\u003c00:58, 49.52clip/s]\n"}
,{"stream_name":"stderr","time":303.657997878,"data":"\r[features] train_uniform:  75%|███████▌  | 8899/11808 [03:40\u003c00:58, 49.52clip/s]\r[features] train_uniform:  75%|███████▌  | 8905/11808 [03:40\u003c00:57, 50.39clip/s]\n"}
,{"stream_name":"stderr","time":303.774354212,"data":"\r[features] train_uniform:  75%|███████▌  | 8905/11808 [03:40\u003c00:57, 50.39clip/s]\r[features] train_uniform:  75%|███████▌  | 8911/11808 [03:40\u003c00:57, 50.81clip/s]\n"}
,{"stream_name":"stderr","time":303.893072084,"data":"\r[features] train_uniform:  75%|███████▌  | 8911/11808 [03:40\u003c00:57, 50.81clip/s]\r[features] train_uniform:  76%|███████▌  | 8917/11808 [03:40\u003c00:57, 50.70clip/s]\n"}
,{"stream_name":"stderr","time":304.027301275,"data":"\r[features] train_uniform:  76%|███████▌  | 8917/11808 [03:40\u003c00:57, 50.70clip/s]\r[features] train_uniform:  76%|███████▌  | 8923/11808 [03:40\u003c00:59, 48.73clip/s]\n"}
,{"stream_name":"stderr","time":304.142779179,"data":"\r[features] train_uniform:  76%|███████▌  | 8923/11808 [03:40\u003c00:59, 48.73clip/s]\r[features] train_uniform:  76%|███████▌  | 8929/11808 [03:40\u003c00:57, 49.64clip/s]\n"}
,{"stream_name":"stderr","time":304.244977138,"data":"\r[features] train_uniform:  76%|███████▌  | 8929/11808 [03:40\u003c00:57, 49.64clip/s]\r[features] train_uniform:  76%|███████▌  | 8934/11808 [03:40\u003c00:58, 49.50clip/s]\n"}
,{"stream_name":"stderr","time":304.353223303,"data":"\r[features] train_uniform:  76%|███████▌  | 8934/11808 [03:40\u003c00:58, 49.50clip/s]\r[features] train_uniform:  76%|███████▌  | 8939/11808 [03:40\u003c00:59, 48.40clip/s]\n"}
,{"stream_name":"stderr","time":304.453748363,"data":"\r[features] train_uniform:  76%|███████▌  | 8939/11808 [03:40\u003c00:59, 48.40clip/s]\r[features] train_uniform:  76%|███████▌  | 8944/11808 [03:40\u003c00:58, 48.77clip/s]\n"}
,{"stream_name":"stderr","time":304.677418806,"data":"\r[features] train_uniform:  76%|███████▌  | 8944/11808 [03:40\u003c00:58, 48.77clip/s]\r[features] train_uniform:  76%|███████▌  | 8949/11808 [03:41\u003c01:18, 36.51clip/s]\n"}
,{"stream_name":"stderr","time":304.786070183,"data":"\r[features] train_uniform:  76%|███████▌  | 8949/11808 [03:41\u003c01:18, 36.51clip/s]\r[features] train_uniform:  76%|███████▌  | 8955/11808 [03:41\u003c01:09, 41.01clip/s]\n"}
,{"stream_name":"stderr","time":304.893880666,"data":"\r[features] train_uniform:  76%|███████▌  | 8955/11808 [03:41\u003c01:09, 41.01clip/s]\r[features] train_uniform:  76%|███████▌  | 8960/11808 [03:41\u003c01:07, 42.44clip/s]\n"}
,{"stream_name":"stderr","time":305.021584843,"data":"\r[features] train_uniform:  76%|███████▌  | 8960/11808 [03:41\u003c01:07, 42.44clip/s]\r[features] train_uniform:  76%|███████▌  | 8965/11808 [03:41\u003c01:08, 41.49clip/s]\n"}
,{"stream_name":"stderr","time":305.133559661,"data":"\r[features] train_uniform:  76%|███████▌  | 8965/11808 [03:41\u003c01:08, 41.49clip/s]\r[features] train_uniform:  76%|███████▌  | 8970/11808 [03:41\u003c01:07, 42.35clip/s]\n"}
,{"stream_name":"stderr","time":305.259916593,"data":"\r[features] train_uniform:  76%|███████▌  | 8970/11808 [03:41\u003c01:07, 42.35clip/s]\r[features] train_uniform:  76%|███████▌  | 8975/11808 [03:41\u003c01:08, 41.43clip/s]\n"}
,{"stream_name":"stderr","time":305.364541832,"data":"\r[features] train_uniform:  76%|███████▌  | 8975/11808 [03:41\u003c01:08, 41.43clip/s]\r[features] train_uniform:  76%|███████▌  | 8980/11808 [03:41\u003c01:05, 43.19clip/s]\n"}
,{"stream_name":"stderr","time":305.467376694,"data":"\r[features] train_uniform:  76%|███████▌  | 8980/11808 [03:41\u003c01:05, 43.19clip/s]\r[features] train_uniform:  76%|███████▌  | 8985/11808 [03:42\u003c01:03, 44.68clip/s]\n"}
,{"stream_name":"stderr","time":305.573715756,"data":"\r[features] train_uniform:  76%|███████▌  | 8985/11808 [03:42\u003c01:03, 44.68clip/s]\r[features] train_uniform:  76%|███████▌  | 8990/11808 [03:42\u003c01:02, 45.27clip/s]\n"}
,{"stream_name":"stderr","time":305.67660288,"data":"\r[features] train_uniform:  76%|███████▌  | 8990/11808 [03:42\u003c01:02, 45.27clip/s]\r[features] train_uniform:  76%|███████▌  | 8995/11808 [03:42\u003c01:00, 46.20clip/s]\n"}
,{"stream_name":"stderr","time":305.791024355,"data":"\r[features] train_uniform:  76%|███████▌  | 8995/11808 [03:42\u003c01:00, 46.20clip/s]\r[features] train_uniform:  76%|███████▌  | 9000/11808 [03:42\u003c01:01, 45.41clip/s]\n"}
,{"stream_name":"stderr","time":305.901324814,"data":"\r[features] train_uniform:  76%|███████▌  | 9000/11808 [03:42\u003c01:01, 45.41clip/s]\r[features] train_uniform:  76%|███████▋  | 9005/11808 [03:42\u003c01:01, 45.37clip/s]\n"}
,{"stream_name":"stderr","time":306.0110781,"data":"\r[features] train_uniform:  76%|███████▋  | 9005/11808 [03:42\u003c01:01, 45.37clip/s]\r[features] train_uniform:  76%|███████▋  | 9010/11808 [03:42\u003c01:01, 45.51clip/s]\n"}
,{"stream_name":"stderr","time":306.126094469,"data":"\r[features] train_uniform:  76%|███████▋  | 9010/11808 [03:42\u003c01:01, 45.51clip/s]\r[features] train_uniform:  76%|███████▋  | 9015/11808 [03:42\u003c01:02, 44.91clip/s]\n"}
,{"stream_name":"stderr","time":306.245463522,"data":"\r[features] train_uniform:  76%|███████▋  | 9015/11808 [03:42\u003c01:02, 44.91clip/s]\r[features] train_uniform:  76%|███████▋  | 9021/11808 [03:42\u003c00:59, 46.53clip/s]\n"}
,{"stream_name":"stderr","time":306.351234234,"data":"\r[features] train_uniform:  76%|███████▋  | 9021/11808 [03:42\u003c00:59, 46.53clip/s]\r[features] train_uniform:  76%|███████▋  | 9026/11808 [03:42\u003c00:59, 46.77clip/s]\n"}
,{"stream_name":"stderr","time":306.463327315,"data":"\r[features] train_uniform:  76%|███████▋  | 9026/11808 [03:42\u003c00:59, 46.77clip/s]\r[features] train_uniform:  76%|███████▋  | 9031/11808 [03:43\u003c01:00, 46.08clip/s]\n"}
,{"stream_name":"stderr","time":306.583048988,"data":"\r[features] train_uniform:  76%|███████▋  | 9031/11808 [03:43\u003c01:00, 46.08clip/s]\r[features] train_uniform:  77%|███████▋  | 9037/11808 [03:43\u003c00:58, 47.41clip/s]\n"}
,{"stream_name":"stderr","time":306.684445844,"data":"\r[features] train_uniform:  77%|███████▋  | 9037/11808 [03:43\u003c00:58, 47.41clip/s]\r[features] train_uniform:  77%|███████▋  | 9042/11808 [03:43\u003c00:57, 47.87clip/s]\n"}
,{"stream_name":"stderr","time":306.797209125,"data":"\r[features] train_uniform:  77%|███████▋  | 9042/11808 [03:43\u003c00:57, 47.87clip/s]\r[features] train_uniform:  77%|███████▋  | 9047/11808 [03:43\u003c00:58, 46.84clip/s]\n"}
,{"stream_name":"stderr","time":306.908969741,"data":"\r[features] train_uniform:  77%|███████▋  | 9047/11808 [03:43\u003c00:58, 46.84clip/s]\r[features] train_uniform:  77%|███████▋  | 9052/11808 [03:43\u003c00:59, 46.23clip/s]\n"}
,{"stream_name":"stderr","time":307.029978716,"data":"\r[features] train_uniform:  77%|███████▋  | 9052/11808 [03:43\u003c00:59, 46.23clip/s]\r[features] train_uniform:  77%|███████▋  | 9057/11808 [03:43\u003c01:01, 44.60clip/s]\n"}
,{"stream_name":"stderr","time":307.153059804,"data":"\r[features] train_uniform:  77%|███████▋  | 9057/11808 [03:43\u003c01:01, 44.60clip/s]\r[features] train_uniform:  77%|███████▋  | 9062/11808 [03:43\u003c01:03, 43.38clip/s]\n"}
,{"stream_name":"stderr","time":307.266986568,"data":"\r[features] train_uniform:  77%|███████▋  | 9062/11808 [03:43\u003c01:03, 43.38clip/s]\r[features] train_uniform:  77%|███████▋  | 9068/11808 [03:43\u003c00:59, 46.18clip/s]\n"}
,{"stream_name":"stderr","time":307.38804674,"data":"\r[features] train_uniform:  77%|███████▋  | 9068/11808 [03:43\u003c00:59, 46.18clip/s]\r[features] train_uniform:  77%|███████▋  | 9074/11808 [03:43\u003c00:57, 47.16clip/s]\n"}
,{"stream_name":"stderr","time":307.539465766,"data":"\r[features] train_uniform:  77%|███████▋  | 9074/11808 [03:43\u003c00:57, 47.16clip/s]\r[features] train_uniform:  77%|███████▋  | 9079/11808 [03:44\u003c01:04, 42.15clip/s]\n"}
,{"stream_name":"stderr","time":307.643063784,"data":"\r[features] train_uniform:  77%|███████▋  | 9079/11808 [03:44\u003c01:04, 42.15clip/s]\r[features] train_uniform:  77%|███████▋  | 9084/11808 [03:44\u003c01:02, 43.71clip/s]\n"}
,{"stream_name":"stderr","time":307.750812773,"data":"\r[features] train_uniform:  77%|███████▋  | 9084/11808 [03:44\u003c01:02, 43.71clip/s]\r[features] train_uniform:  77%|███████▋  | 9089/11808 [03:44\u003c01:01, 44.44clip/s]\n"}
,{"stream_name":"stderr","time":307.881200029,"data":"\r[features] train_uniform:  77%|███████▋  | 9089/11808 [03:44\u003c01:01, 44.44clip/s]\r[features] train_uniform:  77%|███████▋  | 9094/11808 [03:44\u003c01:03, 42.51clip/s]\n"}
,{"stream_name":"stderr","time":308.012361571,"data":"\r[features] train_uniform:  77%|███████▋  | 9094/11808 [03:44\u003c01:03, 42.51clip/s]\r[features] train_uniform:  77%|███████▋  | 9099/11808 [03:44\u003c01:05, 41.13clip/s]\n"}
,{"stream_name":"stderr","time":308.120503906,"data":"\r[features] train_uniform:  77%|███████▋  | 9099/11808 [03:44\u003c01:05, 41.13clip/s]\r[features] train_uniform:  77%|███████▋  | 9104/11808 [03:44\u003c01:03, 42.52clip/s]\n"}
,{"stream_name":"stderr","time":308.241081788,"data":"\r[features] train_uniform:  77%|███████▋  | 9104/11808 [03:44\u003c01:03, 42.52clip/s]\r[features] train_uniform:  77%|███████▋  | 9109/11808 [03:44\u003c01:03, 42.21clip/s]\n"}
,{"stream_name":"stderr","time":308.358897036,"data":"\r[features] train_uniform:  77%|███████▋  | 9109/11808 [03:44\u003c01:03, 42.21clip/s]\r[features] train_uniform:  77%|███████▋  | 9115/11808 [03:44\u003c01:00, 44.78clip/s]\n"}
,{"stream_name":"stderr","time":308.463189415,"data":"\r[features] train_uniform:  77%|███████▋  | 9115/11808 [03:44\u003c01:00, 44.78clip/s]\r[features] train_uniform:  77%|███████▋  | 9120/11808 [03:45\u003c00:58, 45.61clip/s]\n"}
,{"stream_name":"stderr","time":308.576832546,"data":"\r[features] train_uniform:  77%|███████▋  | 9120/11808 [03:45\u003c00:58, 45.61clip/s]\r[features] train_uniform:  77%|███████▋  | 9125/11808 [03:45\u003c00:59, 45.18clip/s]\n"}
,{"stream_name":"stderr","time":308.694337729,"data":"\r[features] train_uniform:  77%|███████▋  | 9125/11808 [03:45\u003c00:59, 45.18clip/s]\r[features] train_uniform:  77%|███████▋  | 9130/11808 [03:45\u003c01:00, 44.28clip/s]\n"}
,{"stream_name":"stderr","time":308.826139508,"data":"\r[features] train_uniform:  77%|███████▋  | 9130/11808 [03:45\u003c01:00, 44.28clip/s]\r[features] train_uniform:  77%|███████▋  | 9135/11808 [03:45\u003c01:03, 42.25clip/s]\n"}
,{"stream_name":"stderr","time":308.936902175,"data":"\r[features] train_uniform:  77%|███████▋  | 9135/11808 [03:45\u003c01:03, 42.25clip/s]\r[features] train_uniform:  77%|███████▋  | 9140/11808 [03:45\u003c01:01, 43.13clip/s]\n"}
,{"stream_name":"stderr","time":309.059470558,"data":"\r[features] train_uniform:  77%|███████▋  | 9140/11808 [03:45\u003c01:01, 43.13clip/s]\r[features] train_uniform:  77%|███████▋  | 9145/11808 [03:45\u003c01:02, 42.35clip/s]\n"}
,{"stream_name":"stderr","time":309.172467069,"data":"\r[features] train_uniform:  77%|███████▋  | 9145/11808 [03:45\u003c01:02, 42.35clip/s]\r[features] train_uniform:  77%|███████▋  | 9150/11808 [03:45\u003c01:01, 42.92clip/s]\n"}
,{"stream_name":"stderr","time":309.279323268,"data":"\r[features] train_uniform:  77%|███████▋  | 9150/11808 [03:45\u003c01:01, 42.92clip/s]\r[features] train_uniform:  78%|███████▊  | 9155/11808 [03:45\u003c01:00, 44.04clip/s]\n"}
,{"stream_name":"stderr","time":309.390990905,"data":"\r[features] train_uniform:  78%|███████▊  | 9155/11808 [03:45\u003c01:00, 44.04clip/s]\r[features] train_uniform:  78%|███████▊  | 9160/11808 [03:45\u003c00:59, 44.22clip/s]\n"}
,{"stream_name":"stderr","time":309.590621243,"data":"\r[features] train_uniform:  78%|███████▊  | 9160/11808 [03:45\u003c00:59, 44.22clip/s]\r[features] train_uniform:  78%|███████▊  | 9165/11808 [03:46\u003c01:13, 35.94clip/s]\n"}
,{"stream_name":"stderr","time":309.693661486,"data":"\r[features] train_uniform:  78%|███████▊  | 9165/11808 [03:46\u003c01:13, 35.94clip/s]\r[features] train_uniform:  78%|███████▊  | 9170/11808 [03:46\u003c01:07, 38.96clip/s]\n"}
,{"stream_name":"stderr","time":309.808757835,"data":"\r[features] train_uniform:  78%|███████▊  | 9170/11808 [03:46\u003c01:07, 38.96clip/s]\r[features] train_uniform:  78%|███████▊  | 9175/11808 [03:46\u003c01:05, 40.32clip/s]\n"}
,{"stream_name":"stderr","time":309.922621317,"data":"\r[features] train_uniform:  78%|███████▊  | 9175/11808 [03:46\u003c01:05, 40.32clip/s]\r[features] train_uniform:  78%|███████▊  | 9180/11808 [03:46\u003c01:03, 41.21clip/s]\n"}
,{"stream_name":"stderr","time":310.041219973,"data":"\r[features] train_uniform:  78%|███████▊  | 9180/11808 [03:46\u003c01:03, 41.21clip/s]\r[features] train_uniform:  78%|███████▊  | 9185/11808 [03:46\u003c01:03, 41.53clip/s]\n"}
,{"stream_name":"stderr","time":310.161193866,"data":"\r[features] train_uniform:  78%|███████▊  | 9185/11808 [03:46\u003c01:03, 41.53clip/s]\r[features] train_uniform:  78%|███████▊  | 9190/11808 [03:46\u003c01:02, 41.90clip/s]\n"}
,{"stream_name":"stderr","time":310.264542879,"data":"\r[features] train_uniform:  78%|███████▊  | 9190/11808 [03:46\u003c01:02, 41.90clip/s]\r[features] train_uniform:  78%|███████▊  | 9195/11808 [03:46\u003c01:00, 43.27clip/s]\n"}
,{"stream_name":"stderr","time":310.447901082,"data":"\r[features] train_uniform:  78%|███████▊  | 9195/11808 [03:46\u003c01:00, 43.27clip/s]\r[features] train_uniform:  78%|███████▊  | 9200/11808 [03:46\u003c01:10, 36.79clip/s]\n"}
,{"stream_name":"stderr","time":310.562928533,"data":"\r[features] train_uniform:  78%|███████▊  | 9200/11808 [03:46\u003c01:10, 36.79clip/s]\r[features] train_uniform:  78%|███████▊  | 9206/11808 [03:47\u003c01:03, 40.89clip/s]\n"}
,{"stream_name":"stderr","time":310.682971638,"data":"\r[features] train_uniform:  78%|███████▊  | 9206/11808 [03:47\u003c01:03, 40.89clip/s]\r[features] train_uniform:  78%|███████▊  | 9212/11808 [03:47\u003c00:59, 43.50clip/s]\n"}
,{"stream_name":"stderr","time":310.790939291,"data":"\r[features] train_uniform:  78%|███████▊  | 9212/11808 [03:47\u003c00:59, 43.50clip/s]\r[features] train_uniform:  78%|███████▊  | 9217/11808 [03:47\u003c00:58, 44.25clip/s]\n"}
,{"stream_name":"stderr","time":310.916438426,"data":"\r[features] train_uniform:  78%|███████▊  | 9217/11808 [03:47\u003c00:58, 44.25clip/s]\r[features] train_uniform:  78%|███████▊  | 9222/11808 [03:47\u003c01:00, 42.84clip/s]\n"}
,{"stream_name":"stderr","time":311.050017734,"data":"\r[features] train_uniform:  78%|███████▊  | 9222/11808 [03:47\u003c01:00, 42.84clip/s]\r[features] train_uniform:  78%|███████▊  | 9227/11808 [03:47\u003c01:02, 41.19clip/s]\n"}
,{"stream_name":"stderr","time":311.15444464,"data":"\r[features] train_uniform:  78%|███████▊  | 9227/11808 [03:47\u003c01:02, 41.19clip/s]\r[features] train_uniform:  78%|███████▊  | 9232/11808 [03:47\u003c01:00, 42.92clip/s]\n"}
,{"stream_name":"stderr","time":311.31621119,"data":"\r[features] train_uniform:  78%|███████▊  | 9232/11808 [03:47\u003c01:00, 42.92clip/s]\r[features] train_uniform:  78%|███████▊  | 9237/11808 [03:47\u003c01:06, 38.51clip/s]\n"}
,{"stream_name":"stderr","time":311.429064866,"data":"\r[features] train_uniform:  78%|███████▊  | 9237/11808 [03:47\u003c01:06, 38.51clip/s]\r[features] train_uniform:  78%|███████▊  | 9242/11808 [03:47\u003c01:04, 40.08clip/s]\n"}
,{"stream_name":"stderr","time":311.548629098,"data":"\r[features] train_uniform:  78%|███████▊  | 9242/11808 [03:47\u003c01:04, 40.08clip/s]\r[features] train_uniform:  78%|███████▊  | 9247/11808 [03:48\u003c01:03, 40.58clip/s]\n"}
,{"stream_name":"stderr","time":311.700240205,"data":"\r[features] train_uniform:  78%|███████▊  | 9247/11808 [03:48\u003c01:03, 40.58clip/s]\r[features] train_uniform:  78%|███████▊  | 9252/11808 [03:48\u003c01:07, 37.98clip/s]\n"}
,{"stream_name":"stderr","time":311.812521246,"data":"\r[features] train_uniform:  78%|███████▊  | 9252/11808 [03:48\u003c01:07, 37.98clip/s]\r[features] train_uniform:  78%|███████▊  | 9256/11808 [03:48\u003c01:08, 37.35clip/s]\n"}
,{"stream_name":"stderr","time":311.914626852,"data":"\r[features] train_uniform:  78%|███████▊  | 9256/11808 [03:48\u003c01:08, 37.35clip/s]\r[features] train_uniform:  78%|███████▊  | 9261/11808 [03:48\u003c01:03, 40.32clip/s]\n"}
,{"stream_name":"stderr","time":312.033207588,"data":"\r[features] train_uniform:  78%|███████▊  | 9261/11808 [03:48\u003c01:03, 40.32clip/s]\r[features] train_uniform:  78%|███████▊  | 9267/11808 [03:48\u003c00:58, 43.42clip/s]\n"}
,{"stream_name":"stderr","time":312.163200304,"data":"\r[features] train_uniform:  78%|███████▊  | 9267/11808 [03:48\u003c00:58, 43.42clip/s]\r[features] train_uniform:  79%|███████▊  | 9272/11808 [03:48\u003c01:00, 41.83clip/s]\n"}
,{"stream_name":"stderr","time":312.268199481,"data":"\r[features] train_uniform:  79%|███████▊  | 9272/11808 [03:48\u003c01:00, 41.83clip/s]\r[features] train_uniform:  79%|███████▊  | 9277/11808 [03:48\u003c00:58, 43.32clip/s]\n"}
,{"stream_name":"stderr","time":312.402679927,"data":"\r[features] train_uniform:  79%|███████▊  | 9277/11808 [03:48\u003c00:58, 43.32clip/s]\r[features] train_uniform:  79%|███████▊  | 9282/11808 [03:48\u003c01:01, 41.28clip/s]\n"}
,{"stream_name":"stderr","time":312.517762558,"data":"\r[features] train_uniform:  79%|███████▊  | 9282/11808 [03:48\u003c01:01, 41.28clip/s]\r[features] train_uniform:  79%|███████▊  | 9287/11808 [03:49\u003c01:00, 41.91clip/s]\n"}
,{"stream_name":"stderr","time":312.645282982,"data":"\r[features] train_uniform:  79%|███████▊  | 9287/11808 [03:49\u003c01:00, 41.91clip/s]\r[features] train_uniform:  79%|███████▊  | 9293/11808 [03:49\u003c00:57, 43.57clip/s]\n"}
,{"stream_name":"stderr","time":312.760300059,"data":"\r[features] train_uniform:  79%|███████▊  | 9293/11808 [03:49\u003c00:57, 43.57clip/s]\r[features] train_uniform:  79%|███████▊  | 9298/11808 [03:49\u003c00:57, 43.65clip/s]\n"}
,{"stream_name":"stderr","time":312.885204399,"data":"\r[features] train_uniform:  79%|███████▊  | 9298/11808 [03:49\u003c00:57, 43.65clip/s]\r[features] train_uniform:  79%|███████▉  | 9303/11808 [03:49\u003c00:58, 42.56clip/s]\n"}
,{"stream_name":"stderr","time":313.016878886,"data":"\r[features] train_uniform:  79%|███████▉  | 9303/11808 [03:49\u003c00:58, 42.56clip/s]\r[features] train_uniform:  79%|███████▉  | 9308/11808 [03:49\u003c01:01, 40.95clip/s]\n"}
,{"stream_name":"stderr","time":313.137456193,"data":"\r[features] train_uniform:  79%|███████▉  | 9308/11808 [03:49\u003c01:01, 40.95clip/s]\r[features] train_uniform:  79%|███████▉  | 9313/11808 [03:49\u003c01:00, 41.16clip/s]\n"}
,{"stream_name":"stderr","time":313.25629275,"data":"\r[features] train_uniform:  79%|███████▉  | 9313/11808 [03:49\u003c01:00, 41.16clip/s]\r[features] train_uniform:  79%|███████▉  | 9319/11808 [03:49\u003c00:56, 43.86clip/s]\n"}
,{"stream_name":"stderr","time":313.36004147,"data":"\r[features] train_uniform:  79%|███████▉  | 9319/11808 [03:49\u003c00:56, 43.86clip/s]\r[features] train_uniform:  79%|███████▉  | 9324/11808 [03:49\u003c00:55, 44.99clip/s]\n"}
,{"stream_name":"stderr","time":313.473110218,"data":"\r[features] train_uniform:  79%|███████▉  | 9324/11808 [03:49\u003c00:55, 44.99clip/s]\r[features] train_uniform:  79%|███████▉  | 9329/11808 [03:50\u003c00:55, 44.83clip/s]\n"}
,{"stream_name":"stderr","time":313.583575245,"data":"\r[features] train_uniform:  79%|███████▉  | 9329/11808 [03:50\u003c00:55, 44.83clip/s]\r[features] train_uniform:  79%|███████▉  | 9334/11808 [03:50\u003c00:55, 44.86clip/s]\n"}
,{"stream_name":"stderr","time":313.690638485,"data":"\r[features] train_uniform:  79%|███████▉  | 9334/11808 [03:50\u003c00:55, 44.86clip/s]\r[features] train_uniform:  79%|███████▉  | 9339/11808 [03:50\u003c00:54, 45.39clip/s]\n"}
,{"stream_name":"stderr","time":313.814658767,"data":"\r[features] train_uniform:  79%|███████▉  | 9339/11808 [03:50\u003c00:54, 45.39clip/s]\r[features] train_uniform:  79%|███████▉  | 9345/11808 [03:50\u003c00:53, 46.32clip/s]\n"}
,{"stream_name":"stderr","time":313.927260735,"data":"\r[features] train_uniform:  79%|███████▉  | 9345/11808 [03:50\u003c00:53, 46.32clip/s]\r[features] train_uniform:  79%|███████▉  | 9350/11808 [03:50\u003c00:53, 45.82clip/s]\n"}
,{"stream_name":"stderr","time":314.040985869,"data":"\r[features] train_uniform:  79%|███████▉  | 9350/11808 [03:50\u003c00:53, 45.82clip/s]\r[features] train_uniform:  79%|███████▉  | 9355/11808 [03:50\u003c00:54, 45.26clip/s]\n"}
,{"stream_name":"stderr","time":314.159564369,"data":"\r[features] train_uniform:  79%|███████▉  | 9355/11808 [03:50\u003c00:54, 45.26clip/s]\r[features] train_uniform:  79%|███████▉  | 9361/11808 [03:50\u003c00:52, 47.01clip/s]\n"}
,{"stream_name":"stderr","time":314.28997888,"data":"\r[features] train_uniform:  79%|███████▉  | 9361/11808 [03:50\u003c00:52, 47.01clip/s]\r[features] train_uniform:  79%|███████▉  | 9366/11808 [03:50\u003c00:55, 44.08clip/s]\n"}
,{"stream_name":"stderr","time":314.398547219,"data":"\r[features] train_uniform:  79%|███████▉  | 9366/11808 [03:50\u003c00:55, 44.08clip/s]\r[features] train_uniform:  79%|███████▉  | 9371/11808 [03:50\u003c00:54, 44.71clip/s]\n"}
,{"stream_name":"stderr","time":314.511566069,"data":"\r[features] train_uniform:  79%|███████▉  | 9371/11808 [03:50\u003c00:54, 44.71clip/s]\r[features] train_uniform:  79%|███████▉  | 9376/11808 [03:51\u003c00:54, 44.62clip/s]\n"}
,{"stream_name":"stderr","time":314.631217632,"data":"\r[features] train_uniform:  79%|███████▉  | 9376/11808 [03:51\u003c00:54, 44.62clip/s]\r[features] train_uniform:  79%|███████▉  | 9382/11808 [03:51\u003c00:52, 46.17clip/s]\n"}
,{"stream_name":"stderr","time":314.746674104,"data":"\r[features] train_uniform:  79%|███████▉  | 9382/11808 [03:51\u003c00:52, 46.17clip/s]\r[features] train_uniform:  80%|███████▉  | 9388/11808 [03:51\u003c00:50, 47.97clip/s]\n"}
,{"stream_name":"stderr","time":314.857754076,"data":"\r[features] train_uniform:  80%|███████▉  | 9388/11808 [03:51\u003c00:50, 47.97clip/s]\r[features] train_uniform:  80%|███████▉  | 9394/11808 [03:51\u003c00:48, 49.73clip/s]\n"}
,{"stream_name":"stderr","time":314.987327855,"data":"\r[features] train_uniform:  80%|███████▉  | 9394/11808 [03:51\u003c00:48, 49.73clip/s]\r[features] train_uniform:  80%|███████▉  | 9399/11808 [03:51\u003c00:52, 46.10clip/s]\n"}
,{"stream_name":"stderr","time":315.107078874,"data":"\r[features] train_uniform:  80%|███████▉  | 9399/11808 [03:51\u003c00:52, 46.10clip/s]\r[features] train_uniform:  80%|███████▉  | 9405/11808 [03:51\u003c00:50, 47.25clip/s]\n"}
,{"stream_name":"stderr","time":315.221734742,"data":"\r[features] train_uniform:  80%|███████▉  | 9405/11808 [03:51\u003c00:50, 47.25clip/s]\r[features] train_uniform:  80%|███████▉  | 9410/11808 [03:51\u003c00:51, 46.17clip/s]\n"}
,{"stream_name":"stderr","time":315.329077725,"data":"\r[features] train_uniform:  80%|███████▉  | 9410/11808 [03:51\u003c00:51, 46.17clip/s]\r[features] train_uniform:  80%|███████▉  | 9415/11808 [03:51\u003c00:51, 46.32clip/s]\n"}
,{"stream_name":"stderr","time":315.432964129,"data":"\r[features] train_uniform:  80%|███████▉  | 9415/11808 [03:51\u003c00:51, 46.32clip/s]\r[features] train_uniform:  80%|███████▉  | 9420/11808 [03:51\u003c00:51, 46.78clip/s]\n"}
,{"stream_name":"stderr","time":315.542295507,"data":"\r[features] train_uniform:  80%|███████▉  | 9420/11808 [03:51\u003c00:51, 46.78clip/s]\r[features] train_uniform:  80%|███████▉  | 9425/11808 [03:52\u003c00:51, 46.61clip/s]\n"}
,{"stream_name":"stderr","time":315.649946364,"data":"\r[features] train_uniform:  80%|███████▉  | 9425/11808 [03:52\u003c00:51, 46.61clip/s]\r[features] train_uniform:  80%|███████▉  | 9430/11808 [03:52\u003c00:51, 46.52clip/s]\n"}
,{"stream_name":"stderr","time":315.757452452,"data":"\r[features] train_uniform:  80%|███████▉  | 9430/11808 [03:52\u003c00:51, 46.52clip/s]\r[features] train_uniform:  80%|███████▉  | 9435/11808 [03:52\u003c00:51, 46.49clip/s]\n"}
,{"stream_name":"stderr","time":315.872536973,"data":"\r[features] train_uniform:  80%|███████▉  | 9435/11808 [03:52\u003c00:51, 46.49clip/s]\r[features] train_uniform:  80%|███████▉  | 9440/11808 [03:52\u003c00:52, 45.50clip/s]\n"}
,{"stream_name":"stderr","time":315.980436308,"data":"\r[features] train_uniform:  80%|███████▉  | 9440/11808 [03:52\u003c00:52, 45.50clip/s]\r[features] train_uniform:  80%|███████▉  | 9445/11808 [03:52\u003c00:51, 45.74clip/s]\n"}
,{"stream_name":"stderr","time":316.080917252,"data":"\r[features] train_uniform:  80%|███████▉  | 9445/11808 [03:52\u003c00:51, 45.74clip/s]\r[features] train_uniform:  80%|████████  | 9450/11808 [03:52\u003c00:50, 46.85clip/s]\n"}
,{"stream_name":"stderr","time":316.193073335,"data":"\r[features] train_uniform:  80%|████████  | 9450/11808 [03:52\u003c00:50, 46.85clip/s]\r[features] train_uniform:  80%|████████  | 9455/11808 [03:52\u003c00:50, 46.21clip/s]\n"}
,{"stream_name":"stderr","time":316.295162666,"data":"\r[features] train_uniform:  80%|████████  | 9455/11808 [03:52\u003c00:50, 46.21clip/s]\r[features] train_uniform:  80%|████████  | 9460/11808 [03:52\u003c00:50, 46.93clip/s]\n"}
,{"stream_name":"stderr","time":316.41911152,"data":"\r[features] train_uniform:  80%|████████  | 9460/11808 [03:52\u003c00:50, 46.93clip/s]\r[features] train_uniform:  80%|████████  | 9465/11808 [03:52\u003c00:52, 44.74clip/s]\n"}
,{"stream_name":"stderr","time":316.519849284,"data":"\r[features] train_uniform:  80%|████████  | 9465/11808 [03:52\u003c00:52, 44.74clip/s]\r[features] train_uniform:  80%|████████  | 9470/11808 [03:53\u003c00:50, 46.12clip/s]\n"}
,{"stream_name":"stderr","time":316.621642477,"data":"\r[features] train_uniform:  80%|████████  | 9470/11808 [03:53\u003c00:50, 46.12clip/s]\r[features] train_uniform:  80%|████████  | 9475/11808 [03:53\u003c00:49, 46.97clip/s]\n"}
,{"stream_name":"stderr","time":316.728776577,"data":"\r[features] train_uniform:  80%|████████  | 9475/11808 [03:53\u003c00:49, 46.97clip/s]\r[features] train_uniform:  80%|████████  | 9480/11808 [03:53\u003c00:49, 46.91clip/s]\n"}
,{"stream_name":"stderr","time":316.836096348,"data":"\r[features] train_uniform:  80%|████████  | 9480/11808 [03:53\u003c00:49, 46.91clip/s]\r[features] train_uniform:  80%|████████  | 9485/11808 [03:53\u003c00:49, 46.87clip/s]\n"}
,{"stream_name":"stderr","time":316.964226177,"data":"\r[features] train_uniform:  80%|████████  | 9485/11808 [03:53\u003c00:49, 46.87clip/s]\r[features] train_uniform:  80%|████████  | 9491/11808 [03:53\u003c00:49, 46.87clip/s]\n"}
,{"stream_name":"stderr","time":317.085485368,"data":"\r[features] train_uniform:  80%|████████  | 9491/11808 [03:53\u003c00:49, 46.87clip/s]\r[features] train_uniform:  80%|████████  | 9496/11808 [03:53\u003c00:51, 45.04clip/s]\n"}
,{"stream_name":"stderr","time":317.205042801,"data":"\r[features] train_uniform:  80%|████████  | 9496/11808 [03:53\u003c00:51, 45.04clip/s]\r[features] train_uniform:  80%|████████  | 9501/11808 [03:53\u003c00:52, 44.14clip/s]\n"}
,{"stream_name":"stderr","time":317.322062986,"data":"\r[features] train_uniform:  80%|████████  | 9501/11808 [03:53\u003c00:52, 44.14clip/s]\r[features] train_uniform:  81%|████████  | 9507/11808 [03:53\u003c00:49, 46.25clip/s]\n"}
,{"stream_name":"stderr","time":317.430621929,"data":"\r[features] train_uniform:  81%|████████  | 9507/11808 [03:53\u003c00:49, 46.25clip/s]\r[features] train_uniform:  81%|████████  | 9512/11808 [03:53\u003c00:49, 46.11clip/s]\n"}
,{"stream_name":"stderr","time":317.549205607,"data":"\r[features] train_uniform:  81%|████████  | 9512/11808 [03:53\u003c00:49, 46.11clip/s]\r[features] train_uniform:  81%|████████  | 9518/11808 [03:54\u003c00:48, 47.50clip/s]\n"}
,{"stream_name":"stderr","time":317.669697494,"data":"\r[features] train_uniform:  81%|████████  | 9518/11808 [03:54\u003c00:48, 47.50clip/s]\r[features] train_uniform:  81%|████████  | 9524/11808 [03:54\u003c00:47, 48.32clip/s]\n"}
,{"stream_name":"stderr","time":317.774283437,"data":"\r[features] train_uniform:  81%|████████  | 9524/11808 [03:54\u003c00:47, 48.32clip/s]\r[features] train_uniform:  81%|████████  | 9529/11808 [03:54\u003c00:47, 48.04clip/s]\n"}
,{"stream_name":"stderr","time":317.88080771,"data":"\r[features] train_uniform:  81%|████████  | 9529/11808 [03:54\u003c00:47, 48.04clip/s]\r[features] train_uniform:  81%|████████  | 9534/11808 [03:54\u003c00:47, 47.81clip/s]\n"}
,{"stream_name":"stderr","time":317.98323883,"data":"\r[features] train_uniform:  81%|████████  | 9534/11808 [03:54\u003c00:47, 47.81clip/s]\r[features] train_uniform:  81%|████████  | 9539/11808 [03:54\u003c00:47, 48.01clip/s]\n"}
,{"stream_name":"stderr","time":318.092490672,"data":"\r[features] train_uniform:  81%|████████  | 9539/11808 [03:54\u003c00:47, 48.01clip/s]\r[features] train_uniform:  81%|████████  | 9544/11808 [03:54\u003c00:47, 47.35clip/s]\n"}
,{"stream_name":"stderr","time":318.203423929,"data":"\r[features] train_uniform:  81%|████████  | 9544/11808 [03:54\u003c00:47, 47.35clip/s]\r[features] train_uniform:  81%|████████  | 9549/11808 [03:54\u003c00:48, 46.72clip/s]\n"}
,{"stream_name":"stderr","time":318.317602942,"data":"\r[features] train_uniform:  81%|████████  | 9549/11808 [03:54\u003c00:48, 46.72clip/s]\r[features] train_uniform:  81%|████████  | 9555/11808 [03:54\u003c00:46, 48.47clip/s]\n"}
,{"stream_name":"stderr","time":318.476453999,"data":"\r[features] train_uniform:  81%|████████  | 9555/11808 [03:54\u003c00:46, 48.47clip/s]\r[features] train_uniform:  81%|████████  | 9560/11808 [03:55\u003c00:53, 42.04clip/s]\n"}
,{"stream_name":"stderr","time":318.588065767,"data":"\r[features] train_uniform:  81%|████████  | 9560/11808 [03:55\u003c00:53, 42.04clip/s]\r[features] train_uniform:  81%|████████  | 9565/11808 [03:55\u003c00:52, 42.80clip/s]\n"}
,{"stream_name":"stderr","time":318.702170826,"data":"\r[features] train_uniform:  81%|████████  | 9565/11808 [03:55\u003c00:52, 42.80clip/s]\r[features] train_uniform:  81%|████████  | 9571/11808 [03:55\u003c00:49, 45.59clip/s]\n"}
,{"stream_name":"stderr","time":318.819658725,"data":"\r[features] train_uniform:  81%|████████  | 9571/11808 [03:55\u003c00:49, 45.59clip/s]\r[features] train_uniform:  81%|████████  | 9577/11808 [03:55\u003c00:47, 47.22clip/s]\n"}
,{"stream_name":"stderr","time":318.92843924,"data":"\r[features] train_uniform:  81%|████████  | 9577/11808 [03:55\u003c00:47, 47.22clip/s]\r[features] train_uniform:  81%|████████  | 9582/11808 [03:55\u003c00:47, 47.03clip/s]\n"}
,{"stream_name":"stderr","time":319.030356899,"data":"\r[features] train_uniform:  81%|████████  | 9582/11808 [03:55\u003c00:47, 47.03clip/s]\r[features] train_uniform:  81%|████████  | 9587/11808 [03:55\u003c00:46, 47.35clip/s]\n"}
,{"stream_name":"stderr","time":319.180948688,"data":"\r[features] train_uniform:  81%|████████  | 9587/11808 [03:55\u003c00:46, 47.35clip/s]\r[features] train_uniform:  81%|████████  | 9592/11808 [03:55\u003c00:52, 42.21clip/s]\n"}
,{"stream_name":"stderr","time":319.291058853,"data":"\r[features] train_uniform:  81%|████████  | 9592/11808 [03:55\u003c00:52, 42.21clip/s]\r[features] train_uniform:  81%|████████▏ | 9597/11808 [03:55\u003c00:51, 43.08clip/s]\n"}
,{"stream_name":"stderr","time":319.413223284,"data":"\r[features] train_uniform:  81%|████████▏ | 9597/11808 [03:55\u003c00:51, 43.08clip/s]\r[features] train_uniform:  81%|████████▏ | 9602/11808 [03:55\u003c00:51, 42.46clip/s]\n"}
,{"stream_name":"stderr","time":319.521350882,"data":"\r[features] train_uniform:  81%|████████▏ | 9602/11808 [03:55\u003c00:51, 42.46clip/s]\r[features] train_uniform:  81%|████████▏ | 9607/11808 [03:56\u003c00:50, 43.55clip/s]\n"}
,{"stream_name":"stderr","time":319.638916718,"data":"\r[features] train_uniform:  81%|████████▏ | 9607/11808 [03:56\u003c00:50, 43.55clip/s]\r[features] train_uniform:  81%|████████▏ | 9613/11808 [03:56\u003c00:47, 45.82clip/s]\n"}
,{"stream_name":"stderr","time":319.777083831,"data":"\r[features] train_uniform:  81%|████████▏ | 9613/11808 [03:56\u003c00:47, 45.82clip/s]\r[features] train_uniform:  81%|████████▏ | 9618/11808 [03:56\u003c00:51, 42.58clip/s]\n"}
,{"stream_name":"stderr","time":319.884230237,"data":"\r[features] train_uniform:  81%|████████▏ | 9618/11808 [03:56\u003c00:51, 42.58clip/s]\r[features] train_uniform:  81%|████████▏ | 9623/11808 [03:56\u003c00:50, 43.62clip/s]\n"}
,{"stream_name":"stderr","time":319.986243675,"data":"\r[features] train_uniform:  81%|████████▏ | 9623/11808 [03:56\u003c00:50, 43.62clip/s]\r[features] train_uniform:  82%|████████▏ | 9628/11808 [03:56\u003c00:48, 45.07clip/s]\n"}
,{"stream_name":"stderr","time":320.131674384,"data":"\r[features] train_uniform:  82%|████████▏ | 9628/11808 [03:56\u003c00:48, 45.07clip/s]\r[features] train_uniform:  82%|████████▏ | 9633/11808 [03:56\u003c00:52, 41.28clip/s]\n"}
,{"stream_name":"stderr","time":320.240680122,"data":"\r[features] train_uniform:  82%|████████▏ | 9633/11808 [03:56\u003c00:52, 41.28clip/s]\r[features] train_uniform:  82%|████████▏ | 9638/11808 [03:56\u003c00:50, 42.60clip/s]\n"}
,{"stream_name":"stderr","time":320.341542445,"data":"\r[features] train_uniform:  82%|████████▏ | 9638/11808 [03:56\u003c00:50, 42.60clip/s]\r[features] train_uniform:  82%|████████▏ | 9643/11808 [03:56\u003c00:48, 44.46clip/s]\n"}
,{"stream_name":"stderr","time":320.465210248,"data":"\r[features] train_uniform:  82%|████████▏ | 9643/11808 [03:56\u003c00:48, 44.46clip/s]\r[features] train_uniform:  82%|████████▏ | 9648/11808 [03:57\u003c00:49, 43.31clip/s]\n"}
,{"stream_name":"stderr","time":320.579472264,"data":"\r[features] train_uniform:  82%|████████▏ | 9648/11808 [03:57\u003c00:49, 43.31clip/s]\r[features] train_uniform:  82%|████████▏ | 9654/11808 [03:57\u003c00:46, 45.84clip/s]\n"}
,{"stream_name":"stderr","time":320.70293546,"data":"\r[features] train_uniform:  82%|████████▏ | 9654/11808 [03:57\u003c00:46, 45.84clip/s]\r[features] train_uniform:  82%|████████▏ | 9659/11808 [03:57\u003c00:48, 44.26clip/s]\n"}
,{"stream_name":"stderr","time":320.805934848,"data":"\r[features] train_uniform:  82%|████████▏ | 9659/11808 [03:57\u003c00:48, 44.26clip/s]\r[features] train_uniform:  82%|████████▏ | 9664/11808 [03:57\u003c00:47, 45.42clip/s]\n"}
,{"stream_name":"stderr","time":320.915079676,"data":"\r[features] train_uniform:  82%|████████▏ | 9664/11808 [03:57\u003c00:47, 45.42clip/s]\r[features] train_uniform:  82%|████████▏ | 9669/11808 [03:57\u003c00:46, 45.57clip/s]\n"}
,{"stream_name":"stderr","time":321.033107965,"data":"\r[features] train_uniform:  82%|████████▏ | 9669/11808 [03:57\u003c00:46, 45.57clip/s]\r[features] train_uniform:  82%|████████▏ | 9675/11808 [03:57\u003c00:45, 47.08clip/s]\n"}
,{"stream_name":"stderr","time":321.151838867,"data":"\r[features] train_uniform:  82%|████████▏ | 9675/11808 [03:57\u003c00:45, 47.08clip/s]\r[features] train_uniform:  82%|████████▏ | 9680/11808 [03:57\u003c00:46, 45.53clip/s]\n"}
,{"stream_name":"stderr","time":321.314021184,"data":"\r[features] train_uniform:  82%|████████▏ | 9680/11808 [03:57\u003c00:46, 45.53clip/s]\r[features] train_uniform:  82%|████████▏ | 9685/11808 [03:57\u003c00:53, 40.04clip/s]\n"}
,{"stream_name":"stderr","time":321.431698475,"data":"\r[features] train_uniform:  82%|████████▏ | 9685/11808 [03:57\u003c00:53, 40.04clip/s]\r[features] train_uniform:  82%|████████▏ | 9691/11808 [03:57\u003c00:49, 43.09clip/s]\n"}
,{"stream_name":"stderr","time":321.557105652,"data":"\r[features] train_uniform:  82%|████████▏ | 9691/11808 [03:57\u003c00:49, 43.09clip/s]\r[features] train_uniform:  82%|████████▏ | 9696/11808 [03:58\u003c00:50, 42.12clip/s]\n"}
,{"stream_name":"stderr","time":321.672444076,"data":"\r[features] train_uniform:  82%|████████▏ | 9696/11808 [03:58\u003c00:50, 42.12clip/s]\r[features] train_uniform:  82%|████████▏ | 9701/11808 [03:58\u003c00:49, 42.46clip/s]\n"}
,{"stream_name":"stderr","time":321.776409993,"data":"\r[features] train_uniform:  82%|████████▏ | 9701/11808 [03:58\u003c00:49, 42.46clip/s]\r[features] train_uniform:  82%|████████▏ | 9706/11808 [03:58\u003c00:47, 44.04clip/s]\n"}
,{"stream_name":"stderr","time":321.886365662,"data":"\r[features] train_uniform:  82%|████████▏ | 9706/11808 [03:58\u003c00:47, 44.04clip/s]\r[features] train_uniform:  82%|████████▏ | 9711/11808 [03:58\u003c00:47, 44.41clip/s]\n"}
,{"stream_name":"stderr","time":322.002687093,"data":"\r[features] train_uniform:  82%|████████▏ | 9711/11808 [03:58\u003c00:47, 44.41clip/s]\r[features] train_uniform:  82%|████████▏ | 9716/11808 [03:58\u003c00:47, 43.96clip/s]\n"}
,{"stream_name":"stderr","time":322.124297017,"data":"\r[features] train_uniform:  82%|████████▏ | 9716/11808 [03:58\u003c00:47, 43.96clip/s]\r[features] train_uniform:  82%|████████▏ | 9721/11808 [03:58\u003c00:48, 43.10clip/s]\n"}
,{"stream_name":"stderr","time":322.234160533,"data":"\r[features] train_uniform:  82%|████████▏ | 9721/11808 [03:58\u003c00:48, 43.10clip/s]\r[features] train_uniform:  82%|████████▏ | 9726/11808 [03:58\u003c00:47, 43.77clip/s]\n"}
,{"stream_name":"stderr","time":322.334479042,"data":"\r[features] train_uniform:  82%|████████▏ | 9726/11808 [03:58\u003c00:47, 43.77clip/s]\r[features] train_uniform:  82%|████████▏ | 9731/11808 [03:58\u003c00:45, 45.40clip/s]\n"}
,{"stream_name":"stderr","time":322.44426093,"data":"\r[features] train_uniform:  82%|████████▏ | 9731/11808 [03:58\u003c00:45, 45.40clip/s]\r[features] train_uniform:  82%|████████▏ | 9736/11808 [03:58\u003c00:45, 45.66clip/s]\n"}
,{"stream_name":"stderr","time":322.550100827,"data":"\r[features] train_uniform:  82%|████████▏ | 9736/11808 [03:58\u003c00:45, 45.66clip/s]\r[features] train_uniform:  82%|████████▏ | 9741/11808 [03:59\u003c00:45, 45.93clip/s]\n"}
,{"stream_name":"stderr","time":322.677958823,"data":"\r[features] train_uniform:  82%|████████▏ | 9741/11808 [03:59\u003c00:45, 45.93clip/s]\r[features] train_uniform:  83%|████████▎ | 9746/11808 [03:59\u003c00:47, 43.63clip/s]\n"}
,{"stream_name":"stderr","time":322.796495965,"data":"\r[features] train_uniform:  83%|████████▎ | 9746/11808 [03:59\u003c00:47, 43.63clip/s]\r[features] train_uniform:  83%|████████▎ | 9752/11808 [03:59\u003c00:44, 45.76clip/s]\n"}
,{"stream_name":"stderr","time":322.915826261,"data":"\r[features] train_uniform:  83%|████████▎ | 9752/11808 [03:59\u003c00:44, 45.76clip/s]\r[features] train_uniform:  83%|████████▎ | 9758/11808 [03:59\u003c00:43, 47.18clip/s]\n"}
,{"stream_name":"stderr","time":323.032788367,"data":"\r[features] train_uniform:  83%|████████▎ | 9758/11808 [03:59\u003c00:43, 47.18clip/s]\r[features] train_uniform:  83%|████████▎ | 9763/11808 [03:59\u003c00:44, 45.94clip/s]\n"}
,{"stream_name":"stderr","time":323.145342812,"data":"\r[features] train_uniform:  83%|████████▎ | 9763/11808 [03:59\u003c00:44, 45.94clip/s]\r[features] train_uniform:  83%|████████▎ | 9768/11808 [03:59\u003c00:44, 45.41clip/s]\n"}
,{"stream_name":"stderr","time":323.307647462,"data":"\r[features] train_uniform:  83%|████████▎ | 9768/11808 [03:59\u003c00:44, 45.41clip/s]\r[features] train_uniform:  83%|████████▎ | 9773/11808 [03:59\u003c00:50, 39.96clip/s]\n"}
,{"stream_name":"stderr","time":323.419585084,"data":"\r[features] train_uniform:  83%|████████▎ | 9773/11808 [03:59\u003c00:50, 39.96clip/s]\r[features] train_uniform:  83%|████████▎ | 9778/11808 [03:59\u003c00:49, 41.22clip/s]\n"}
,{"stream_name":"stderr","time":323.538114309,"data":"\r[features] train_uniform:  83%|████████▎ | 9778/11808 [03:59\u003c00:49, 41.22clip/s]\r[features] train_uniform:  83%|████████▎ | 9783/11808 [04:00\u003c00:48, 41.46clip/s]\n"}
,{"stream_name":"stderr","time":323.65166692,"data":"\r[features] train_uniform:  83%|████████▎ | 9783/11808 [04:00\u003c00:48, 41.46clip/s]\r[features] train_uniform:  83%|████████▎ | 9788/11808 [04:00\u003c00:47, 42.17clip/s]\n"}
,{"stream_name":"stderr","time":323.766428677,"data":"\r[features] train_uniform:  83%|████████▎ | 9788/11808 [04:00\u003c00:47, 42.17clip/s]\r[features] train_uniform:  83%|████████▎ | 9793/11808 [04:00\u003c00:47, 42.61clip/s]\n"}
,{"stream_name":"stderr","time":323.876721279,"data":"\r[features] train_uniform:  83%|████████▎ | 9793/11808 [04:00\u003c00:47, 42.61clip/s]\r[features] train_uniform:  83%|████████▎ | 9798/11808 [04:00\u003c00:46, 43.36clip/s]\n"}
,{"stream_name":"stderr","time":323.98946827,"data":"\r[features] train_uniform:  83%|████████▎ | 9798/11808 [04:00\u003c00:46, 43.36clip/s]\r[features] train_uniform:  83%|████████▎ | 9803/11808 [04:00\u003c00:45, 43.67clip/s]\n"}
,{"stream_name":"stderr","time":324.166273337,"data":"\r[features] train_uniform:  83%|████████▎ | 9803/11808 [04:00\u003c00:45, 43.67clip/s]\r[features] train_uniform:  83%|████████▎ | 9808/11808 [04:00\u003c00:53, 37.57clip/s]\n"}
,{"stream_name":"stderr","time":324.28171674,"data":"\r[features] train_uniform:  83%|████████▎ | 9808/11808 [04:00\u003c00:53, 37.57clip/s]\r[features] train_uniform:  83%|████████▎ | 9813/11808 [04:00\u003c00:51, 39.10clip/s]\n"}
,{"stream_name":"stderr","time":324.555446982,"data":"\r[features] train_uniform:  83%|████████▎ | 9813/11808 [04:00\u003c00:51, 39.10clip/s]\r[features] train_uniform:  83%|████████▎ | 9818/11808 [04:00\u003c00:49, 40.39clip/s]\n"}
,{"stream_name":"stderr","time":324.60493965,"data":"\r[features] train_uniform:  83%|████████▎ | 9818/11808 [04:00\u003c00:49, 40.39clip/s]\r[features] train_uniform:  83%|████████▎ | 9823/11808 [04:01\u003c00:59, 33.48clip/s]\n"}
,{"stream_name":"stderr","time":324.764505792,"data":"\r[features] train_uniform:  83%|████████▎ | 9823/11808 [04:01\u003c00:59, 33.48clip/s]\r[features] train_uniform:  83%|████████▎ | 9828/11808 [04:01\u003c01:00, 32.83clip/s]\n"}
,{"stream_name":"stderr","time":324.872453021,"data":"\r[features] train_uniform:  83%|████████▎ | 9828/11808 [04:01\u003c01:00, 32.83clip/s]\r[features] train_uniform:  83%|████████▎ | 9833/11808 [04:01\u003c00:54, 35.94clip/s]\n"}
,{"stream_name":"stderr","time":324.990652521,"data":"\r[features] train_uniform:  83%|████████▎ | 9833/11808 [04:01\u003c00:54, 35.94clip/s]\r[features] train_uniform:  83%|████████▎ | 9838/11808 [04:01\u003c00:52, 37.67clip/s]\n"}
,{"stream_name":"stderr","time":325.094014076,"data":"\r[features] train_uniform:  83%|████████▎ | 9838/11808 [04:01\u003c00:52, 37.67clip/s]\r[features] train_uniform:  83%|████████▎ | 9843/11808 [04:01\u003c00:48, 40.40clip/s]\n"}
,{"stream_name":"stderr","time":325.1982973,"data":"\r[features] train_uniform:  83%|████████▎ | 9843/11808 [04:01\u003c00:48, 40.40clip/s]\r[features] train_uniform:  83%|████████▎ | 9848/11808 [04:01\u003c00:46, 42.38clip/s]\n"}
,{"stream_name":"stderr","time":325.312459301,"data":"\r[features] train_uniform:  83%|████████▎ | 9848/11808 [04:01\u003c00:46, 42.38clip/s]\r[features] train_uniform:  83%|████████▎ | 9853/11808 [04:01\u003c00:45, 42.81clip/s]\n"}
,{"stream_name":"stderr","time":325.418701499,"data":"\r[features] train_uniform:  83%|████████▎ | 9853/11808 [04:01\u003c00:45, 42.81clip/s]\r[features] train_uniform:  83%|████████▎ | 9858/11808 [04:01\u003c00:44, 43.95clip/s]\n"}
,{"stream_name":"stderr","time":325.553542052,"data":"\r[features] train_uniform:  83%|████████▎ | 9858/11808 [04:01\u003c00:44, 43.95clip/s]\r[features] train_uniform:  84%|████████▎ | 9863/11808 [04:02\u003c00:46, 41.62clip/s]\n"}
,{"stream_name":"stderr","time":325.676998288,"data":"\r[features] train_uniform:  84%|████████▎ | 9863/11808 [04:02\u003c00:46, 41.62clip/s]\r[features] train_uniform:  84%|████████▎ | 9868/11808 [04:02\u003c00:47, 41.26clip/s]\n"}
,{"stream_name":"stderr","time":325.810303192,"data":"\r[features] train_uniform:  84%|████████▎ | 9868/11808 [04:02\u003c00:47, 41.26clip/s]\r[features] train_uniform:  84%|████████▎ | 9873/11808 [04:02\u003c00:48, 40.08clip/s]\n"}
,{"stream_name":"stderr","time":325.9162371,"data":"\r[features] train_uniform:  84%|████████▎ | 9873/11808 [04:02\u003c00:48, 40.08clip/s]\r[features] train_uniform:  84%|████████▎ | 9878/11808 [04:02\u003c00:45, 42.13clip/s]\n"}
,{"stream_name":"stderr","time":326.022413019,"data":"\r[features] train_uniform:  84%|████████▎ | 9878/11808 [04:02\u003c00:45, 42.13clip/s]\r[features] train_uniform:  84%|████████▎ | 9883/11808 [04:02\u003c00:44, 43.34clip/s]\n"}
,{"stream_name":"stderr","time":326.132093988,"data":"\r[features] train_uniform:  84%|████████▎ | 9883/11808 [04:02\u003c00:44, 43.34clip/s]\r[features] train_uniform:  84%|████████▎ | 9888/11808 [04:02\u003c00:43, 43.98clip/s]\n"}
,{"stream_name":"stderr","time":326.238313716,"data":"\r[features] train_uniform:  84%|████████▎ | 9888/11808 [04:02\u003c00:43, 43.98clip/s]\r[features] train_uniform:  84%|████████▍ | 9893/11808 [04:02\u003c00:42, 44.92clip/s]\n"}
,{"stream_name":"stderr","time":326.34930874,"data":"\r[features] train_uniform:  84%|████████▍ | 9893/11808 [04:02\u003c00:42, 44.92clip/s]\r[features] train_uniform:  84%|████████▍ | 9898/11808 [04:02\u003c00:42, 44.94clip/s]\n"}
,{"stream_name":"stderr","time":326.474287687,"data":"\r[features] train_uniform:  84%|████████▍ | 9898/11808 [04:02\u003c00:42, 44.94clip/s]\r[features] train_uniform:  84%|████████▍ | 9903/11808 [04:03\u003c00:43, 43.34clip/s]\n"}
,{"stream_name":"stderr","time":326.593491097,"data":"\r[features] train_uniform:  84%|████████▍ | 9903/11808 [04:03\u003c00:43, 43.34clip/s]\r[features] train_uniform:  84%|████████▍ | 9908/11808 [04:03\u003c00:44, 43.07clip/s]\n"}
,{"stream_name":"stderr","time":326.708734761,"data":"\r[features] train_uniform:  84%|████████▍ | 9908/11808 [04:03\u003c00:44, 43.07clip/s]\r[features] train_uniform:  84%|████████▍ | 9914/11808 [04:03\u003c00:41, 45.59clip/s]\n"}
,{"stream_name":"stderr","time":326.821517013,"data":"\r[features] train_uniform:  84%|████████▍ | 9914/11808 [04:03\u003c00:41, 45.59clip/s]\r[features] train_uniform:  84%|████████▍ | 9919/11808 [04:03\u003c00:41, 45.43clip/s]\n"}
,{"stream_name":"stderr","time":326.933562854,"data":"\r[features] train_uniform:  84%|████████▍ | 9919/11808 [04:03\u003c00:41, 45.43clip/s]\r[features] train_uniform:  84%|████████▍ | 9925/11808 [04:03\u003c00:39, 47.61clip/s]\n"}
,{"stream_name":"stderr","time":327.036230391,"data":"\r[features] train_uniform:  84%|████████▍ | 9925/11808 [04:03\u003c00:39, 47.61clip/s]\r[features] train_uniform:  84%|████████▍ | 9930/11808 [04:03\u003c00:39, 47.88clip/s]\n"}
,{"stream_name":"stderr","time":327.19690745,"data":"\r[features] train_uniform:  84%|████████▍ | 9930/11808 [04:03\u003c00:39, 47.88clip/s]\r[features] train_uniform:  84%|████████▍ | 9935/11808 [04:03\u003c00:45, 41.49clip/s]\n"}
,{"stream_name":"stderr","time":327.313260269,"data":"\r[features] train_uniform:  84%|████████▍ | 9935/11808 [04:03\u003c00:45, 41.49clip/s]\r[features] train_uniform:  84%|████████▍ | 9940/11808 [04:03\u003c00:44, 41.91clip/s]\n"}
,{"stream_name":"stderr","time":327.449220397,"data":"\r[features] train_uniform:  84%|████████▍ | 9940/11808 [04:03\u003c00:44, 41.91clip/s]\r[features] train_uniform:  84%|████████▍ | 9945/11808 [04:03\u003c00:46, 40.24clip/s]\n"}
,{"stream_name":"stderr","time":327.554203538,"data":"\r[features] train_uniform:  84%|████████▍ | 9945/11808 [04:03\u003c00:46, 40.24clip/s]\r[features] train_uniform:  84%|████████▍ | 9950/11808 [04:04\u003c00:44, 42.22clip/s]\n"}
,{"stream_name":"stderr","time":327.669506944,"data":"\r[features] train_uniform:  84%|████████▍ | 9950/11808 [04:04\u003c00:44, 42.22clip/s]\r[features] train_uniform:  84%|████████▍ | 9956/11808 [04:04\u003c00:41, 45.06clip/s]\n"}
,{"stream_name":"stderr","time":327.774183588,"data":"\r[features] train_uniform:  84%|████████▍ | 9956/11808 [04:04\u003c00:41, 45.06clip/s]\r[features] train_uniform:  84%|████████▍ | 9961/11808 [04:04\u003c00:40, 45.76clip/s]\n"}
,{"stream_name":"stderr","time":327.889693188,"data":"\r[features] train_uniform:  84%|████████▍ | 9961/11808 [04:04\u003c00:40, 45.76clip/s]\r[features] train_uniform:  84%|████████▍ | 9966/11808 [04:04\u003c00:40, 45.05clip/s]\n"}
,{"stream_name":"stderr","time":327.992283526,"data":"\r[features] train_uniform:  84%|████████▍ | 9966/11808 [04:04\u003c00:40, 45.05clip/s]\r[features] train_uniform:  84%|████████▍ | 9971/11808 [04:04\u003c00:39, 46.05clip/s]\n"}
,{"stream_name":"stderr","time":328.125882637,"data":"\r[features] train_uniform:  84%|████████▍ | 9971/11808 [04:04\u003c00:39, 46.05clip/s]\r[features] train_uniform:  84%|████████▍ | 9976/11808 [04:04\u003c00:42, 43.16clip/s]\n"}
,{"stream_name":"stderr","time":328.233415348,"data":"\r[features] train_uniform:  84%|████████▍ | 9976/11808 [04:04\u003c00:42, 43.16clip/s]\r[features] train_uniform:  85%|████████▍ | 9981/11808 [04:04\u003c00:41, 44.07clip/s]\n"}
,{"stream_name":"stderr","time":328.353620266,"data":"\r[features] train_uniform:  85%|████████▍ | 9981/11808 [04:04\u003c00:41, 44.07clip/s]\r[features] train_uniform:  85%|████████▍ | 9987/11808 [04:04\u003c00:39, 45.81clip/s]\n"}
,{"stream_name":"stderr","time":328.497551533,"data":"\r[features] train_uniform:  85%|████████▍ | 9987/11808 [04:04\u003c00:39, 45.81clip/s]\r[features] train_uniform:  85%|████████▍ | 9992/11808 [04:05\u003c00:43, 42.00clip/s]\n"}
,{"stream_name":"stderr","time":328.648774055,"data":"\r[features] train_uniform:  85%|████████▍ | 9992/11808 [04:05\u003c00:43, 42.00clip/s]\r[features] train_uniform:  85%|████████▍ | 9997/11808 [04:05\u003c00:46, 38.97clip/s]\n"}
,{"stream_name":"stderr","time":328.750209698,"data":"\r[features] train_uniform:  85%|████████▍ | 9997/11808 [04:05\u003c00:46, 38.97clip/s]\r[features] train_uniform:  85%|████████▍ | 10002/11808 [04:05\u003c00:43, 41.49clip/s]\n"}
,{"stream_name":"stderr","time":328.869493752,"data":"\r[features] train_uniform:  85%|████████▍ | 10002/11808 [04:05\u003c00:43, 41.49clip/s]\r[features] train_uniform:  85%|████████▍ | 10008/11808 [04:05\u003c00:40, 44.08clip/s]\n"}
,{"stream_name":"stderr","time":329.098495823,"data":"\r[features] train_uniform:  85%|████████▍ | 10008/11808 [04:05\u003c00:40, 44.08clip/s]\r[features] train_uniform:  85%|████████▍ | 10013/11808 [04:05\u003c00:52, 34.14clip/s]\n"}
,{"stream_name":"stderr","time":329.202097489,"data":"\r[features] train_uniform:  85%|████████▍ | 10013/11808 [04:05\u003c00:52, 34.14clip/s]\r[features] train_uniform:  85%|████████▍ | 10017/11808 [04:05\u003c00:50, 35.13clip/s]\n"}
,{"stream_name":"stderr","time":329.328106768,"data":"\r[features] train_uniform:  85%|████████▍ | 10017/11808 [04:05\u003c00:50, 35.13clip/s]\r[features] train_uniform:  85%|████████▍ | 10022/11808 [04:05\u003c00:49, 36.40clip/s]\n"}
,{"stream_name":"stderr","time":329.452710288,"data":"\r[features] train_uniform:  85%|████████▍ | 10022/11808 [04:05\u003c00:49, 36.40clip/s]\r[features] train_uniform:  85%|████████▍ | 10027/11808 [04:05\u003c00:47, 37.48clip/s]\n"}
,{"stream_name":"stderr","time":329.563626036,"data":"\r[features] train_uniform:  85%|████████▍ | 10027/11808 [04:05\u003c00:47, 37.48clip/s]\r[features] train_uniform:  85%|████████▍ | 10032/11808 [04:06\u003c00:44, 39.51clip/s]\n"}
,{"stream_name":"stderr","time":329.676991489,"data":"\r[features] train_uniform:  85%|████████▍ | 10032/11808 [04:06\u003c00:44, 39.51clip/s]\r[features] train_uniform:  85%|████████▌ | 10038/11808 [04:06\u003c00:40, 43.25clip/s]\n"}
,{"stream_name":"stderr","time":329.78680676,"data":"\r[features] train_uniform:  85%|████████▌ | 10038/11808 [04:06\u003c00:40, 43.25clip/s]\r[features] train_uniform:  85%|████████▌ | 10043/11808 [04:06\u003c00:40, 43.87clip/s]\n"}
,{"stream_name":"stderr","time":329.903923565,"data":"\r[features] train_uniform:  85%|████████▌ | 10043/11808 [04:06\u003c00:40, 43.87clip/s]\r[features] train_uniform:  85%|████████▌ | 10048/11808 [04:06\u003c00:40, 43.52clip/s]\n"}
,{"stream_name":"stderr","time":330.006333183,"data":"\r[features] train_uniform:  85%|████████▌ | 10048/11808 [04:06\u003c00:40, 43.52clip/s]\r[features] train_uniform:  85%|████████▌ | 10053/11808 [04:06\u003c00:38, 45.04clip/s]\n"}
,{"stream_name":"stderr","time":330.158024577,"data":"\r[features] train_uniform:  85%|████████▌ | 10053/11808 [04:06\u003c00:38, 45.04clip/s]\r[features] train_uniform:  85%|████████▌ | 10058/11808 [04:06\u003c00:43, 40.63clip/s]\n"}
,{"stream_name":"stderr","time":330.277094948,"data":"\r[features] train_uniform:  85%|████████▌ | 10058/11808 [04:06\u003c00:43, 40.63clip/s]\r[features] train_uniform:  85%|████████▌ | 10063/11808 [04:06\u003c00:42, 41.04clip/s]\n"}
,{"stream_name":"stderr","time":330.395016238,"data":"\r[features] train_uniform:  85%|████████▌ | 10063/11808 [04:06\u003c00:42, 41.04clip/s]\r[features] train_uniform:  85%|████████▌ | 10068/11808 [04:06\u003c00:42, 41.36clip/s]\n"}
,{"stream_name":"stderr","time":330.50545914,"data":"\r[features] train_uniform:  85%|████████▌ | 10068/11808 [04:06\u003c00:42, 41.36clip/s]\r[features] train_uniform:  85%|████████▌ | 10073/11808 [04:07\u003c00:40, 42.48clip/s]\n"}
,{"stream_name":"stderr","time":330.606807626,"data":"\r[features] train_uniform:  85%|████████▌ | 10073/11808 [04:07\u003c00:40, 42.48clip/s]\r[features] train_uniform:  85%|████████▌ | 10078/11808 [04:07\u003c00:38, 44.45clip/s]\n"}
,{"stream_name":"stderr","time":330.737899084,"data":"\r[features] train_uniform:  85%|████████▌ | 10078/11808 [04:07\u003c00:38, 44.45clip/s]\r[features] train_uniform:  85%|████████▌ | 10084/11808 [04:07\u003c00:38, 44.86clip/s]\n"}
,{"stream_name":"stderr","time":330.841617898,"data":"\r[features] train_uniform:  85%|████████▌ | 10084/11808 [04:07\u003c00:38, 44.86clip/s]\r[features] train_uniform:  85%|████████▌ | 10089/11808 [04:07\u003c00:37, 45.74clip/s]\n"}
,{"stream_name":"stderr","time":330.962446768,"data":"\r[features] train_uniform:  85%|████████▌ | 10089/11808 [04:07\u003c00:37, 45.74clip/s]\r[features] train_uniform:  85%|████████▌ | 10094/11808 [04:07\u003c00:38, 44.37clip/s]\n"}
,{"stream_name":"stderr","time":331.063575754,"data":"\r[features] train_uniform:  85%|████████▌ | 10094/11808 [04:07\u003c00:38, 44.37clip/s]\r[features] train_uniform:  86%|████████▌ | 10099/11808 [04:07\u003c00:37, 45.83clip/s]\n"}
,{"stream_name":"stderr","time":331.199700758,"data":"\r[features] train_uniform:  86%|████████▌ | 10099/11808 [04:07\u003c00:37, 45.83clip/s]\r[features] train_uniform:  86%|████████▌ | 10104/11808 [04:07\u003c00:39, 42.77clip/s]\n"}
,{"stream_name":"stderr","time":331.32977567,"data":"\r[features] train_uniform:  86%|████████▌ | 10104/11808 [04:07\u003c00:39, 42.77clip/s]\r[features] train_uniform:  86%|████████▌ | 10109/11808 [04:07\u003c00:41, 41.19clip/s]\n"}
,{"stream_name":"stderr","time":331.434383312,"data":"\r[features] train_uniform:  86%|████████▌ | 10109/11808 [04:07\u003c00:41, 41.19clip/s]\r[features] train_uniform:  86%|████████▌ | 10114/11808 [04:07\u003c00:39, 43.00clip/s]\n"}
,{"stream_name":"stderr","time":331.540179553,"data":"\r[features] train_uniform:  86%|████████▌ | 10114/11808 [04:07\u003c00:39, 43.00clip/s]\r[features] train_uniform:  86%|████████▌ | 10119/11808 [04:08\u003c00:38, 44.24clip/s]\n"}
,{"stream_name":"stderr","time":331.653950275,"data":"\r[features] train_uniform:  86%|████████▌ | 10119/11808 [04:08\u003c00:38, 44.24clip/s]\r[features] train_uniform:  86%|████████▌ | 10124/11808 [04:08\u003c00:38, 44.07clip/s]\n"}
,{"stream_name":"stderr","time":331.761646728,"data":"\r[features] train_uniform:  86%|████████▌ | 10124/11808 [04:08\u003c00:38, 44.07clip/s]\r[features] train_uniform:  86%|████████▌ | 10129/11808 [04:08\u003c00:37, 44.73clip/s]\n"}
,{"stream_name":"stderr","time":331.86341288,"data":"\r[features] train_uniform:  86%|████████▌ | 10129/11808 [04:08\u003c00:37, 44.73clip/s]\r[features] train_uniform:  86%|████████▌ | 10134/11808 [04:08\u003c00:36, 45.92clip/s]\n"}
,{"stream_name":"stderr","time":331.973182543,"data":"\r[features] train_uniform:  86%|████████▌ | 10134/11808 [04:08\u003c00:36, 45.92clip/s]\r[features] train_uniform:  86%|████████▌ | 10139/11808 [04:08\u003c00:36, 45.84clip/s]\n"}
,{"stream_name":"stderr","time":332.085924506,"data":"\r[features] train_uniform:  86%|████████▌ | 10139/11808 [04:08\u003c00:36, 45.84clip/s]\r[features] train_uniform:  86%|████████▌ | 10144/11808 [04:08\u003c00:36, 45.47clip/s]\n"}
,{"stream_name":"stderr","time":332.197532129,"data":"\r[features] train_uniform:  86%|████████▌ | 10144/11808 [04:08\u003c00:36, 45.47clip/s]\r[features] train_uniform:  86%|████████▌ | 10149/11808 [04:08\u003c00:36, 45.23clip/s]\n"}
,{"stream_name":"stderr","time":332.316842613,"data":"\r[features] train_uniform:  86%|████████▌ | 10149/11808 [04:08\u003c00:36, 45.23clip/s]\r[features] train_uniform:  86%|████████▌ | 10155/11808 [04:08\u003c00:35, 46.85clip/s]\n"}
,{"stream_name":"stderr","time":332.418551601,"data":"\r[features] train_uniform:  86%|████████▌ | 10155/11808 [04:08\u003c00:35, 46.85clip/s]\r[features] train_uniform:  86%|████████▌ | 10160/11808 [04:08\u003c00:34, 47.48clip/s]\n"}
,{"stream_name":"stderr","time":332.534973171,"data":"\r[features] train_uniform:  86%|████████▌ | 10160/11808 [04:08\u003c00:34, 47.48clip/s]\r[features] train_uniform:  86%|████████▌ | 10166/11808 [04:09\u003c00:33, 48.79clip/s]\n"}
,{"stream_name":"stderr","time":332.659270143,"data":"\r[features] train_uniform:  86%|████████▌ | 10166/11808 [04:09\u003c00:33, 48.79clip/s]\r[features] train_uniform:  86%|████████▌ | 10171/11808 [04:09\u003c00:35, 46.01clip/s]\n"}
,{"stream_name":"stderr","time":332.778281625,"data":"\r[features] train_uniform:  86%|████████▌ | 10171/11808 [04:09\u003c00:35, 46.01clip/s]\r[features] train_uniform:  86%|████████▌ | 10177/11808 [04:09\u003c00:34, 47.33clip/s]\n"}
,{"stream_name":"stderr","time":332.942014378,"data":"\r[features] train_uniform:  86%|████████▌ | 10177/11808 [04:09\u003c00:34, 47.33clip/s]\r[features] train_uniform:  86%|████████▌ | 10182/11808 [04:09\u003c00:39, 41.04clip/s]\n"}
,{"stream_name":"stderr","time":333.056832918,"data":"\r[features] train_uniform:  86%|████████▌ | 10182/11808 [04:09\u003c00:39, 41.04clip/s]\r[features] train_uniform:  86%|████████▋ | 10187/11808 [04:09\u003c00:38, 41.67clip/s]\n"}
,{"stream_name":"stderr","time":333.173281872,"data":"\r[features] train_uniform:  86%|████████▋ | 10187/11808 [04:09\u003c00:38, 41.67clip/s]\r[features] train_uniform:  86%|████████▋ | 10192/11808 [04:09\u003c00:38, 42.04clip/s]\n"}
,{"stream_name":"stderr","time":333.274541846,"data":"\r[features] train_uniform:  86%|████████▋ | 10192/11808 [04:09\u003c00:38, 42.04clip/s]\r[features] train_uniform:  86%|████████▋ | 10197/11808 [04:09\u003c00:36, 43.98clip/s]\n"}
,{"stream_name":"stderr","time":333.376720922,"data":"\r[features] train_uniform:  86%|████████▋ | 10197/11808 [04:09\u003c00:36, 43.98clip/s]\r[features] train_uniform:  86%|████████▋ | 10202/11808 [04:09\u003c00:35, 45.29clip/s]\n"}
,{"stream_name":"stderr","time":333.492626063,"data":"\r[features] train_uniform:  86%|████████▋ | 10202/11808 [04:09\u003c00:35, 45.29clip/s]\r[features] train_uniform:  86%|████████▋ | 10207/11808 [04:10\u003c00:35, 44.63clip/s]\n"}
,{"stream_name":"stderr","time":333.605826678,"data":"\r[features] train_uniform:  86%|████████▋ | 10207/11808 [04:10\u003c00:35, 44.63clip/s]\r[features] train_uniform:  86%|████████▋ | 10212/11808 [04:10\u003c00:35, 44.50clip/s]\n"}
,{"stream_name":"stderr","time":333.707242027,"data":"\r[features] train_uniform:  86%|████████▋ | 10212/11808 [04:10\u003c00:35, 44.50clip/s]\r[features] train_uniform:  87%|████████▋ | 10217/11808 [04:10\u003c00:34, 45.89clip/s]\n"}
,{"stream_name":"stderr","time":333.814741459,"data":"\r[features] train_uniform:  87%|████████▋ | 10217/11808 [04:10\u003c00:34, 45.89clip/s]\r[features] train_uniform:  87%|████████▋ | 10222/11808 [04:10\u003c00:34, 46.02clip/s]\n"}
,{"stream_name":"stderr","time":333.945363961,"data":"\r[features] train_uniform:  87%|████████▋ | 10222/11808 [04:10\u003c00:34, 46.02clip/s]\r[features] train_uniform:  87%|████████▋ | 10227/11808 [04:10\u003c00:36, 43.49clip/s]\n"}
,{"stream_name":"stderr","time":334.057079854,"data":"\r[features] train_uniform:  87%|████████▋ | 10227/11808 [04:10\u003c00:36, 43.49clip/s]\r[features] train_uniform:  87%|████████▋ | 10232/11808 [04:10\u003c00:36, 43.77clip/s]\n"}
,{"stream_name":"stderr","time":334.211226109,"data":"\r[features] train_uniform:  87%|████████▋ | 10232/11808 [04:10\u003c00:36, 43.77clip/s]\r[features] train_uniform:  87%|████████▋ | 10237/11808 [04:10\u003c00:39, 39.69clip/s]\n"}
,{"stream_name":"stderr","time":334.330431008,"data":"\r[features] train_uniform:  87%|████████▋ | 10237/11808 [04:10\u003c00:39, 39.69clip/s]\r[features] train_uniform:  87%|████████▋ | 10242/11808 [04:10\u003c00:38, 40.26clip/s]\n"}
,{"stream_name":"stderr","time":334.445622543,"data":"\r[features] train_uniform:  87%|████████▋ | 10242/11808 [04:10\u003c00:38, 40.26clip/s]\r[features] train_uniform:  87%|████████▋ | 10248/11808 [04:10\u003c00:35, 43.62clip/s]\n"}
,{"stream_name":"stderr","time":334.562775329,"data":"\r[features] train_uniform:  87%|████████▋ | 10248/11808 [04:10\u003c00:35, 43.62clip/s]\r[features] train_uniform:  87%|████████▋ | 10253/11808 [04:11\u003c00:35, 43.32clip/s]\n"}
,{"stream_name":"stderr","time":334.689815574,"data":"\r[features] train_uniform:  87%|████████▋ | 10253/11808 [04:11\u003c00:35, 43.32clip/s]\r[features] train_uniform:  87%|████████▋ | 10258/11808 [04:11\u003c00:36, 42.16clip/s]\n"}
,{"stream_name":"stderr","time":334.80235713,"data":"\r[features] train_uniform:  87%|████████▋ | 10258/11808 [04:11\u003c00:36, 42.16clip/s]\r[features] train_uniform:  87%|████████▋ | 10263/11808 [04:11\u003c00:36, 42.77clip/s]\n"}
,{"stream_name":"stderr","time":334.927582343,"data":"\r[features] train_uniform:  87%|████████▋ | 10263/11808 [04:11\u003c00:36, 42.77clip/s]\r[features] train_uniform:  87%|████████▋ | 10268/11808 [04:11\u003c00:36, 41.95clip/s]\n"}
,{"stream_name":"stderr","time":335.070484327,"data":"\r[features] train_uniform:  87%|████████▋ | 10268/11808 [04:11\u003c00:36, 41.95clip/s]\r[features] train_uniform:  87%|████████▋ | 10273/11808 [04:11\u003c00:38, 39.64clip/s]\n"}
,{"stream_name":"stderr","time":335.177496167,"data":"\r[features] train_uniform:  87%|████████▋ | 10273/11808 [04:11\u003c00:38, 39.64clip/s]\r[features] train_uniform:  87%|████████▋ | 10278/11808 [04:11\u003c00:36, 41.64clip/s]\n"}
,{"stream_name":"stderr","time":335.287489217,"data":"\r[features] train_uniform:  87%|████████▋ | 10278/11808 [04:11\u003c00:36, 41.64clip/s]\r[features] train_uniform:  87%|████████▋ | 10283/11808 [04:11\u003c00:35, 42.53clip/s]\n"}
,{"stream_name":"stderr","time":335.407096622,"data":"\r[features] train_uniform:  87%|████████▋ | 10283/11808 [04:11\u003c00:35, 42.53clip/s]\r[features] train_uniform:  87%|████████▋ | 10289/11808 [04:11\u003c00:33, 44.77clip/s]\n"}
,{"stream_name":"stderr","time":335.510469393,"data":"\r[features] train_uniform:  87%|████████▋ | 10289/11808 [04:11\u003c00:33, 44.77clip/s]\r[features] train_uniform:  87%|████████▋ | 10294/11808 [04:12\u003c00:33, 45.75clip/s]\n"}
,{"stream_name":"stderr","time":335.630453373,"data":"\r[features] train_uniform:  87%|████████▋ | 10294/11808 [04:12\u003c00:33, 45.75clip/s]\r[features] train_uniform:  87%|████████▋ | 10299/11808 [04:12\u003c00:33, 44.56clip/s]\n"}
,{"stream_name":"stderr","time":335.73223635,"data":"\r[features] train_uniform:  87%|████████▋ | 10299/11808 [04:12\u003c00:33, 44.56clip/s]\r[features] train_uniform:  87%|████████▋ | 10304/11808 [04:12\u003c00:32, 45.76clip/s]\n"}
,{"stream_name":"stderr","time":335.871441064,"data":"\r[features] train_uniform:  87%|████████▋ | 10304/11808 [04:12\u003c00:32, 45.76clip/s]\r[features] train_uniform:  87%|████████▋ | 10309/11808 [04:12\u003c00:35, 42.35clip/s]\n"}
,{"stream_name":"stderr","time":336.007919657,"data":"\r[features] train_uniform:  87%|████████▋ | 10309/11808 [04:12\u003c00:35, 42.35clip/s]\r[features] train_uniform:  87%|████████▋ | 10314/11808 [04:12\u003c00:36, 40.43clip/s]\n"}
,{"stream_name":"stderr","time":336.131633603,"data":"\r[features] train_uniform:  87%|████████▋ | 10314/11808 [04:12\u003c00:36, 40.43clip/s]\r[features] train_uniform:  87%|████████▋ | 10319/11808 [04:12\u003c00:36, 41.04clip/s]\n"}
,{"stream_name":"stderr","time":336.232865285,"data":"\r[features] train_uniform:  87%|████████▋ | 10319/11808 [04:12\u003c00:36, 41.04clip/s]\r[features] train_uniform:  87%|████████▋ | 10324/11808 [04:12\u003c00:34, 42.56clip/s]\n"}
,{"stream_name":"stderr","time":336.333853961,"data":"\r[features] train_uniform:  87%|████████▋ | 10324/11808 [04:12\u003c00:34, 42.56clip/s]\r[features] train_uniform:  87%|████████▋ | 10329/11808 [04:12\u003c00:33, 44.54clip/s]\n"}
,{"stream_name":"stderr","time":336.438248071,"data":"\r[features] train_uniform:  87%|████████▋ | 10329/11808 [04:12\u003c00:33, 44.54clip/s]\r[features] train_uniform:  88%|████████▊ | 10334/11808 [04:12\u003c00:32, 45.43clip/s]\n"}
,{"stream_name":"stderr","time":336.581403098,"data":"\r[features] train_uniform:  88%|████████▊ | 10334/11808 [04:12\u003c00:32, 45.43clip/s]\r[features] train_uniform:  88%|████████▊ | 10339/11808 [04:13\u003c00:35, 41.72clip/s]\n"}
,{"stream_name":"stderr","time":336.719434508,"data":"\r[features] train_uniform:  88%|████████▊ | 10339/11808 [04:13\u003c00:35, 41.72clip/s]\r[features] train_uniform:  88%|████████▊ | 10344/11808 [04:13\u003c00:36, 39.97clip/s]\n"}
,{"stream_name":"stderr","time":336.818025995,"data":"\r[features] train_uniform:  88%|████████▊ | 10344/11808 [04:13\u003c00:36, 39.97clip/s]\r[features] train_uniform:  88%|████████▊ | 10349/11808 [04:13\u003c00:34, 42.47clip/s]\n"}
,{"stream_name":"stderr","time":336.925657426,"data":"\r[features] train_uniform:  88%|████████▊ | 10349/11808 [04:13\u003c00:34, 42.47clip/s]\r[features] train_uniform:  88%|████████▊ | 10354/11808 [04:13\u003c00:33, 43.58clip/s]\n"}
,{"stream_name":"stderr","time":337.041258591,"data":"\r[features] train_uniform:  88%|████████▊ | 10354/11808 [04:13\u003c00:33, 43.58clip/s]\r[features] train_uniform:  88%|████████▊ | 10359/11808 [04:13\u003c00:33, 43.57clip/s]\n"}
,{"stream_name":"stderr","time":337.147879469,"data":"\r[features] train_uniform:  88%|████████▊ | 10359/11808 [04:13\u003c00:33, 43.57clip/s]\r[features] train_uniform:  88%|████████▊ | 10364/11808 [04:13\u003c00:32, 44.48clip/s]\n"}
,{"stream_name":"stderr","time":337.263478318,"data":"\r[features] train_uniform:  88%|████████▊ | 10364/11808 [04:13\u003c00:32, 44.48clip/s]\r[features] train_uniform:  88%|████████▊ | 10370/11808 [04:13\u003c00:30, 46.76clip/s]\n"}
,{"stream_name":"stderr","time":337.364737079,"data":"\r[features] train_uniform:  88%|████████▊ | 10370/11808 [04:13\u003c00:30, 46.76clip/s]\r[features] train_uniform:  88%|████████▊ | 10375/11808 [04:13\u003c00:30, 47.49clip/s]\n"}
,{"stream_name":"stderr","time":337.521352796,"data":"\r[features] train_uniform:  88%|████████▊ | 10375/11808 [04:13\u003c00:30, 47.49clip/s]\r[features] train_uniform:  88%|████████▊ | 10380/11808 [04:14\u003c00:34, 41.62clip/s]\n"}
,{"stream_name":"stderr","time":337.642304612,"data":"\r[features] train_uniform:  88%|████████▊ | 10380/11808 [04:14\u003c00:34, 41.62clip/s]\r[features] train_uniform:  88%|████████▊ | 10386/11808 [04:14\u003c00:32, 43.95clip/s]\n"}
,{"stream_name":"stderr","time":337.744833029,"data":"\r[features] train_uniform:  88%|████████▊ | 10386/11808 [04:14\u003c00:32, 43.95clip/s]\r[features] train_uniform:  88%|████████▊ | 10391/11808 [04:14\u003c00:31, 45.23clip/s]\n"}
,{"stream_name":"stderr","time":337.863091646,"data":"\r[features] train_uniform:  88%|████████▊ | 10391/11808 [04:14\u003c00:31, 45.23clip/s]\r[features] train_uniform:  88%|████████▊ | 10396/11808 [04:14\u003c00:31, 44.28clip/s]\n"}
,{"stream_name":"stderr","time":337.967075128,"data":"\r[features] train_uniform:  88%|████████▊ | 10396/11808 [04:14\u003c00:31, 44.28clip/s]\r[features] train_uniform:  88%|████████▊ | 10401/11808 [04:14\u003c00:30, 45.39clip/s]\n"}
,{"stream_name":"stderr","time":338.074853257,"data":"\r[features] train_uniform:  88%|████████▊ | 10401/11808 [04:14\u003c00:30, 45.39clip/s]\r[features] train_uniform:  88%|████████▊ | 10406/11808 [04:14\u003c00:30, 45.64clip/s]\n"}
,{"stream_name":"stderr","time":338.191712741,"data":"\r[features] train_uniform:  88%|████████▊ | 10406/11808 [04:14\u003c00:30, 45.64clip/s]\r[features] train_uniform:  88%|████████▊ | 10411/11808 [04:14\u003c00:31, 44.73clip/s]\n"}
,{"stream_name":"stderr","time":338.309948874,"data":"\r[features] train_uniform:  88%|████████▊ | 10411/11808 [04:14\u003c00:31, 44.73clip/s]\r[features] train_uniform:  88%|████████▊ | 10416/11808 [04:14\u003c00:31, 43.99clip/s]\n"}
,{"stream_name":"stderr","time":338.434285888,"data":"\r[features] train_uniform:  88%|████████▊ | 10416/11808 [04:14\u003c00:31, 43.99clip/s]\r[features] train_uniform:  88%|████████▊ | 10421/11808 [04:14\u003c00:32, 42.77clip/s]\n"}
,{"stream_name":"stderr","time":338.543498737,"data":"\r[features] train_uniform:  88%|████████▊ | 10421/11808 [04:14\u003c00:32, 42.77clip/s]\r[features] train_uniform:  88%|████████▊ | 10426/11808 [04:15\u003c00:31, 43.74clip/s]\n"}
,{"stream_name":"stderr","time":338.652955987,"data":"\r[features] train_uniform:  88%|████████▊ | 10426/11808 [04:15\u003c00:31, 43.74clip/s]\r[features] train_uniform:  88%|████████▊ | 10431/11808 [04:15\u003c00:31, 44.25clip/s]\n"}
,{"stream_name":"stderr","time":338.770358042,"data":"\r[features] train_uniform:  88%|████████▊ | 10431/11808 [04:15\u003c00:31, 44.25clip/s]\r[features] train_uniform:  88%|████████▊ | 10437/11808 [04:15\u003c00:29, 46.33clip/s]\n"}
,{"stream_name":"stderr","time":338.879695035,"data":"\r[features] train_uniform:  88%|████████▊ | 10437/11808 [04:15\u003c00:29, 46.33clip/s]\r[features] train_uniform:  88%|████████▊ | 10442/11808 [04:15\u003c00:29, 46.14clip/s]\n"}
,{"stream_name":"stderr","time":338.996469994,"data":"\r[features] train_uniform:  88%|████████▊ | 10442/11808 [04:15\u003c00:29, 46.14clip/s]\r[features] train_uniform:  88%|████████▊ | 10447/11808 [04:15\u003c00:30, 45.15clip/s]\n"}
,{"stream_name":"stderr","time":339.098269357,"data":"\r[features] train_uniform:  88%|████████▊ | 10447/11808 [04:15\u003c00:30, 45.15clip/s]\r[features] train_uniform:  89%|████████▊ | 10452/11808 [04:15\u003c00:29, 46.29clip/s]\n"}
,{"stream_name":"stderr","time":339.20497379,"data":"\r[features] train_uniform:  89%|████████▊ | 10452/11808 [04:15\u003c00:29, 46.29clip/s]\r[features] train_uniform:  89%|████████▊ | 10457/11808 [04:15\u003c00:29, 46.43clip/s]\n"}
,{"stream_name":"stderr","time":339.325591266,"data":"\r[features] train_uniform:  89%|████████▊ | 10457/11808 [04:15\u003c00:29, 46.43clip/s]\r[features] train_uniform:  89%|████████▊ | 10462/11808 [04:15\u003c00:30, 44.81clip/s]\n"}
,{"stream_name":"stderr","time":339.435603478,"data":"\r[features] train_uniform:  89%|████████▊ | 10462/11808 [04:15\u003c00:30, 44.81clip/s]\r[features] train_uniform:  89%|████████▊ | 10467/11808 [04:15\u003c00:29, 44.98clip/s]\n"}
,{"stream_name":"stderr","time":339.600084873,"data":"\r[features] train_uniform:  89%|████████▊ | 10467/11808 [04:15\u003c00:29, 44.98clip/s]\r[features] train_uniform:  89%|████████▊ | 10472/11808 [04:16\u003c00:33, 39.37clip/s]\n"}
,{"stream_name":"stderr","time":339.723855476,"data":"\r[features] train_uniform:  89%|████████▊ | 10472/11808 [04:16\u003c00:33, 39.37clip/s]\r[features] train_uniform:  89%|████████▊ | 10477/11808 [04:16\u003c00:33, 39.65clip/s]\n"}
,{"stream_name":"stderr","time":339.826383648,"data":"\r[features] train_uniform:  89%|████████▊ | 10477/11808 [04:16\u003c00:33, 39.65clip/s]\r[features] train_uniform:  89%|████████▉ | 10482/11808 [04:16\u003c00:31, 42.05clip/s]\n"}
,{"stream_name":"stderr","time":339.954423587,"data":"\r[features] train_uniform:  89%|████████▉ | 10482/11808 [04:16\u003c00:31, 42.05clip/s]\r[features] train_uniform:  89%|████████▉ | 10487/11808 [04:16\u003c00:32, 41.09clip/s]\n"}
,{"stream_name":"stderr","time":340.086948624,"data":"\r[features] train_uniform:  89%|████████▉ | 10487/11808 [04:16\u003c00:32, 41.09clip/s]\r[features] train_uniform:  89%|████████▉ | 10492/11808 [04:16\u003c00:32, 40.00clip/s]\n"}
,{"stream_name":"stderr","time":340.208002712,"data":"\r[features] train_uniform:  89%|████████▉ | 10492/11808 [04:16\u003c00:32, 40.00clip/s]\r[features] train_uniform:  89%|████████▉ | 10497/11808 [04:16\u003c00:32, 40.38clip/s]\n"}
,{"stream_name":"stderr","time":340.329781117,"data":"\r[features] train_uniform:  89%|████████▉ | 10497/11808 [04:16\u003c00:32, 40.38clip/s]\r[features] train_uniform:  89%|████████▉ | 10502/11808 [04:16\u003c00:32, 40.56clip/s]\n"}
,{"stream_name":"stderr","time":340.452988579,"data":"\r[features] train_uniform:  89%|████████▉ | 10502/11808 [04:16\u003c00:32, 40.56clip/s]\r[features] train_uniform:  89%|████████▉ | 10508/11808 [04:16\u003c00:30, 43.01clip/s]\n"}
,{"stream_name":"stderr","time":340.59177771,"data":"\r[features] train_uniform:  89%|████████▉ | 10508/11808 [04:16\u003c00:30, 43.01clip/s]\r[features] train_uniform:  89%|████████▉ | 10513/11808 [04:17\u003c00:31, 40.80clip/s]\n"}
,{"stream_name":"stderr","time":340.696800923,"data":"\r[features] train_uniform:  89%|████████▉ | 10513/11808 [04:17\u003c00:31, 40.80clip/s]\r[features] train_uniform:  89%|████████▉ | 10518/11808 [04:17\u003c00:30, 42.51clip/s]\n"}
,{"stream_name":"stderr","time":340.806447976,"data":"\r[features] train_uniform:  89%|████████▉ | 10518/11808 [04:17\u003c00:30, 42.51clip/s]\r[features] train_uniform:  89%|████████▉ | 10523/11808 [04:17\u003c00:29, 43.44clip/s]\n"}
,{"stream_name":"stderr","time":340.929892218,"data":"\r[features] train_uniform:  89%|████████▉ | 10523/11808 [04:17\u003c00:29, 43.44clip/s]\r[features] train_uniform:  89%|████████▉ | 10528/11808 [04:17\u003c00:30, 42.61clip/s]\n"}
,{"stream_name":"stderr","time":341.033556154,"data":"\r[features] train_uniform:  89%|████████▉ | 10528/11808 [04:17\u003c00:30, 42.61clip/s]\r[features] train_uniform:  89%|████████▉ | 10533/11808 [04:17\u003c00:28, 43.99clip/s]\n"}
,{"stream_name":"stderr","time":341.145804107,"data":"\r[features] train_uniform:  89%|████████▉ | 10533/11808 [04:17\u003c00:28, 43.99clip/s]\r[features] train_uniform:  89%|████████▉ | 10538/11808 [04:17\u003c00:28, 44.21clip/s]\n"}
,{"stream_name":"stderr","time":341.278512608,"data":"\r[features] train_uniform:  89%|████████▉ | 10538/11808 [04:17\u003c00:28, 44.21clip/s]\r[features] train_uniform:  89%|████████▉ | 10543/11808 [04:17\u003c00:29, 42.44clip/s]\n"}
,{"stream_name":"stderr","time":341.395743117,"data":"\r[features] train_uniform:  89%|████████▉ | 10543/11808 [04:17\u003c00:29, 42.44clip/s]\r[features] train_uniform:  89%|████████▉ | 10548/11808 [04:17\u003c00:29, 42.07clip/s]\n"}
,{"stream_name":"stderr","time":341.566824867,"data":"\r[features] train_uniform:  89%|████████▉ | 10548/11808 [04:17\u003c00:29, 42.07clip/s]\r[features] train_uniform:  89%|████████▉ | 10553/11808 [04:18\u003c00:33, 37.18clip/s]\n"}
,{"stream_name":"stderr","time":341.672973919,"data":"\r[features] train_uniform:  89%|████████▉ | 10553/11808 [04:18\u003c00:33, 37.18clip/s]\r[features] train_uniform:  89%|████████▉ | 10558/11808 [04:18\u003c00:31, 39.66clip/s]\n"}
,{"stream_name":"stderr","time":341.777903777,"data":"\r[features] train_uniform:  89%|████████▉ | 10558/11808 [04:18\u003c00:31, 39.66clip/s]\r[features] train_uniform:  89%|████████▉ | 10563/11808 [04:18\u003c00:29, 41.76clip/s]\n"}
,{"stream_name":"stderr","time":341.884912804,"data":"\r[features] train_uniform:  89%|████████▉ | 10563/11808 [04:18\u003c00:29, 41.76clip/s]\r[features] train_uniform:  89%|████████▉ | 10568/11808 [04:18\u003c00:28, 43.13clip/s]\n"}
,{"stream_name":"stderr","time":342.0180589,"data":"\r[features] train_uniform:  89%|████████▉ | 10568/11808 [04:18\u003c00:28, 43.13clip/s]\r[features] train_uniform:  90%|████████▉ | 10573/11808 [04:18\u003c00:29, 41.29clip/s]\n"}
,{"stream_name":"stderr","time":342.162794515,"data":"\r[features] train_uniform:  90%|████████▉ | 10573/11808 [04:18\u003c00:29, 41.29clip/s]\r[features] train_uniform:  90%|████████▉ | 10578/11808 [04:18\u003c00:31, 39.03clip/s]\n"}
,{"stream_name":"stderr","time":342.273322747,"data":"\r[features] train_uniform:  90%|████████▉ | 10578/11808 [04:18\u003c00:31, 39.03clip/s]\r[features] train_uniform:  90%|████████▉ | 10583/11808 [04:18\u003c00:30, 40.64clip/s]\n"}
,{"stream_name":"stderr","time":342.38450176,"data":"\r[features] train_uniform:  90%|████████▉ | 10583/11808 [04:18\u003c00:30, 40.64clip/s]\r[features] train_uniform:  90%|████████▉ | 10588/11808 [04:18\u003c00:29, 41.89clip/s]\n"}
,{"stream_name":"stderr","time":342.489545785,"data":"\r[features] train_uniform:  90%|████████▉ | 10588/11808 [04:18\u003c00:29, 41.89clip/s]\r[features] train_uniform:  90%|████████▉ | 10593/11808 [04:19\u003c00:27, 43.49clip/s]\n"}
,{"stream_name":"stderr","time":342.590254615,"data":"\r[features] train_uniform:  90%|████████▉ | 10593/11808 [04:19\u003c00:27, 43.49clip/s]\r[features] train_uniform:  90%|████████▉ | 10598/11808 [04:19\u003c00:26, 45.12clip/s]\n"}
,{"stream_name":"stderr","time":342.709422367,"data":"\r[features] train_uniform:  90%|████████▉ | 10598/11808 [04:19\u003c00:26, 45.12clip/s]\r[features] train_uniform:  90%|████████▉ | 10603/11808 [04:19\u003c00:27, 44.20clip/s]\n"}
,{"stream_name":"stderr","time":342.821492879,"data":"\r[features] train_uniform:  90%|████████▉ | 10603/11808 [04:19\u003c00:27, 44.20clip/s]\r[features] train_uniform:  90%|████████▉ | 10608/11808 [04:19\u003c00:27, 44.26clip/s]\n"}
,{"stream_name":"stderr","time":342.930912384,"data":"\r[features] train_uniform:  90%|████████▉ | 10608/11808 [04:19\u003c00:27, 44.26clip/s]\r[features] train_uniform:  90%|████████▉ | 10613/11808 [04:19\u003c00:26, 44.72clip/s]\n"}
,{"stream_name":"stderr","time":343.044872391,"data":"\r[features] train_uniform:  90%|████████▉ | 10613/11808 [04:19\u003c00:26, 44.72clip/s]\r[features] train_uniform:  90%|████████▉ | 10618/11808 [04:19\u003c00:26, 44.48clip/s]\n"}
,{"stream_name":"stderr","time":343.161268777,"data":"\r[features] train_uniform:  90%|████████▉ | 10618/11808 [04:19\u003c00:26, 44.48clip/s]\r[features] train_uniform:  90%|████████▉ | 10623/11808 [04:19\u003c00:26, 44.05clip/s]\n"}
,{"stream_name":"stderr","time":343.263483222,"data":"\r[features] train_uniform:  90%|████████▉ | 10623/11808 [04:19\u003c00:26, 44.05clip/s]\r[features] train_uniform:  90%|█████████ | 10628/11808 [04:19\u003c00:25, 45.39clip/s]\n"}
,{"stream_name":"stderr","time":343.365713044,"data":"\r[features] train_uniform:  90%|█████████ | 10628/11808 [04:19\u003c00:25, 45.39clip/s]\r[features] train_uniform:  90%|█████████ | 10633/11808 [04:19\u003c00:25, 46.39clip/s]\n"}
,{"stream_name":"stderr","time":343.485144163,"data":"\r[features] train_uniform:  90%|█████████ | 10633/11808 [04:19\u003c00:25, 46.39clip/s]\r[features] train_uniform:  90%|█████████ | 10638/11808 [04:20\u003c00:26, 44.89clip/s]\n"}
,{"stream_name":"stderr","time":343.608803459,"data":"\r[features] train_uniform:  90%|█████████ | 10638/11808 [04:20\u003c00:26, 44.89clip/s]\r[features] train_uniform:  90%|█████████ | 10643/11808 [04:20\u003c00:26, 43.49clip/s]\n"}
,{"stream_name":"stderr","time":343.713005099,"data":"\r[features] train_uniform:  90%|█████████ | 10643/11808 [04:20\u003c00:26, 43.49clip/s]\r[features] train_uniform:  90%|█████████ | 10648/11808 [04:20\u003c00:25, 44.70clip/s]\n"}
,{"stream_name":"stderr","time":343.82509556,"data":"\r[features] train_uniform:  90%|█████████ | 10648/11808 [04:20\u003c00:25, 44.70clip/s]\r[features] train_uniform:  90%|█████████ | 10653/11808 [04:20\u003c00:25, 44.73clip/s]\n"}
,{"stream_name":"stderr","time":343.933623355,"data":"\r[features] train_uniform:  90%|█████████ | 10653/11808 [04:20\u003c00:25, 44.73clip/s]\r[features] train_uniform:  90%|█████████ | 10658/11808 [04:20\u003c00:25, 45.05clip/s]\n"}
,{"stream_name":"stderr","time":344.046173175,"data":"\r[features] train_uniform:  90%|█████████ | 10658/11808 [04:20\u003c00:25, 45.05clip/s]\r[features] train_uniform:  90%|█████████ | 10663/11808 [04:20\u003c00:25, 44.85clip/s]\n"}
,{"stream_name":"stderr","time":344.224961548,"data":"\r[features] train_uniform:  90%|█████████ | 10663/11808 [04:20\u003c00:25, 44.85clip/s]\r[features] train_uniform:  90%|█████████ | 10668/11808 [04:20\u003c00:29, 38.05clip/s]\n"}
,{"stream_name":"stderr","time":344.342880293,"data":"\r[features] train_uniform:  90%|█████████ | 10668/11808 [04:20\u003c00:29, 38.05clip/s]\r[features] train_uniform:  90%|█████████ | 10673/11808 [04:20\u003c00:28, 39.20clip/s]\n"}
,{"stream_name":"stderr","time":344.629645014,"data":"\r[features] train_uniform:  90%|█████████ | 10673/11808 [04:20\u003c00:28, 39.20clip/s]\r[features] train_uniform:  90%|█████████ | 10678/11808 [04:21\u003c00:39, 28.54clip/s]\n"}
,{"stream_name":"stderr","time":344.736482727,"data":"\r[features] train_uniform:  90%|█████████ | 10678/11808 [04:21\u003c00:39, 28.54clip/s]\r[features] train_uniform:  90%|█████████ | 10683/11808 [04:21\u003c00:34, 32.30clip/s]\n"}
,{"stream_name":"stderr","time":344.879534656,"data":"\r[features] train_uniform:  90%|█████████ | 10683/11808 [04:21\u003c00:34, 32.30clip/s]\r[features] train_uniform:  91%|█████████ | 10689/11808 [04:21\u003c00:31, 35.00clip/s]\n"}
,{"stream_name":"stderr","time":344.99431524,"data":"\r[features] train_uniform:  91%|█████████ | 10689/11808 [04:21\u003c00:31, 35.00clip/s]\r[features] train_uniform:  91%|█████████ | 10694/11808 [04:21\u003c00:30, 37.11clip/s]\n"}
,{"stream_name":"stderr","time":345.159256456,"data":"\r[features] train_uniform:  91%|█████████ | 10694/11808 [04:21\u003c00:30, 37.11clip/s]\r[features] train_uniform:  91%|█████████ | 10699/11808 [04:21\u003c00:31, 34.84clip/s]\n"}
,{"stream_name":"stderr","time":345.289744123,"data":"\r[features] train_uniform:  91%|█████████ | 10699/11808 [04:21\u003c00:31, 34.84clip/s]\r[features] train_uniform:  91%|█████████ | 10703/11808 [04:21\u003c00:32, 33.71clip/s]\n"}
,{"stream_name":"stderr","time":345.393171749,"data":"\r[features] train_uniform:  91%|█████████ | 10703/11808 [04:21\u003c00:32, 33.71clip/s]\r[features] train_uniform:  91%|█████████ | 10708/11808 [04:21\u003c00:29, 37.16clip/s]\n"}
,{"stream_name":"stderr","time":345.497599459,"data":"\r[features] train_uniform:  91%|█████████ | 10708/11808 [04:21\u003c00:29, 37.16clip/s]\r[features] train_uniform:  91%|█████████ | 10713/11808 [04:22\u003c00:27, 39.87clip/s]\n"}
,{"stream_name":"stderr","time":345.610972363,"data":"\r[features] train_uniform:  91%|█████████ | 10713/11808 [04:22\u003c00:27, 39.87clip/s]\r[features] train_uniform:  91%|█████████ | 10718/11808 [04:22\u003c00:26, 41.14clip/s]\n"}
,{"stream_name":"stderr","time":345.725260186,"data":"\r[features] train_uniform:  91%|█████████ | 10718/11808 [04:22\u003c00:26, 41.14clip/s]\r[features] train_uniform:  91%|█████████ | 10723/11808 [04:22\u003c00:25, 41.87clip/s]\n"}
,{"stream_name":"stderr","time":345.844042056,"data":"\r[features] train_uniform:  91%|█████████ | 10723/11808 [04:22\u003c00:25, 41.87clip/s]\r[features] train_uniform:  91%|█████████ | 10728/11808 [04:22\u003c00:25, 41.91clip/s]\n"}
,{"stream_name":"stderr","time":345.965911823,"data":"\r[features] train_uniform:  91%|█████████ | 10728/11808 [04:22\u003c00:25, 41.91clip/s]\r[features] train_uniform:  91%|█████████ | 10733/11808 [04:22\u003c00:25, 41.72clip/s]\n"}
,{"stream_name":"stderr","time":346.079700903,"data":"\r[features] train_uniform:  91%|█████████ | 10733/11808 [04:22\u003c00:25, 41.72clip/s]\r[features] train_uniform:  91%|█████████ | 10738/11808 [04:22\u003c00:25, 42.33clip/s]\n"}
,{"stream_name":"stderr","time":346.184490713,"data":"\r[features] train_uniform:  91%|█████████ | 10738/11808 [04:22\u003c00:25, 42.33clip/s]\r[features] train_uniform:  91%|█████████ | 10743/11808 [04:22\u003c00:24, 43.75clip/s]\n"}
,{"stream_name":"stderr","time":346.296750014,"data":"\r[features] train_uniform:  91%|█████████ | 10743/11808 [04:22\u003c00:24, 43.75clip/s]\r[features] train_uniform:  91%|█████████ | 10748/11808 [04:22\u003c00:24, 44.06clip/s]\n"}
,{"stream_name":"stderr","time":346.406608904,"data":"\r[features] train_uniform:  91%|█████████ | 10748/11808 [04:22\u003c00:24, 44.06clip/s]\r[features] train_uniform:  91%|█████████ | 10753/11808 [04:22\u003c00:23, 44.50clip/s]\n"}
,{"stream_name":"stderr","time":346.557789014,"data":"\r[features] train_uniform:  91%|█████████ | 10753/11808 [04:22\u003c00:23, 44.50clip/s]\r[features] train_uniform:  91%|█████████ | 10758/11808 [04:23\u003c00:26, 40.34clip/s]\n"}
,{"stream_name":"stderr","time":346.665299973,"data":"\r[features] train_uniform:  91%|█████████ | 10758/11808 [04:23\u003c00:26, 40.34clip/s]\r[features] train_uniform:  91%|█████████ | 10763/11808 [04:23\u003c00:24, 41.97clip/s]\n"}
,{"stream_name":"stderr","time":346.772389405,"data":"\r[features] train_uniform:  91%|█████████ | 10763/11808 [04:23\u003c00:24, 41.97clip/s]\r[features] train_uniform:  91%|█████████ | 10768/11808 [04:23\u003c00:24, 43.32clip/s]\n"}
,{"stream_name":"stderr","time":346.889441196,"data":"\r[features] train_uniform:  91%|█████████ | 10768/11808 [04:23\u003c00:24, 43.32clip/s]\r[features] train_uniform:  91%|█████████ | 10773/11808 [04:23\u003c00:24, 43.11clip/s]\n"}
,{"stream_name":"stderr","time":346.991708408,"data":"\r[features] train_uniform:  91%|█████████ | 10773/11808 [04:23\u003c00:24, 43.11clip/s]\r[features] train_uniform:  91%|█████████▏| 10778/11808 [04:23\u003c00:23, 44.70clip/s]\n"}
,{"stream_name":"stderr","time":347.108822522,"data":"\r[features] train_uniform:  91%|█████████▏| 10778/11808 [04:23\u003c00:23, 44.70clip/s]\r[features] train_uniform:  91%|█████████▏| 10783/11808 [04:23\u003c00:23, 44.09clip/s]\n"}
,{"stream_name":"stderr","time":347.221584449,"data":"\r[features] train_uniform:  91%|█████████▏| 10783/11808 [04:23\u003c00:23, 44.09clip/s]\r[features] train_uniform:  91%|█████████▏| 10788/11808 [04:23\u003c00:23, 44.13clip/s]\n"}
,{"stream_name":"stderr","time":347.342493681,"data":"\r[features] train_uniform:  91%|█████████▏| 10788/11808 [04:23\u003c00:23, 44.13clip/s]\r[features] train_uniform:  91%|█████████▏| 10794/11808 [04:23\u003c00:22, 45.79clip/s]\n"}
,{"stream_name":"stderr","time":347.463171212,"data":"\r[features] train_uniform:  91%|█████████▏| 10794/11808 [04:23\u003c00:22, 45.79clip/s]\r[features] train_uniform:  91%|█████████▏| 10799/11808 [04:24\u003c00:22, 44.56clip/s]\n"}
,{"stream_name":"stderr","time":347.59668811,"data":"\r[features] train_uniform:  91%|█████████▏| 10799/11808 [04:24\u003c00:22, 44.56clip/s]\r[features] train_uniform:  91%|█████████▏| 10804/11808 [04:24\u003c00:23, 42.30clip/s]\n"}
,{"stream_name":"stderr","time":347.702219895,"data":"\r[features] train_uniform:  91%|█████████▏| 10804/11808 [04:24\u003c00:23, 42.30clip/s]\r[features] train_uniform:  92%|█████████▏| 10809/11808 [04:24\u003c00:22, 43.66clip/s]\n"}
,{"stream_name":"stderr","time":347.817884743,"data":"\r[features] train_uniform:  92%|█████████▏| 10809/11808 [04:24\u003c00:22, 43.66clip/s]\r[features] train_uniform:  92%|█████████▏| 10814/11808 [04:24\u003c00:22, 43.45clip/s]\n"}
,{"stream_name":"stderr","time":347.929399132,"data":"\r[features] train_uniform:  92%|█████████▏| 10814/11808 [04:24\u003c00:22, 43.45clip/s]\r[features] train_uniform:  92%|█████████▏| 10819/11808 [04:24\u003c00:22, 43.83clip/s]\n"}
,{"stream_name":"stderr","time":348.046712002,"data":"\r[features] train_uniform:  92%|█████████▏| 10819/11808 [04:24\u003c00:22, 43.83clip/s]\r[features] train_uniform:  92%|█████████▏| 10824/11808 [04:24\u003c00:22, 43.43clip/s]\n"}
,{"stream_name":"stderr","time":348.153184102,"data":"\r[features] train_uniform:  92%|█████████▏| 10824/11808 [04:24\u003c00:22, 43.43clip/s]\r[features] train_uniform:  92%|█████████▏| 10829/11808 [04:24\u003c00:22, 44.45clip/s]\n"}
,{"stream_name":"stderr","time":348.256429239,"data":"\r[features] train_uniform:  92%|█████████▏| 10829/11808 [04:24\u003c00:22, 44.45clip/s]\r[features] train_uniform:  92%|█████████▏| 10834/11808 [04:24\u003c00:21, 45.77clip/s]\n"}
,{"stream_name":"stderr","time":348.373532138,"data":"\r[features] train_uniform:  92%|█████████▏| 10834/11808 [04:24\u003c00:21, 45.77clip/s]\r[features] train_uniform:  92%|█████████▏| 10840/11808 [04:24\u003c00:20, 47.28clip/s]\n"}
,{"stream_name":"stderr","time":348.487159815,"data":"\r[features] train_uniform:  92%|█████████▏| 10840/11808 [04:24\u003c00:20, 47.28clip/s]\r[features] train_uniform:  92%|█████████▏| 10846/11808 [04:25\u003c00:19, 49.03clip/s]\n"}
,{"stream_name":"stderr","time":348.596707348,"data":"\r[features] train_uniform:  92%|█████████▏| 10846/11808 [04:25\u003c00:19, 49.03clip/s]\r[features] train_uniform:  92%|█████████▏| 10851/11808 [04:25\u003c00:19, 47.94clip/s]\n"}
,{"stream_name":"stderr","time":348.699774227,"data":"\r[features] train_uniform:  92%|█████████▏| 10851/11808 [04:25\u003c00:19, 47.94clip/s]\r[features] train_uniform:  92%|█████████▏| 10856/11808 [04:25\u003c00:19, 48.07clip/s]\n"}
,{"stream_name":"stderr","time":348.807225685,"data":"\r[features] train_uniform:  92%|█████████▏| 10856/11808 [04:25\u003c00:19, 48.07clip/s]\r[features] train_uniform:  92%|█████████▏| 10861/11808 [04:25\u003c00:19, 47.67clip/s]\n"}
,{"stream_name":"stderr","time":348.917183005,"data":"\r[features] train_uniform:  92%|█████████▏| 10861/11808 [04:25\u003c00:19, 47.67clip/s]\r[features] train_uniform:  92%|█████████▏| 10866/11808 [04:25\u003c00:20, 46.97clip/s]\n"}
,{"stream_name":"stderr","time":349.03843968,"data":"\r[features] train_uniform:  92%|█████████▏| 10866/11808 [04:25\u003c00:20, 46.97clip/s]\r[features] train_uniform:  92%|█████████▏| 10872/11808 [04:25\u003c00:19, 47.76clip/s]\n"}
,{"stream_name":"stderr","time":349.165173724,"data":"\r[features] train_uniform:  92%|█████████▏| 10872/11808 [04:25\u003c00:19, 47.76clip/s]\r[features] train_uniform:  92%|█████████▏| 10877/11808 [04:25\u003c00:20, 45.10clip/s]\n"}
,{"stream_name":"stderr","time":349.26730468,"data":"\r[features] train_uniform:  92%|█████████▏| 10877/11808 [04:25\u003c00:20, 45.10clip/s]\r[features] train_uniform:  92%|█████████▏| 10882/11808 [04:25\u003c00:20, 46.13clip/s]\n"}
,{"stream_name":"stderr","time":349.376418211,"data":"\r[features] train_uniform:  92%|█████████▏| 10882/11808 [04:25\u003c00:20, 46.13clip/s]\r[features] train_uniform:  92%|█████████▏| 10887/11808 [04:25\u003c00:19, 46.07clip/s]\n"}
,{"stream_name":"stderr","time":349.482886897,"data":"\r[features] train_uniform:  92%|█████████▏| 10887/11808 [04:25\u003c00:19, 46.07clip/s]\r[features] train_uniform:  92%|█████████▏| 10892/11808 [04:26\u003c00:19, 46.34clip/s]\n"}
,{"stream_name":"stderr","time":349.604602937,"data":"\r[features] train_uniform:  92%|█████████▏| 10892/11808 [04:26\u003c00:19, 46.34clip/s]\r[features] train_uniform:  92%|█████████▏| 10898/11808 [04:26\u003c00:19, 47.23clip/s]\n"}
,{"stream_name":"stderr","time":349.721177771,"data":"\r[features] train_uniform:  92%|█████████▏| 10898/11808 [04:26\u003c00:19, 47.23clip/s]\r[features] train_uniform:  92%|█████████▏| 10903/11808 [04:26\u003c00:19, 45.94clip/s]\n"}
,{"stream_name":"stderr","time":349.847541725,"data":"\r[features] train_uniform:  92%|█████████▏| 10903/11808 [04:26\u003c00:19, 45.94clip/s]\r[features] train_uniform:  92%|█████████▏| 10908/11808 [04:26\u003c00:20, 43.87clip/s]\n"}
,{"stream_name":"stderr","time":349.965493556,"data":"\r[features] train_uniform:  92%|█████████▏| 10908/11808 [04:26\u003c00:20, 43.87clip/s]\r[features] train_uniform:  92%|█████████▏| 10913/11808 [04:26\u003c00:20, 43.41clip/s]\n"}
,{"stream_name":"stderr","time":350.073374032,"data":"\r[features] train_uniform:  92%|█████████▏| 10913/11808 [04:26\u003c00:20, 43.41clip/s]\r[features] train_uniform:  92%|█████████▏| 10918/11808 [04:26\u003c00:20, 44.26clip/s]\n"}
,{"stream_name":"stderr","time":350.195787824,"data":"\r[features] train_uniform:  92%|█████████▏| 10918/11808 [04:26\u003c00:20, 44.26clip/s]\r[features] train_uniform:  93%|█████████▎| 10923/11808 [04:26\u003c00:20, 43.19clip/s]\n"}
,{"stream_name":"stderr","time":350.309561241,"data":"\r[features] train_uniform:  93%|█████████▎| 10923/11808 [04:26\u003c00:20, 43.19clip/s]\r[features] train_uniform:  93%|█████████▎| 10929/11808 [04:26\u003c00:19, 45.99clip/s]\n"}
,{"stream_name":"stderr","time":350.437843342,"data":"\r[features] train_uniform:  93%|█████████▎| 10929/11808 [04:26\u003c00:19, 45.99clip/s]\r[features] train_uniform:  93%|█████████▎| 10934/11808 [04:26\u003c00:19, 43.75clip/s]\n"}
,{"stream_name":"stderr","time":350.542311702,"data":"\r[features] train_uniform:  93%|█████████▎| 10934/11808 [04:26\u003c00:19, 43.75clip/s]\r[features] train_uniform:  93%|█████████▎| 10939/11808 [04:27\u003c00:19, 44.85clip/s]\n"}
,{"stream_name":"stderr","time":350.668177725,"data":"\r[features] train_uniform:  93%|█████████▎| 10939/11808 [04:27\u003c00:19, 44.85clip/s]\r[features] train_uniform:  93%|█████████▎| 10944/11808 [04:27\u003c00:19, 43.20clip/s]\n"}
,{"stream_name":"stderr","time":350.772982379,"data":"\r[features] train_uniform:  93%|█████████▎| 10944/11808 [04:27\u003c00:19, 43.20clip/s]\r[features] train_uniform:  93%|█████████▎| 10949/11808 [04:27\u003c00:19, 44.44clip/s]\n"}
,{"stream_name":"stderr","time":350.890219536,"data":"\r[features] train_uniform:  93%|█████████▎| 10949/11808 [04:27\u003c00:19, 44.44clip/s]\r[features] train_uniform:  93%|█████████▎| 10954/11808 [04:27\u003c00:19, 44.39clip/s]\n"}
,{"stream_name":"stderr","time":351.063347966,"data":"\r[features] train_uniform:  93%|█████████▎| 10954/11808 [04:27\u003c00:19, 44.39clip/s]\r[features] train_uniform:  93%|█████████▎| 10959/11808 [04:27\u003c00:22, 37.95clip/s]\n"}
,{"stream_name":"stderr","time":351.167224967,"data":"\r[features] train_uniform:  93%|█████████▎| 10959/11808 [04:27\u003c00:22, 37.95clip/s]\r[features] train_uniform:  93%|█████████▎| 10964/11808 [04:27\u003c00:20, 40.51clip/s]\n"}
,{"stream_name":"stderr","time":351.336746391,"data":"\r[features] train_uniform:  93%|█████████▎| 10964/11808 [04:27\u003c00:20, 40.51clip/s]\r[features] train_uniform:  93%|█████████▎| 10969/11808 [04:27\u003c00:23, 36.44clip/s]\n"}
,{"stream_name":"stderr","time":351.448866032,"data":"\r[features] train_uniform:  93%|█████████▎| 10969/11808 [04:27\u003c00:23, 36.44clip/s]\r[features] train_uniform:  93%|█████████▎| 10974/11808 [04:27\u003c00:21, 38.55clip/s]\n"}
,{"stream_name":"stderr","time":351.561910017,"data":"\r[features] train_uniform:  93%|█████████▎| 10974/11808 [04:27\u003c00:21, 38.55clip/s]\r[features] train_uniform:  93%|█████████▎| 10979/11808 [04:28\u003c00:20, 40.10clip/s]\n"}
,{"stream_name":"stderr","time":351.689419671,"data":"\r[features] train_uniform:  93%|█████████▎| 10979/11808 [04:28\u003c00:20, 40.10clip/s]\r[features] train_uniform:  93%|█████████▎| 10984/11808 [04:28\u003c00:20, 39.84clip/s]\n"}
,{"stream_name":"stderr","time":351.799423267,"data":"\r[features] train_uniform:  93%|█████████▎| 10984/11808 [04:28\u003c00:20, 39.84clip/s]\r[features] train_uniform:  93%|█████████▎| 10989/11808 [04:28\u003c00:19, 41.35clip/s]\n"}
,{"stream_name":"stderr","time":351.921380785,"data":"\r[features] train_uniform:  93%|█████████▎| 10989/11808 [04:28\u003c00:19, 41.35clip/s]\r[features] train_uniform:  93%|█████████▎| 10994/11808 [04:28\u003c00:19, 41.27clip/s]\n"}
,{"stream_name":"stderr","time":352.073542244,"data":"\r[features] train_uniform:  93%|█████████▎| 10994/11808 [04:28\u003c00:19, 41.27clip/s]\r[features] train_uniform:  93%|█████████▎| 10999/11808 [04:28\u003c00:21, 38.33clip/s]\n"}
,{"stream_name":"stderr","time":352.187630046,"data":"\r[features] train_uniform:  93%|█████████▎| 10999/11808 [04:28\u003c00:21, 38.33clip/s]\r[features] train_uniform:  93%|█████████▎| 11004/11808 [04:28\u003c00:20, 39.79clip/s]\n"}
,{"stream_name":"stderr","time":352.308883734,"data":"\r[features] train_uniform:  93%|█████████▎| 11004/11808 [04:28\u003c00:20, 39.79clip/s]\r[features] train_uniform:  93%|█████████▎| 11010/11808 [04:28\u003c00:18, 42.65clip/s]\n"}
,{"stream_name":"stderr","time":352.437485263,"data":"\r[features] train_uniform:  93%|█████████▎| 11010/11808 [04:28\u003c00:18, 42.65clip/s]\r[features] train_uniform:  93%|█████████▎| 11015/11808 [04:28\u003c00:19, 41.46clip/s]\n"}
,{"stream_name":"stderr","time":352.566883575,"data":"\r[features] train_uniform:  93%|█████████▎| 11015/11808 [04:28\u003c00:19, 41.46clip/s]\r[features] train_uniform:  93%|█████████▎| 11021/11808 [04:29\u003c00:18, 42.92clip/s]\n"}
,{"stream_name":"stderr","time":352.678713629,"data":"\r[features] train_uniform:  93%|█████████▎| 11021/11808 [04:29\u003c00:18, 42.92clip/s]\r[features] train_uniform:  93%|█████████▎| 11026/11808 [04:29\u003c00:18, 43.43clip/s]\n"}
,{"stream_name":"stderr","time":352.791089144,"data":"\r[features] train_uniform:  93%|█████████▎| 11026/11808 [04:29\u003c00:18, 43.43clip/s]\r[features] train_uniform:  93%|█████████▎| 11031/11808 [04:29\u003c00:17, 43.72clip/s]\n"}
,{"stream_name":"stderr","time":352.983585759,"data":"\r[features] train_uniform:  93%|█████████▎| 11031/11808 [04:29\u003c00:17, 43.72clip/s]\r[features] train_uniform:  93%|█████████▎| 11036/11808 [04:29\u003c00:21, 36.47clip/s]\n"}
,{"stream_name":"stderr","time":353.095446528,"data":"\r[features] train_uniform:  93%|█████████▎| 11036/11808 [04:29\u003c00:21, 36.47clip/s]\r[features] train_uniform:  94%|█████████▎| 11041/11808 [04:29\u003c00:19, 38.60clip/s]\n"}
,{"stream_name":"stderr","time":353.197107499,"data":"\r[features] train_uniform:  94%|█████████▎| 11041/11808 [04:29\u003c00:19, 38.60clip/s]\r[features] train_uniform:  94%|█████████▎| 11046/11808 [04:29\u003c00:18, 41.18clip/s]\n"}
,{"stream_name":"stderr","time":353.312182176,"data":"\r[features] train_uniform:  94%|█████████▎| 11046/11808 [04:29\u003c00:18, 41.18clip/s]\r[features] train_uniform:  94%|█████████▎| 11051/11808 [04:29\u003c00:18, 41.89clip/s]\n"}
,{"stream_name":"stderr","time":353.413279507,"data":"\r[features] train_uniform:  94%|█████████▎| 11051/11808 [04:29\u003c00:18, 41.89clip/s]\r[features] train_uniform:  94%|█████████▎| 11056/11808 [04:29\u003c00:17, 43.91clip/s]\n"}
,{"stream_name":"stderr","time":353.604780585,"data":"\r[features] train_uniform:  94%|█████████▎| 11056/11808 [04:29\u003c00:17, 43.91clip/s]\r[features] train_uniform:  94%|█████████▎| 11061/11808 [04:30\u003c00:20, 36.46clip/s]\n"}
,{"stream_name":"stderr","time":353.729510938,"data":"\r[features] train_uniform:  94%|█████████▎| 11061/11808 [04:30\u003c00:20, 36.46clip/s]\r[features] train_uniform:  94%|█████████▎| 11066/11808 [04:30\u003c00:19, 37.49clip/s]\n"}
,{"stream_name":"stderr","time":353.875762169,"data":"\r[features] train_uniform:  94%|█████████▎| 11066/11808 [04:30\u003c00:19, 37.49clip/s]\r[features] train_uniform:  94%|█████████▍| 11070/11808 [04:30\u003c00:21, 34.28clip/s]\n"}
,{"stream_name":"stderr","time":353.982381328,"data":"\r[features] train_uniform:  94%|█████████▍| 11070/11808 [04:30\u003c00:21, 34.28clip/s]\r[features] train_uniform:  94%|█████████▍| 11075/11808 [04:30\u003c00:19, 37.38clip/s]\n"}
,{"stream_name":"stderr","time":354.098970414,"data":"\r[features] train_uniform:  94%|█████████▍| 11075/11808 [04:30\u003c00:19, 37.38clip/s]\r[features] train_uniform:  94%|█████████▍| 11080/11808 [04:30\u003c00:18, 38.89clip/s]\n"}
,{"stream_name":"stderr","time":354.216721889,"data":"\r[features] train_uniform:  94%|█████████▍| 11080/11808 [04:30\u003c00:18, 38.89clip/s]\r[features] train_uniform:  94%|█████████▍| 11085/11808 [04:30\u003c00:18, 39.91clip/s]\n"}
,{"stream_name":"stderr","time":354.325260421,"data":"\r[features] train_uniform:  94%|█████████▍| 11085/11808 [04:30\u003c00:18, 39.91clip/s]\r[features] train_uniform:  94%|█████████▍| 11090/11808 [04:30\u003c00:17, 41.62clip/s]\n"}
,{"stream_name":"stderr","time":354.439183863,"data":"\r[features] train_uniform:  94%|█████████▍| 11090/11808 [04:30\u003c00:17, 41.62clip/s]\r[features] train_uniform:  94%|█████████▍| 11095/11808 [04:30\u003c00:16, 42.27clip/s]\n"}
,{"stream_name":"stderr","time":354.540644518,"data":"\r[features] train_uniform:  94%|█████████▍| 11095/11808 [04:30\u003c00:16, 42.27clip/s]\r[features] train_uniform:  94%|█████████▍| 11100/11808 [04:31\u003c00:16, 44.17clip/s]\n"}
,{"stream_name":"stderr","time":354.846989815,"data":"\r[features] train_uniform:  94%|█████████▍| 11100/11808 [04:31\u003c00:16, 44.17clip/s]\r[features] train_uniform:  94%|█████████▍| 11105/11808 [04:31\u003c00:15, 45.04clip/s]\n"}
,{"stream_name":"stderr","time":354.850959086,"data":"\r[features] train_uniform:  94%|█████████▍| 11105/11808 [04:31\u003c00:15, 45.04clip/s]\r[features] train_uniform:  94%|█████████▍| 11110/11808 [04:31\u003c00:19, 35.92clip/s]\n"}
,{"stream_name":"stderr","time":354.963305282,"data":"\r[features] train_uniform:  94%|█████████▍| 11110/11808 [04:31\u003c00:19, 35.92clip/s]\r[features] train_uniform:  94%|█████████▍| 11114/11808 [04:31\u003c00:19, 35.84clip/s]\n"}
,{"stream_name":"stderr","time":355.063774412,"data":"\r[features] train_uniform:  94%|█████████▍| 11114/11808 [04:31\u003c00:19, 35.84clip/s]\r[features] train_uniform:  94%|█████████▍| 11118/11808 [04:31\u003c00:18, 36.85clip/s]\n"}
,{"stream_name":"stderr","time":355.174524171,"data":"\r[features] train_uniform:  94%|█████████▍| 11118/11808 [04:31\u003c00:18, 36.85clip/s]\r[features] train_uniform:  94%|█████████▍| 11122/11808 [04:31\u003c00:18, 36.66clip/s]\n"}
,{"stream_name":"stderr","time":355.298112702,"data":"\r[features] train_uniform:  94%|█████████▍| 11122/11808 [04:31\u003c00:18, 36.66clip/s]\r[features] train_uniform:  94%|█████████▍| 11127/11808 [04:31\u003c00:18, 37.81clip/s]\n"}
,{"stream_name":"stderr","time":355.476244277,"data":"\r[features] train_uniform:  94%|█████████▍| 11127/11808 [04:31\u003c00:18, 37.81clip/s]\r[features] train_uniform:  94%|█████████▍| 11131/11808 [04:32\u003c00:21, 31.85clip/s]\n"}
,{"stream_name":"stderr","time":355.584195186,"data":"\r[features] train_uniform:  94%|█████████▍| 11131/11808 [04:32\u003c00:21, 31.85clip/s]\r[features] train_uniform:  94%|█████████▍| 11136/11808 [04:32\u003c00:18, 35.50clip/s]\n"}
,{"stream_name":"stderr","time":355.696769911,"data":"\r[features] train_uniform:  94%|█████████▍| 11136/11808 [04:32\u003c00:18, 35.50clip/s]\r[features] train_uniform:  94%|█████████▍| 11141/11808 [04:32\u003c00:17, 37.93clip/s]\n"}
,{"stream_name":"stderr","time":355.811004776,"data":"\r[features] train_uniform:  94%|█████████▍| 11141/11808 [04:32\u003c00:17, 37.93clip/s]\r[features] train_uniform:  94%|█████████▍| 11146/11808 [04:32\u003c00:16, 39.55clip/s]\n"}
,{"stream_name":"stderr","time":355.924953133,"data":"\r[features] train_uniform:  94%|█████████▍| 11146/11808 [04:32\u003c00:16, 39.55clip/s]\r[features] train_uniform:  94%|█████████▍| 11152/11808 [04:32\u003c00:15, 43.35clip/s]\n"}
,{"stream_name":"stderr","time":356.03810797,"data":"\r[features] train_uniform:  94%|█████████▍| 11152/11808 [04:32\u003c00:15, 43.35clip/s]\r[features] train_uniform:  94%|█████████▍| 11157/11808 [04:32\u003c00:14, 43.94clip/s]\n"}
,{"stream_name":"stderr","time":356.142249589,"data":"\r[features] train_uniform:  94%|█████████▍| 11157/11808 [04:32\u003c00:14, 43.94clip/s]\r[features] train_uniform:  95%|█████████▍| 11162/11808 [04:32\u003c00:14, 44.68clip/s]\n"}
,{"stream_name":"stderr","time":356.248565777,"data":"\r[features] train_uniform:  95%|█████████▍| 11162/11808 [04:32\u003c00:14, 44.68clip/s]\r[features] train_uniform:  95%|█████████▍| 11167/11808 [04:32\u003c00:14, 45.42clip/s]\n"}
,{"stream_name":"stderr","time":356.358427137,"data":"\r[features] train_uniform:  95%|█████████▍| 11167/11808 [04:32\u003c00:14, 45.42clip/s]\r[features] train_uniform:  95%|█████████▍| 11172/11808 [04:32\u003c00:13, 45.48clip/s]\n"}
,{"stream_name":"stderr","time":356.466759859,"data":"\r[features] train_uniform:  95%|█████████▍| 11172/11808 [04:32\u003c00:13, 45.48clip/s]\r[features] train_uniform:  95%|█████████▍| 11177/11808 [04:33\u003c00:13, 45.68clip/s]\n"}
,{"stream_name":"stderr","time":356.575181117,"data":"\r[features] train_uniform:  95%|█████████▍| 11177/11808 [04:33\u003c00:13, 45.68clip/s]\r[features] train_uniform:  95%|█████████▍| 11182/11808 [04:33\u003c00:13, 45.75clip/s]\n"}
,{"stream_name":"stderr","time":356.687012538,"data":"\r[features] train_uniform:  95%|█████████▍| 11182/11808 [04:33\u003c00:13, 45.75clip/s]\r[features] train_uniform:  95%|█████████▍| 11187/11808 [04:33\u003c00:13, 45.47clip/s]\n"}
,{"stream_name":"stderr","time":356.908023645,"data":"\r[features] train_uniform:  95%|█████████▍| 11187/11808 [04:33\u003c00:13, 45.47clip/s]\r[features] train_uniform:  95%|█████████▍| 11192/11808 [04:33\u003c00:17, 34.91clip/s]\n"}
,{"stream_name":"stderr","time":357.031815321,"data":"\r[features] train_uniform:  95%|█████████▍| 11192/11808 [04:33\u003c00:17, 34.91clip/s]\r[features] train_uniform:  95%|█████████▍| 11197/11808 [04:33\u003c00:16, 36.36clip/s]\n"}
,{"stream_name":"stderr","time":357.134543075,"data":"\r[features] train_uniform:  95%|█████████▍| 11197/11808 [04:33\u003c00:16, 36.36clip/s]\r[features] train_uniform:  95%|█████████▍| 11201/11808 [04:33\u003c00:16, 37.05clip/s]\n"}
,{"stream_name":"stderr","time":357.256027095,"data":"\r[features] train_uniform:  95%|█████████▍| 11201/11808 [04:33\u003c00:16, 37.05clip/s]\r[features] train_uniform:  95%|█████████▍| 11207/11808 [04:33\u003c00:14, 40.61clip/s]\n"}
,{"stream_name":"stderr","time":357.379770699,"data":"\r[features] train_uniform:  95%|█████████▍| 11207/11808 [04:33\u003c00:14, 40.61clip/s]\r[features] train_uniform:  95%|█████████▍| 11212/11808 [04:33\u003c00:14, 40.53clip/s]\n"}
,{"stream_name":"stderr","time":357.510771943,"data":"\r[features] train_uniform:  95%|█████████▍| 11212/11808 [04:33\u003c00:14, 40.53clip/s]\r[features] train_uniform:  95%|█████████▍| 11217/11808 [04:34\u003c00:14, 39.78clip/s]\n"}
,{"stream_name":"stderr","time":357.621193684,"data":"\r[features] train_uniform:  95%|█████████▍| 11217/11808 [04:34\u003c00:14, 39.78clip/s]\r[features] train_uniform:  95%|█████████▌| 11222/11808 [04:34\u003c00:14, 41.28clip/s]\n"}
,{"stream_name":"stderr","time":357.732468657,"data":"\r[features] train_uniform:  95%|█████████▌| 11222/11808 [04:34\u003c00:14, 41.28clip/s]\r[features] train_uniform:  95%|█████████▌| 11228/11808 [04:34\u003c00:12, 44.82clip/s]\n"}
,{"stream_name":"stderr","time":357.839633989,"data":"\r[features] train_uniform:  95%|█████████▌| 11228/11808 [04:34\u003c00:12, 44.82clip/s]\r[features] train_uniform:  95%|█████████▌| 11233/11808 [04:34\u003c00:12, 45.31clip/s]\n"}
,{"stream_name":"stderr","time":357.985626649,"data":"\r[features] train_uniform:  95%|█████████▌| 11233/11808 [04:34\u003c00:12, 45.31clip/s]\r[features] train_uniform:  95%|█████████▌| 11238/11808 [04:34\u003c00:13, 41.42clip/s]\n"}
,{"stream_name":"stderr","time":358.103393883,"data":"\r[features] train_uniform:  95%|█████████▌| 11238/11808 [04:34\u003c00:13, 41.42clip/s]\r[features] train_uniform:  95%|█████████▌| 11243/11808 [04:34\u003c00:13, 41.78clip/s]\n"}
,{"stream_name":"stderr","time":358.216222525,"data":"\r[features] train_uniform:  95%|█████████▌| 11243/11808 [04:34\u003c00:13, 41.78clip/s]\r[features] train_uniform:  95%|█████████▌| 11248/11808 [04:34\u003c00:13, 42.51clip/s]\n"}
,{"stream_name":"stderr","time":358.328479075,"data":"\r[features] train_uniform:  95%|█████████▌| 11248/11808 [04:34\u003c00:13, 42.51clip/s]\r[features] train_uniform:  95%|█████████▌| 11253/11808 [04:34\u003c00:12, 43.04clip/s]\n"}
,{"stream_name":"stderr","time":358.433788762,"data":"\r[features] train_uniform:  95%|█████████▌| 11253/11808 [04:34\u003c00:12, 43.04clip/s]\r[features] train_uniform:  95%|█████████▌| 11258/11808 [04:34\u003c00:12, 44.35clip/s]\n"}
,{"stream_name":"stderr","time":358.719704373,"data":"\r[features] train_uniform:  95%|█████████▌| 11258/11808 [04:34\u003c00:12, 44.35clip/s]\r[features] train_uniform:  95%|█████████▌| 11263/11808 [04:35\u003c00:17, 30.40clip/s]\n"}
,{"stream_name":"stderr","time":358.827840047,"data":"\r[features] train_uniform:  95%|█████████▌| 11263/11808 [04:35\u003c00:17, 30.40clip/s]\r[features] train_uniform:  95%|█████████▌| 11268/11808 [04:35\u003c00:15, 33.85clip/s]\n"}
,{"stream_name":"stderr","time":358.929354483,"data":"\r[features] train_uniform:  95%|█████████▌| 11268/11808 [04:35\u003c00:15, 33.85clip/s]\r[features] train_uniform:  95%|█████████▌| 11272/11808 [04:35\u003c00:15, 35.11clip/s]\n"}
,{"stream_name":"stderr","time":359.05133602,"data":"\r[features] train_uniform:  95%|█████████▌| 11272/11808 [04:35\u003c00:15, 35.11clip/s]\r[features] train_uniform:  96%|█████████▌| 11278/11808 [04:35\u003c00:13, 39.09clip/s]\n"}
,{"stream_name":"stderr","time":359.155627087,"data":"\r[features] train_uniform:  96%|█████████▌| 11278/11808 [04:35\u003c00:13, 39.09clip/s]\r[features] train_uniform:  96%|█████████▌| 11283/11808 [04:35\u003c00:12, 41.27clip/s]\n"}
,{"stream_name":"stderr","time":359.260971483,"data":"\r[features] train_uniform:  96%|█████████▌| 11283/11808 [04:35\u003c00:12, 41.27clip/s]\r[features] train_uniform:  96%|█████████▌| 11288/11808 [04:35\u003c00:12, 42.96clip/s]\n"}
,{"stream_name":"stderr","time":359.375059196,"data":"\r[features] train_uniform:  96%|█████████▌| 11288/11808 [04:35\u003c00:12, 42.96clip/s]\r[features] train_uniform:  96%|█████████▌| 11293/11808 [04:35\u003c00:11, 43.29clip/s]\n"}
,{"stream_name":"stderr","time":359.513530878,"data":"\r[features] train_uniform:  96%|█████████▌| 11293/11808 [04:35\u003c00:11, 43.29clip/s]\r[features] train_uniform:  96%|█████████▌| 11298/11808 [04:36\u003c00:12, 40.86clip/s]\n"}
,{"stream_name":"stderr","time":359.626447891,"data":"\r[features] train_uniform:  96%|█████████▌| 11298/11808 [04:36\u003c00:12, 40.86clip/s]\r[features] train_uniform:  96%|█████████▌| 11303/11808 [04:36\u003c00:12, 41.81clip/s]\n"}
,{"stream_name":"stderr","time":359.73183461,"data":"\r[features] train_uniform:  96%|█████████▌| 11303/11808 [04:36\u003c00:12, 41.81clip/s]\r[features] train_uniform:  96%|█████████▌| 11308/11808 [04:36\u003c00:11, 43.34clip/s]\n"}
,{"stream_name":"stderr","time":359.836490959,"data":"\r[features] train_uniform:  96%|█████████▌| 11308/11808 [04:36\u003c00:11, 43.34clip/s]\r[features] train_uniform:  96%|█████████▌| 11313/11808 [04:36\u003c00:11, 44.49clip/s]\n"}
,{"stream_name":"stderr","time":359.959198791,"data":"\r[features] train_uniform:  96%|█████████▌| 11313/11808 [04:36\u003c00:11, 44.49clip/s]\r[features] train_uniform:  96%|█████████▌| 11318/11808 [04:36\u003c00:11, 43.30clip/s]\n"}
,{"stream_name":"stderr","time":360.079590097,"data":"\r[features] train_uniform:  96%|█████████▌| 11318/11808 [04:36\u003c00:11, 43.30clip/s]\r[features] train_uniform:  96%|█████████▌| 11323/11808 [04:36\u003c00:11, 42.76clip/s]\n"}
,{"stream_name":"stderr","time":360.187058788,"data":"\r[features] train_uniform:  96%|█████████▌| 11323/11808 [04:36\u003c00:11, 42.76clip/s]\r[features] train_uniform:  96%|█████████▌| 11328/11808 [04:36\u003c00:10, 43.92clip/s]\n"}
,{"stream_name":"stderr","time":360.293992428,"data":"\r[features] train_uniform:  96%|█████████▌| 11328/11808 [04:36\u003c00:10, 43.92clip/s]\r[features] train_uniform:  96%|█████████▌| 11333/11808 [04:36\u003c00:10, 44.74clip/s]\n"}
,{"stream_name":"stderr","time":360.413893202,"data":"\r[features] train_uniform:  96%|█████████▌| 11333/11808 [04:36\u003c00:10, 44.74clip/s]\r[features] train_uniform:  96%|█████████▌| 11338/11808 [04:36\u003c00:10, 43.70clip/s]\n"}
,{"stream_name":"stderr","time":360.521839395,"data":"\r[features] train_uniform:  96%|█████████▌| 11338/11808 [04:36\u003c00:10, 43.70clip/s]\r[features] train_uniform:  96%|█████████▌| 11343/11808 [04:37\u003c00:10, 44.47clip/s]\n"}
,{"stream_name":"stderr","time":360.639380292,"data":"\r[features] train_uniform:  96%|█████████▌| 11343/11808 [04:37\u003c00:10, 44.47clip/s]\r[features] train_uniform:  96%|█████████▌| 11348/11808 [04:37\u003c00:10, 43.84clip/s]\n"}
,{"stream_name":"stderr","time":360.762875828,"data":"\r[features] train_uniform:  96%|█████████▌| 11348/11808 [04:37\u003c00:10, 43.84clip/s]\r[features] train_uniform:  96%|█████████▌| 11353/11808 [04:37\u003c00:10, 42.89clip/s]\n"}
,{"stream_name":"stderr","time":360.905080516,"data":"\r[features] train_uniform:  96%|█████████▌| 11353/11808 [04:37\u003c00:10, 42.89clip/s]\r[features] train_uniform:  96%|█████████▌| 11358/11808 [04:37\u003c00:11, 40.42clip/s]\n"}
,{"stream_name":"stderr","time":361.011167204,"data":"\r[features] train_uniform:  96%|█████████▌| 11358/11808 [04:37\u003c00:11, 40.42clip/s]\r[features] train_uniform:  96%|█████████▌| 11363/11808 [04:37\u003c00:10, 41.98clip/s]\n"}
,{"stream_name":"stderr","time":361.1329298,"data":"\r[features] train_uniform:  96%|█████████▌| 11363/11808 [04:37\u003c00:10, 41.98clip/s]\r[features] train_uniform:  96%|█████████▋| 11368/11808 [04:37\u003c00:10, 41.65clip/s]\n"}
,{"stream_name":"stderr","time":361.290729771,"data":"\r[features] train_uniform:  96%|█████████▋| 11368/11808 [04:37\u003c00:10, 41.65clip/s]\r[features] train_uniform:  96%|█████████▋| 11373/11808 [04:37\u003c00:11, 38.06clip/s]\n"}
,{"stream_name":"stderr","time":361.390911917,"data":"\r[features] train_uniform:  96%|█████████▋| 11373/11808 [04:37\u003c00:11, 38.06clip/s]\r[features] train_uniform:  96%|█████████▋| 11378/11808 [04:37\u003c00:10, 40.98clip/s]\n"}
,{"stream_name":"stderr","time":361.494234333,"data":"\r[features] train_uniform:  96%|█████████▋| 11378/11808 [04:37\u003c00:10, 40.98clip/s]\r[features] train_uniform:  96%|█████████▋| 11383/11808 [04:38\u003c00:09, 42.95clip/s]\n"}
,{"stream_name":"stderr","time":361.608225852,"data":"\r[features] train_uniform:  96%|█████████▋| 11383/11808 [04:38\u003c00:09, 42.95clip/s]\r[features] train_uniform:  96%|█████████▋| 11388/11808 [04:38\u003c00:09, 43.29clip/s]\n"}
,{"stream_name":"stderr","time":361.725078139,"data":"\r[features] train_uniform:  96%|█████████▋| 11388/11808 [04:38\u003c00:09, 43.29clip/s]\r[features] train_uniform:  96%|█████████▋| 11393/11808 [04:38\u003c00:09, 43.06clip/s]\n"}
,{"stream_name":"stderr","time":361.830473804,"data":"\r[features] train_uniform:  96%|█████████▋| 11393/11808 [04:38\u003c00:09, 43.06clip/s]\r[features] train_uniform:  97%|█████████▋| 11398/11808 [04:38\u003c00:09, 44.28clip/s]\n"}
,{"stream_name":"stderr","time":361.949623618,"data":"\r[features] train_uniform:  97%|█████████▋| 11398/11808 [04:38\u003c00:09, 44.28clip/s]\r[features] train_uniform:  97%|█████████▋| 11404/11808 [04:38\u003c00:08, 46.22clip/s]\n"}
,{"stream_name":"stderr","time":362.089243164,"data":"\r[features] train_uniform:  97%|█████████▋| 11404/11808 [04:38\u003c00:08, 46.22clip/s]\r[features] train_uniform:  97%|█████████▋| 11409/11808 [04:38\u003c00:09, 42.69clip/s]\n"}
,{"stream_name":"stderr","time":362.202743057,"data":"\r[features] train_uniform:  97%|█████████▋| 11409/11808 [04:38\u003c00:09, 42.69clip/s]\r[features] train_uniform:  97%|█████████▋| 11414/11808 [04:38\u003c00:09, 43.04clip/s]\n"}
,{"stream_name":"stderr","time":362.307909031,"data":"\r[features] train_uniform:  97%|█████████▋| 11414/11808 [04:38\u003c00:09, 43.04clip/s]\r[features] train_uniform:  97%|█████████▋| 11419/11808 [04:38\u003c00:08, 44.32clip/s]\n"}
,{"stream_name":"stderr","time":362.40890364,"data":"\r[features] train_uniform:  97%|█████████▋| 11419/11808 [04:38\u003c00:08, 44.32clip/s]\r[features] train_uniform:  97%|█████████▋| 11424/11808 [04:38\u003c00:08, 45.63clip/s]\n"}
,{"stream_name":"stderr","time":362.529854237,"data":"\r[features] train_uniform:  97%|█████████▋| 11424/11808 [04:38\u003c00:08, 45.63clip/s]\r[features] train_uniform:  97%|█████████▋| 11429/11808 [04:39\u003c00:08, 44.37clip/s]\n"}
,{"stream_name":"stderr","time":362.638004963,"data":"\r[features] train_uniform:  97%|█████████▋| 11429/11808 [04:39\u003c00:08, 44.37clip/s]\r[features] train_uniform:  97%|█████████▋| 11434/11808 [04:39\u003c00:08, 44.89clip/s]\n"}
,{"stream_name":"stderr","time":362.752402402,"data":"\r[features] train_uniform:  97%|█████████▋| 11434/11808 [04:39\u003c00:08, 44.89clip/s]\r[features] train_uniform:  97%|█████████▋| 11439/11808 [04:39\u003c00:08, 44.52clip/s]\n"}
,{"stream_name":"stderr","time":362.866281377,"data":"\r[features] train_uniform:  97%|█████████▋| 11439/11808 [04:39\u003c00:08, 44.52clip/s]\r[features] train_uniform:  97%|█████████▋| 11445/11808 [04:39\u003c00:07, 46.89clip/s]\n"}
,{"stream_name":"stderr","time":362.977713725,"data":"\r[features] train_uniform:  97%|█████████▋| 11445/11808 [04:39\u003c00:07, 46.89clip/s]\r[features] train_uniform:  97%|█████████▋| 11450/11808 [04:39\u003c00:07, 46.32clip/s]\n"}
,{"stream_name":"stderr","time":363.087830312,"data":"\r[features] train_uniform:  97%|█████████▋| 11450/11808 [04:39\u003c00:07, 46.32clip/s]\r[features] train_uniform:  97%|█████████▋| 11455/11808 [04:39\u003c00:07, 46.05clip/s]\n"}
,{"stream_name":"stderr","time":363.209746043,"data":"\r[features] train_uniform:  97%|█████████▋| 11455/11808 [04:39\u003c00:07, 46.05clip/s]\r[features] train_uniform:  97%|█████████▋| 11461/11808 [04:39\u003c00:07, 47.13clip/s]\n"}
,{"stream_name":"stderr","time":363.324707303,"data":"\r[features] train_uniform:  97%|█████████▋| 11461/11808 [04:39\u003c00:07, 47.13clip/s]\r[features] train_uniform:  97%|█████████▋| 11466/11808 [04:39\u003c00:07, 46.02clip/s]\n"}
,{"stream_name":"stderr","time":363.431749783,"data":"\r[features] train_uniform:  97%|█████████▋| 11466/11808 [04:39\u003c00:07, 46.02clip/s]\r[features] train_uniform:  97%|█████████▋| 11471/11808 [04:39\u003c00:07, 46.23clip/s]\n"}
,{"stream_name":"stderr","time":363.56005746,"data":"\r[features] train_uniform:  97%|█████████▋| 11471/11808 [04:39\u003c00:07, 46.23clip/s]\r[features] train_uniform:  97%|█████████▋| 11476/11808 [04:40\u003c00:07, 43.84clip/s]\n"}
,{"stream_name":"stderr","time":363.672047643,"data":"\r[features] train_uniform:  97%|█████████▋| 11476/11808 [04:40\u003c00:07, 43.84clip/s]\r[features] train_uniform:  97%|█████████▋| 11481/11808 [04:40\u003c00:07, 44.05clip/s]\n"}
,{"stream_name":"stderr","time":363.787218788,"data":"\r[features] train_uniform:  97%|█████████▋| 11481/11808 [04:40\u003c00:07, 44.05clip/s]\r[features] train_uniform:  97%|█████████▋| 11486/11808 [04:40\u003c00:07, 43.89clip/s]\n"}
,{"stream_name":"stderr","time":363.917944143,"data":"\r[features] train_uniform:  97%|█████████▋| 11486/11808 [04:40\u003c00:07, 43.89clip/s]\r[features] train_uniform:  97%|█████████▋| 11492/11808 [04:40\u003c00:07, 44.57clip/s]\n"}
,{"stream_name":"stderr","time":364.018412942,"data":"\r[features] train_uniform:  97%|█████████▋| 11492/11808 [04:40\u003c00:07, 44.57clip/s]\r[features] train_uniform:  97%|█████████▋| 11497/11808 [04:40\u003c00:06, 45.93clip/s]\n"}
,{"stream_name":"stderr","time":364.128960551,"data":"\r[features] train_uniform:  97%|█████████▋| 11497/11808 [04:40\u003c00:06, 45.93clip/s]\r[features] train_uniform:  97%|█████████▋| 11502/11808 [04:40\u003c00:06, 45.65clip/s]\n"}
,{"stream_name":"stderr","time":364.256408069,"data":"\r[features] train_uniform:  97%|█████████▋| 11502/11808 [04:40\u003c00:06, 45.65clip/s]\r[features] train_uniform:  97%|█████████▋| 11507/11808 [04:40\u003c00:06, 43.56clip/s]\n"}
,{"stream_name":"stderr","time":364.392237287,"data":"\r[features] train_uniform:  97%|█████████▋| 11507/11808 [04:40\u003c00:06, 43.56clip/s]\r[features] train_uniform:  97%|█████████▋| 11512/11808 [04:40\u003c00:07, 41.33clip/s]\n"}
,{"stream_name":"stderr","time":364.52265264,"data":"\r[features] train_uniform:  97%|█████████▋| 11512/11808 [04:40\u003c00:07, 41.33clip/s]\r[features] train_uniform:  98%|█████████▊| 11517/11808 [04:41\u003c00:07, 40.44clip/s]\n"}
,{"stream_name":"stderr","time":364.686832795,"data":"\r[features] train_uniform:  98%|█████████▊| 11517/11808 [04:41\u003c00:07, 40.44clip/s]\r[features] train_uniform:  98%|█████████▊| 11522/11808 [04:41\u003c00:07, 36.86clip/s]\n"}
,{"stream_name":"stderr","time":364.797266095,"data":"\r[features] train_uniform:  98%|█████████▊| 11522/11808 [04:41\u003c00:07, 36.86clip/s]\r[features] train_uniform:  98%|█████████▊| 11527/11808 [04:41\u003c00:07, 38.99clip/s]\n"}
,{"stream_name":"stderr","time":364.919231496,"data":"\r[features] train_uniform:  98%|█████████▊| 11527/11808 [04:41\u003c00:07, 38.99clip/s]\r[features] train_uniform:  98%|█████████▊| 11532/11808 [04:41\u003c00:06, 39.54clip/s]\n"}
,{"stream_name":"stderr","time":365.02332737,"data":"\r[features] train_uniform:  98%|█████████▊| 11532/11808 [04:41\u003c00:06, 39.54clip/s]\r[features] train_uniform:  98%|█████████▊| 11537/11808 [04:41\u003c00:06, 41.80clip/s]\n"}
,{"stream_name":"stderr","time":365.128762665,"data":"\r[features] train_uniform:  98%|█████████▊| 11537/11808 [04:41\u003c00:06, 41.80clip/s]\r[features] train_uniform:  98%|█████████▊| 11542/11808 [04:41\u003c00:06, 43.29clip/s]\n"}
,{"stream_name":"stderr","time":365.239673657,"data":"\r[features] train_uniform:  98%|█████████▊| 11542/11808 [04:41\u003c00:06, 43.29clip/s]\r[features] train_uniform:  98%|█████████▊| 11547/11808 [04:41\u003c00:05, 43.79clip/s]\n"}
,{"stream_name":"stderr","time":365.345733648,"data":"\r[features] train_uniform:  98%|█████████▊| 11547/11808 [04:41\u003c00:05, 43.79clip/s]\r[features] train_uniform:  98%|█████████▊| 11552/11808 [04:41\u003c00:05, 44.78clip/s]\n"}
,{"stream_name":"stderr","time":365.448000229,"data":"\r[features] train_uniform:  98%|█████████▊| 11552/11808 [04:41\u003c00:05, 44.78clip/s]\r[features] train_uniform:  98%|█████████▊| 11557/11808 [04:41\u003c00:05, 45.92clip/s]\n"}
,{"stream_name":"stderr","time":365.556058828,"data":"\r[features] train_uniform:  98%|█████████▊| 11557/11808 [04:41\u003c00:05, 45.92clip/s]\r[features] train_uniform:  98%|█████████▊| 11562/11808 [04:42\u003c00:05, 46.01clip/s]\n"}
,{"stream_name":"stderr","time":365.676204834,"data":"\r[features] train_uniform:  98%|█████████▊| 11562/11808 [04:42\u003c00:05, 46.01clip/s]\r[features] train_uniform:  98%|█████████▊| 11567/11808 [04:42\u003c00:05, 44.60clip/s]\n"}
,{"stream_name":"stderr","time":365.783016613,"data":"\r[features] train_uniform:  98%|█████████▊| 11567/11808 [04:42\u003c00:05, 44.60clip/s]\r[features] train_uniform:  98%|█████████▊| 11572/11808 [04:42\u003c00:05, 45.26clip/s]\n"}
,{"stream_name":"stderr","time":365.939108662,"data":"\r[features] train_uniform:  98%|█████████▊| 11572/11808 [04:42\u003c00:05, 45.26clip/s]\r[features] train_uniform:  98%|█████████▊| 11577/11808 [04:42\u003c00:05, 40.27clip/s]\n"}
,{"stream_name":"stderr","time":366.049612196,"data":"\r[features] train_uniform:  98%|█████████▊| 11577/11808 [04:42\u003c00:05, 40.27clip/s]\r[features] train_uniform:  98%|█████████▊| 11582/11808 [04:42\u003c00:05, 41.69clip/s]\n"}
,{"stream_name":"stderr","time":366.161638157,"data":"\r[features] train_uniform:  98%|█████████▊| 11582/11808 [04:42\u003c00:05, 41.69clip/s]\r[features] train_uniform:  98%|█████████▊| 11587/11808 [04:42\u003c00:05, 42.47clip/s]\n"}
,{"stream_name":"stderr","time":366.271086187,"data":"\r[features] train_uniform:  98%|█████████▊| 11587/11808 [04:42\u003c00:05, 42.47clip/s]\r[features] train_uniform:  98%|█████████▊| 11592/11808 [04:42\u003c00:04, 43.40clip/s]\n"}
,{"stream_name":"stderr","time":366.383772853,"data":"\r[features] train_uniform:  98%|█████████▊| 11592/11808 [04:42\u003c00:04, 43.40clip/s]\r[features] train_uniform:  98%|█████████▊| 11597/11808 [04:42\u003c00:04, 43.71clip/s]\n"}
,{"stream_name":"stderr","time":366.503431459,"data":"\r[features] train_uniform:  98%|█████████▊| 11597/11808 [04:42\u003c00:04, 43.71clip/s]\r[features] train_uniform:  98%|█████████▊| 11602/11808 [04:43\u003c00:04, 43.09clip/s]\n"}
,{"stream_name":"stderr","time":366.623866174,"data":"\r[features] train_uniform:  98%|█████████▊| 11602/11808 [04:43\u003c00:04, 43.09clip/s]\r[features] train_uniform:  98%|█████████▊| 11607/11808 [04:43\u003c00:04, 42.66clip/s]\n"}
,{"stream_name":"stderr","time":366.734471483,"data":"\r[features] train_uniform:  98%|█████████▊| 11607/11808 [04:43\u003c00:04, 42.66clip/s]\r[features] train_uniform:  98%|█████████▊| 11612/11808 [04:43\u003c00:04, 43.32clip/s]\n"}
,{"stream_name":"stderr","time":366.851293384,"data":"\r[features] train_uniform:  98%|█████████▊| 11612/11808 [04:43\u003c00:04, 43.32clip/s]\r[features] train_uniform:  98%|█████████▊| 11617/11808 [04:43\u003c00:04, 43.18clip/s]\n"}
,{"stream_name":"stderr","time":366.960645383,"data":"\r[features] train_uniform:  98%|█████████▊| 11617/11808 [04:43\u003c00:04, 43.18clip/s]\r[features] train_uniform:  98%|█████████▊| 11622/11808 [04:43\u003c00:04, 43.92clip/s]\n"}
,{"stream_name":"stderr","time":367.061689071,"data":"\r[features] train_uniform:  98%|█████████▊| 11622/11808 [04:43\u003c00:04, 43.92clip/s]\r[features] train_uniform:  98%|█████████▊| 11627/11808 [04:43\u003c00:03, 45.46clip/s]\n"}
,{"stream_name":"stderr","time":367.165467421,"data":"\r[features] train_uniform:  98%|█████████▊| 11627/11808 [04:43\u003c00:03, 45.46clip/s]\r[features] train_uniform:  99%|█████████▊| 11632/11808 [04:43\u003c00:03, 46.31clip/s]\n"}
,{"stream_name":"stderr","time":367.277020793,"data":"\r[features] train_uniform:  99%|█████████▊| 11632/11808 [04:43\u003c00:03, 46.31clip/s]\r[features] train_uniform:  99%|█████████▊| 11637/11808 [04:43\u003c00:03, 45.84clip/s]\n"}
,{"stream_name":"stderr","time":367.389365687,"data":"\r[features] train_uniform:  99%|█████████▊| 11637/11808 [04:43\u003c00:03, 45.84clip/s]\r[features] train_uniform:  99%|█████████▊| 11642/11808 [04:43\u003c00:03, 45.36clip/s]\n"}
,{"stream_name":"stderr","time":367.492876878,"data":"\r[features] train_uniform:  99%|█████████▊| 11642/11808 [04:43\u003c00:03, 45.36clip/s]\r[features] train_uniform:  99%|█████████▊| 11647/11808 [04:44\u003c00:03, 46.31clip/s]\n"}
,{"stream_name":"stderr","time":367.606766999,"data":"\r[features] train_uniform:  99%|█████████▊| 11647/11808 [04:44\u003c00:03, 46.31clip/s]\r[features] train_uniform:  99%|█████████▊| 11652/11808 [04:44\u003c00:03, 45.55clip/s]\n"}
,{"stream_name":"stderr","time":367.715671638,"data":"\r[features] train_uniform:  99%|█████████▊| 11652/11808 [04:44\u003c00:03, 45.55clip/s]\r[features] train_uniform:  99%|█████████▊| 11657/11808 [04:44\u003c00:03, 45.56clip/s]\n"}
,{"stream_name":"stderr","time":367.846167767,"data":"\r[features] train_uniform:  99%|█████████▊| 11657/11808 [04:44\u003c00:03, 45.56clip/s]\r[features] train_uniform:  99%|█████████▉| 11662/11808 [04:44\u003c00:03, 43.14clip/s]\n"}
,{"stream_name":"stderr","time":367.972517569,"data":"\r[features] train_uniform:  99%|█████████▉| 11662/11808 [04:44\u003c00:03, 43.14clip/s]\r[features] train_uniform:  99%|█████████▉| 11667/11808 [04:44\u003c00:03, 42.00clip/s]\n"}
,{"stream_name":"stderr","time":368.083743084,"data":"\r[features] train_uniform:  99%|█████████▉| 11667/11808 [04:44\u003c00:03, 42.00clip/s]\r[features] train_uniform:  99%|█████████▉| 11672/11808 [04:44\u003c00:03, 42.86clip/s]\n"}
,{"stream_name":"stderr","time":368.220001116,"data":"\r[features] train_uniform:  99%|█████████▉| 11672/11808 [04:44\u003c00:03, 42.86clip/s]\r[features] train_uniform:  99%|█████████▉| 11677/11808 [04:44\u003c00:03, 40.76clip/s]\n"}
,{"stream_name":"stderr","time":368.339589143,"data":"\r[features] train_uniform:  99%|█████████▉| 11677/11808 [04:44\u003c00:03, 40.76clip/s]\r[features] train_uniform:  99%|█████████▉| 11682/11808 [04:44\u003c00:03, 41.17clip/s]\n"}
,{"stream_name":"stderr","time":368.447270514,"data":"\r[features] train_uniform:  99%|█████████▉| 11682/11808 [04:44\u003c00:03, 41.17clip/s]\r[features] train_uniform:  99%|█████████▉| 11687/11808 [04:44\u003c00:02, 42.57clip/s]\n"}
,{"stream_name":"stderr","time":368.548478789,"data":"\r[features] train_uniform:  99%|█████████▉| 11687/11808 [04:44\u003c00:02, 42.57clip/s]\r[features] train_uniform:  99%|█████████▉| 11692/11808 [04:45\u003c00:02, 44.38clip/s]\n"}
,{"stream_name":"stderr","time":368.662471506,"data":"\r[features] train_uniform:  99%|█████████▉| 11692/11808 [04:45\u003c00:02, 44.38clip/s]\r[features] train_uniform:  99%|█████████▉| 11697/11808 [04:45\u003c00:02, 44.24clip/s]\n"}
,{"stream_name":"stderr","time":368.774618255,"data":"\r[features] train_uniform:  99%|█████████▉| 11697/11808 [04:45\u003c00:02, 44.24clip/s]\r[features] train_uniform:  99%|█████████▉| 11702/11808 [04:45\u003c00:02, 44.35clip/s]\n"}
,{"stream_name":"stderr","time":368.889592486,"data":"\r[features] train_uniform:  99%|█████████▉| 11702/11808 [04:45\u003c00:02, 44.35clip/s]\r[features] train_uniform:  99%|█████████▉| 11707/11808 [04:45\u003c00:02, 44.05clip/s]\n"}
,{"stream_name":"stderr","time":368.993603682,"data":"\r[features] train_uniform:  99%|█████████▉| 11707/11808 [04:45\u003c00:02, 44.05clip/s]\r[features] train_uniform:  99%|█████████▉| 11712/11808 [04:45\u003c00:02, 45.26clip/s]\n"}
,{"stream_name":"stderr","time":369.111117417,"data":"\r[features] train_uniform:  99%|█████████▉| 11712/11808 [04:45\u003c00:02, 45.26clip/s]\r[features] train_uniform:  99%|█████████▉| 11718/11808 [04:45\u003c00:01, 47.05clip/s]\n"}
,{"stream_name":"stderr","time":369.387711979,"data":"\r[features] train_uniform:  99%|█████████▉| 11718/11808 [04:45\u003c00:01, 47.05clip/s]\r[features] train_uniform:  99%|█████████▉| 11723/11808 [04:45\u003c00:02, 32.20clip/s]\n"}
,{"stream_name":"stderr","time":369.501543851,"data":"\r[features] train_uniform:  99%|█████████▉| 11723/11808 [04:45\u003c00:02, 32.20clip/s]\r[features] train_uniform:  99%|█████████▉| 11728/11808 [04:46\u003c00:02, 34.91clip/s]\n"}
,{"stream_name":"stderr","time":369.62434252,"data":"\r[features] train_uniform:  99%|█████████▉| 11728/11808 [04:46\u003c00:02, 34.91clip/s]\r[features] train_uniform:  99%|█████████▉| 11733/11808 [04:46\u003c00:02, 36.46clip/s]\n"}
,{"stream_name":"stderr","time":369.749189316,"data":"\r[features] train_uniform:  99%|█████████▉| 11733/11808 [04:46\u003c00:02, 36.46clip/s]\r[features] train_uniform:  99%|█████████▉| 11738/11808 [04:46\u003c00:01, 37.42clip/s]\n"}
,{"stream_name":"stderr","time":369.853170061,"data":"\r[features] train_uniform:  99%|█████████▉| 11738/11808 [04:46\u003c00:01, 37.42clip/s]\r[features] train_uniform:  99%|█████████▉| 11743/11808 [04:46\u003c00:01, 40.11clip/s]\n"}
,{"stream_name":"stderr","time":369.987364729,"data":"\r[features] train_uniform:  99%|█████████▉| 11743/11808 [04:46\u003c00:01, 40.11clip/s]\r[features] train_uniform:  99%|█████████▉| 11748/11808 [04:46\u003c00:01, 39.15clip/s]\n"}
,{"stream_name":"stderr","time":370.101668706,"data":"\r[features] train_uniform:  99%|█████████▉| 11748/11808 [04:46\u003c00:01, 39.15clip/s]\r[features] train_uniform: 100%|█████████▉| 11753/11808 [04:46\u003c00:01, 40.46clip/s]\n"}
,{"stream_name":"stderr","time":370.224468115,"data":"\r[features] train_uniform: 100%|█████████▉| 11753/11808 [04:46\u003c00:01, 40.46clip/s]\r[features] train_uniform: 100%|█████████▉| 11758/11808 [04:46\u003c00:01, 40.57clip/s]\n"}
,{"stream_name":"stderr","time":370.33977092,"data":"\r[features] train_uniform: 100%|█████████▉| 11758/11808 [04:46\u003c00:01, 40.57clip/s]\r[features] train_uniform: 100%|█████████▉| 11763/11808 [04:46\u003c00:01, 41.40clip/s]\n"}
,{"stream_name":"stderr","time":370.470949692,"data":"\r[features] train_uniform: 100%|█████████▉| 11763/11808 [04:46\u003c00:01, 41.40clip/s]\r[features] train_uniform: 100%|█████████▉| 11768/11808 [04:47\u003c00:00, 40.24clip/s]\n"}
,{"stream_name":"stderr","time":370.657247603,"data":"\r[features] train_uniform: 100%|█████████▉| 11768/11808 [04:47\u003c00:00, 40.24clip/s]\r[features] train_uniform: 100%|█████████▉| 11773/11808 [04:47\u003c00:00, 35.04clip/s]\n"}
,{"stream_name":"stderr","time":370.790001118,"data":"\r[features] train_uniform: 100%|█████████▉| 11773/11808 [04:47\u003c00:00, 35.04clip/s]\r[features] train_uniform: 100%|█████████▉| 11777/11808 [04:47\u003c00:00, 33.65clip/s]\n"}
,{"stream_name":"stderr","time":370.898696081,"data":"\r[features] train_uniform: 100%|█████████▉| 11777/11808 [04:47\u003c00:00, 33.65clip/s]\r[features] train_uniform: 100%|█████████▉| 11782/11808 [04:47\u003c00:00, 36.73clip/s]\n"}
,{"stream_name":"stderr","time":371.140648454,"data":"\r[features] train_uniform: 100%|█████████▉| 11782/11808 [04:47\u003c00:00, 36.73clip/s]\r[features] train_uniform: 100%|█████████▉| 11786/11808 [04:47\u003c00:00, 27.90clip/s]\n"}
,{"stream_name":"stderr","time":371.263698557,"data":"\r[features] train_uniform: 100%|█████████▉| 11786/11808 [04:47\u003c00:00, 27.90clip/s]\r[features] train_uniform: 100%|█████████▉| 11790/11808 [04:47\u003c00:00, 29.01clip/s]\n"}
,{"stream_name":"stderr","time":371.374744067,"data":"\r[features] train_uniform: 100%|█████████▉| 11790/11808 [04:47\u003c00:00, 29.01clip/s]\r[features] train_uniform: 100%|█████████▉| 11794/11808 [04:47\u003c00:00, 30.63clip/s]\n"}
,{"stream_name":"stderr","time":371.481764406,"data":"\r[features] train_uniform: 100%|█████████▉| 11794/11808 [04:47\u003c00:00, 30.63clip/s]\r[features] train_uniform: 100%|█████████▉| 11799/11808 [04:48\u003c00:00, 34.49clip/s]\n"}
,{"stream_name":"stderr","time":371.589947558,"data":"\r[features] train_uniform: 100%|█████████▉| 11799/11808 [04:48\u003c00:00, 34.49clip/s]\r[features] train_uniform: 100%|█████████▉| 11803/11808 [04:48\u003c00:00, 35.18clip/s]\n"}
,{"stream_name":"stderr","time":371.691310726,"data":"\r[features] train_uniform: 100%|█████████▉| 11803/11808 [04:48\u003c00:00, 35.18clip/s]\r[features] train_uniform: 100%|██████████| 11808/11808 [04:48\u003c00:00, 38.99clip/s]\n"}
,{"stream_name":"stderr","time":371.69536981,"data":"\r[features] train_uniform: 100%|██████████| 11808/11808 [04:48\u003c00:00, 38.99clip/s]\r[features] train_uniform: 100%|██████████| 11808/11808 [04:48\u003c00:00, 40.97clip/s]\n"}
,{"stream_name":"stderr","time":371.796629645,"data":"\r[features] train_uniform: 100%|██████████| 11808/11808 [04:48\u003c00:00, 40.97clip/s]\n"}
,{"stream_name":"stderr","time":371.796671134,"data":"\n"}
,{"stream_name":"stderr","time":371.798302821,"data":"\n"}
,{"stream_name":"stdout","time":376.334387581,"data":"[features] cached -\u003e /kaggle/working/features_cache_leaky/train_uniform_10c7314c915a74ed.npz  (mfcc (11808, 2160), zcr (11808, 108), rmse (11808, 108))\n"}
,{"stream_name":"stderr","time":376.33529786,"data":"\r[features] val:   0%|          | 0/1313 [00:00\u003c?, ?clip/s]\n"}
,{"stream_name":"stderr","time":376.448425619,"data":"\r[features] val:   0%|          | 0/1313 [00:00\u003c?, ?clip/s]\r[features] val:   0%|          | 5/1313 [00:00\u003c00:29, 44.92clip/s]\n"}
,{"stream_name":"stderr","time":376.571108442,"data":"\r[features] val:   0%|          | 5/1313 [00:00\u003c00:29, 44.92clip/s]\r[features] val:   1%|          | 10/1313 [00:00\u003c00:30, 42.28clip/s]\n"}
,{"stream_name":"stderr","time":376.737768377,"data":"\r[features] val:   1%|          | 10/1313 [00:00\u003c00:30, 42.28clip/s]\r[features] val:   1%|          | 15/1313 [00:00\u003c00:36, 35.61clip/s]\n"}
,{"stream_name":"stderr","time":376.844620949,"data":"\r[features] val:   1%|          | 15/1313 [00:00\u003c00:36, 35.61clip/s]\r[features] val:   2%|▏         | 20/1313 [00:00\u003c00:32, 39.23clip/s]\n"}
,{"stream_name":"stderr","time":376.95772249,"data":"\r[features] val:   2%|▏         | 20/1313 [00:00\u003c00:32, 39.23clip/s]\r[features] val:   2%|▏         | 25/1313 [00:00\u003c00:31, 40.91clip/s]\n"}
,{"stream_name":"stderr","time":377.083292342,"data":"\r[features] val:   2%|▏         | 25/1313 [00:00\u003c00:31, 40.91clip/s]\r[features] val:   2%|▏         | 30/1313 [00:00\u003c00:31, 40.54clip/s]\n"}
,{"stream_name":"stderr","time":377.215731172,"data":"\r[features] val:   2%|▏         | 30/1313 [00:00\u003c00:31, 40.54clip/s]\r[features] val:   3%|▎         | 35/1313 [00:00\u003c00:32, 39.58clip/s]\n"}
,{"stream_name":"stderr","time":377.406996938,"data":"\r[features] val:   3%|▎         | 35/1313 [00:00\u003c00:32, 39.58clip/s]\r[features] val:   3%|▎         | 40/1313 [00:01\u003c00:37, 34.01clip/s]\n"}
,{"stream_name":"stderr","time":377.517582521,"data":"\r[features] val:   3%|▎         | 40/1313 [00:01\u003c00:37, 34.01clip/s]\r[features] val:   3%|▎         | 44/1313 [00:01\u003c00:36, 34.58clip/s]\n"}
,{"stream_name":"stderr","time":377.639818905,"data":"\r[features] val:   3%|▎         | 44/1313 [00:01\u003c00:36, 34.58clip/s]\r[features] val:   4%|▍         | 50/1313 [00:01\u003c00:32, 38.71clip/s]\n"}
,{"stream_name":"stderr","time":377.754164054,"data":"\r[features] val:   4%|▍         | 50/1313 [00:01\u003c00:32, 38.71clip/s]\r[features] val:   4%|▍         | 55/1313 [00:01\u003c00:31, 40.14clip/s]\n"}
,{"stream_name":"stderr","time":377.876391661,"data":"\r[features] val:   4%|▍         | 55/1313 [00:01\u003c00:31, 40.14clip/s]\r[features] val:   5%|▍         | 60/1313 [00:01\u003c00:31, 40.36clip/s]\n"}
,{"stream_name":"stderr","time":377.976840061,"data":"\r[features] val:   5%|▍         | 60/1313 [00:01\u003c00:31, 40.36clip/s]\r[features] val:   5%|▍         | 65/1313 [00:01\u003c00:29, 42.77clip/s]\n"}
,{"stream_name":"stderr","time":378.106764591,"data":"\r[features] val:   5%|▍         | 65/1313 [00:01\u003c00:29, 42.77clip/s]\r[features] val:   5%|▌         | 70/1313 [00:01\u003c00:30, 41.41clip/s]\n"}
,{"stream_name":"stderr","time":378.208433318,"data":"\r[features] val:   5%|▌         | 70/1313 [00:01\u003c00:30, 41.41clip/s]\r[features] val:   6%|▌         | 75/1313 [00:01\u003c00:28, 43.41clip/s]\n"}
,{"stream_name":"stderr","time":378.318170024,"data":"\r[features] val:   6%|▌         | 75/1313 [00:01\u003c00:28, 43.41clip/s]\r[features] val:   6%|▌         | 80/1313 [00:01\u003c00:27, 44.08clip/s]\n"}
,{"stream_name":"stderr","time":378.4259546,"data":"\r[features] val:   6%|▌         | 80/1313 [00:01\u003c00:27, 44.08clip/s]\r[features] val:   6%|▋         | 85/1313 [00:02\u003c00:27, 44.74clip/s]\n"}
,{"stream_name":"stderr","time":378.537436774,"data":"\r[features] val:   6%|▋         | 85/1313 [00:02\u003c00:27, 44.74clip/s]\r[features] val:   7%|▋         | 90/1313 [00:02\u003c00:27, 44.78clip/s]\n"}
,{"stream_name":"stderr","time":378.650618253,"data":"\r[features] val:   7%|▋         | 90/1313 [00:02\u003c00:27, 44.78clip/s]\r[features] val:   7%|▋         | 95/1313 [00:02\u003c00:27, 44.62clip/s]\n"}
,{"stream_name":"stderr","time":378.759532915,"data":"\r[features] val:   7%|▋         | 95/1313 [00:02\u003c00:27, 44.62clip/s]\r[features] val:   8%|▊         | 100/1313 [00:02\u003c00:26, 45.02clip/s]\n"}
,{"stream_name":"stderr","time":378.886652691,"data":"\r[features] val:   8%|▊         | 100/1313 [00:02\u003c00:26, 45.02clip/s]\r[features] val:   8%|▊         | 105/1313 [00:02\u003c00:28, 43.10clip/s]\n"}
,{"stream_name":"stderr","time":379.000147447,"data":"\r[features] val:   8%|▊         | 105/1313 [00:02\u003c00:28, 43.10clip/s]\r[features] val:   8%|▊         | 110/1313 [00:02\u003c00:27, 43.44clip/s]\n"}
,{"stream_name":"stderr","time":379.101715956,"data":"\r[features] val:   8%|▊         | 110/1313 [00:02\u003c00:27, 43.44clip/s]\r[features] val:   9%|▉         | 115/1313 [00:02\u003c00:26, 45.01clip/s]\n"}
,{"stream_name":"stderr","time":379.216647264,"data":"\r[features] val:   9%|▉         | 115/1313 [00:02\u003c00:26, 45.01clip/s]\r[features] val:   9%|▉         | 120/1313 [00:02\u003c00:26, 44.54clip/s]\n"}
,{"stream_name":"stderr","time":379.318819212,"data":"\r[features] val:   9%|▉         | 120/1313 [00:02\u003c00:26, 44.54clip/s]\r[features] val:  10%|▉         | 125/1313 [00:02\u003c00:25, 45.76clip/s]\n"}
,{"stream_name":"stderr","time":379.419471317,"data":"\r[features] val:  10%|▉         | 125/1313 [00:02\u003c00:25, 45.76clip/s]\r[features] val:  10%|▉         | 130/1313 [00:03\u003c00:25, 46.84clip/s]\n"}
,{"stream_name":"stderr","time":379.569328853,"data":"\r[features] val:  10%|▉         | 130/1313 [00:03\u003c00:25, 46.84clip/s]\r[features] val:  10%|█         | 135/1313 [00:03\u003c00:28, 41.82clip/s]\n"}
,{"stream_name":"stderr","time":379.671018774,"data":"\r[features] val:  10%|█         | 135/1313 [00:03\u003c00:28, 41.82clip/s]\r[features] val:  11%|█         | 140/1313 [00:03\u003c00:26, 43.72clip/s]\n"}
,{"stream_name":"stderr","time":379.782568652,"data":"\r[features] val:  11%|█         | 140/1313 [00:03\u003c00:26, 43.72clip/s]\r[features] val:  11%|█         | 145/1313 [00:03\u003c00:26, 44.10clip/s]\n"}
,{"stream_name":"stderr","time":379.889872343,"data":"\r[features] val:  11%|█         | 145/1313 [00:03\u003c00:26, 44.10clip/s]\r[features] val:  11%|█▏        | 150/1313 [00:03\u003c00:25, 44.78clip/s]\n"}
,{"stream_name":"stderr","time":380.02168221,"data":"\r[features] val:  11%|█▏        | 150/1313 [00:03\u003c00:25, 44.78clip/s]\r[features] val:  12%|█▏        | 155/1313 [00:03\u003c00:27, 42.52clip/s]\n"}
,{"stream_name":"stderr","time":380.230476456,"data":"\r[features] val:  12%|█▏        | 155/1313 [00:03\u003c00:27, 42.52clip/s]\r[features] val:  12%|█▏        | 160/1313 [00:03\u003c00:33, 34.47clip/s]\n"}
,{"stream_name":"stderr","time":380.341701241,"data":"\r[features] val:  12%|█▏        | 160/1313 [00:03\u003c00:33, 34.47clip/s]\r[features] val:  12%|█▏        | 164/1313 [00:04\u003c00:32, 34.84clip/s]\n"}
,{"stream_name":"stderr","time":380.444217892,"data":"\r[features] val:  12%|█▏        | 164/1313 [00:04\u003c00:32, 34.84clip/s]\r[features] val:  13%|█▎        | 169/1313 [00:04\u003c00:29, 38.26clip/s]\n"}
,{"stream_name":"stderr","time":380.554391021,"data":"\r[features] val:  13%|█▎        | 169/1313 [00:04\u003c00:29, 38.26clip/s]\r[features] val:  13%|█▎        | 174/1313 [00:04\u003c00:28, 40.22clip/s]\n"}
,{"stream_name":"stderr","time":380.661972205,"data":"\r[features] val:  13%|█▎        | 174/1313 [00:04\u003c00:28, 40.22clip/s]\r[features] val:  14%|█▎        | 179/1313 [00:04\u003c00:27, 41.99clip/s]\n"}
,{"stream_name":"stderr","time":380.771822047,"data":"\r[features] val:  14%|█▎        | 179/1313 [00:04\u003c00:27, 41.99clip/s]\r[features] val:  14%|█▍        | 184/1313 [00:04\u003c00:26, 42.97clip/s]\n"}
,{"stream_name":"stderr","time":380.893234386,"data":"\r[features] val:  14%|█▍        | 184/1313 [00:04\u003c00:26, 42.97clip/s]\r[features] val:  14%|█▍        | 189/1313 [00:04\u003c00:26, 42.48clip/s]\n"}
,{"stream_name":"stderr","time":381.015661977,"data":"\r[features] val:  14%|█▍        | 189/1313 [00:04\u003c00:26, 42.48clip/s]\r[features] val:  15%|█▍        | 194/1313 [00:04\u003c00:26, 41.87clip/s]\n"}
,{"stream_name":"stderr","time":381.124321146,"data":"\r[features] val:  15%|█▍        | 194/1313 [00:04\u003c00:26, 41.87clip/s]\r[features] val:  15%|█▌        | 199/1313 [00:04\u003c00:25, 43.05clip/s]\n"}
,{"stream_name":"stderr","time":381.27817544,"data":"\r[features] val:  15%|█▌        | 199/1313 [00:04\u003c00:25, 43.05clip/s]\r[features] val:  16%|█▌        | 204/1313 [00:04\u003c00:28, 39.23clip/s]\n"}
,{"stream_name":"stderr","time":381.448826134,"data":"\r[features] val:  16%|█▌        | 204/1313 [00:04\u003c00:28, 39.23clip/s]\r[features] val:  16%|█▌        | 209/1313 [00:05\u003c00:30, 35.63clip/s]\n"}
,{"stream_name":"stderr","time":381.605504263,"data":"\r[features] val:  16%|█▌        | 209/1313 [00:05\u003c00:30, 35.63clip/s]\r[features] val:  16%|█▌        | 213/1313 [00:05\u003c00:33, 32.39clip/s]\n"}
,{"stream_name":"stderr","time":381.717244114,"data":"\r[features] val:  16%|█▌        | 213/1313 [00:05\u003c00:33, 32.39clip/s]\r[features] val:  17%|█▋        | 218/1313 [00:05\u003c00:30, 35.46clip/s]\n"}
,{"stream_name":"stderr","time":381.817631203,"data":"\r[features] val:  17%|█▋        | 218/1313 [00:05\u003c00:30, 35.46clip/s]\r[features] val:  17%|█▋        | 222/1313 [00:05\u003c00:29, 36.46clip/s]\n"}
,{"stream_name":"stderr","time":381.936584318,"data":"\r[features] val:  17%|█▋        | 222/1313 [00:05\u003c00:29, 36.46clip/s]\r[features] val:  17%|█▋        | 227/1313 [00:05\u003c00:28, 38.07clip/s]\n"}
,{"stream_name":"stderr","time":382.041461874,"data":"\r[features] val:  17%|█▋        | 227/1313 [00:05\u003c00:28, 38.07clip/s]\r[features] val:  18%|█▊        | 232/1313 [00:05\u003c00:26, 40.70clip/s]\n"}
,{"stream_name":"stderr","time":382.164885744,"data":"\r[features] val:  18%|█▊        | 232/1313 [00:05\u003c00:26, 40.70clip/s]\r[features] val:  18%|█▊        | 237/1313 [00:05\u003c00:26, 40.58clip/s]\n"}
,{"stream_name":"stderr","time":382.271776354,"data":"\r[features] val:  18%|█▊        | 237/1313 [00:05\u003c00:26, 40.58clip/s]\r[features] val:  18%|█▊        | 242/1313 [00:05\u003c00:25, 42.26clip/s]\n"}
,{"stream_name":"stderr","time":382.39990979,"data":"\r[features] val:  18%|█▊        | 242/1313 [00:05\u003c00:25, 42.26clip/s]\r[features] val:  19%|█▉        | 247/1313 [00:06\u003c00:25, 41.25clip/s]\n"}
,{"stream_name":"stderr","time":382.511371949,"data":"\r[features] val:  19%|█▉        | 247/1313 [00:06\u003c00:25, 41.25clip/s]\r[features] val:  19%|█▉        | 252/1313 [00:06\u003c00:24, 42.53clip/s]\n"}
,{"stream_name":"stderr","time":382.61875715,"data":"\r[features] val:  19%|█▉        | 252/1313 [00:06\u003c00:24, 42.53clip/s]\r[features] val:  20%|█▉        | 257/1313 [00:06\u003c00:24, 43.40clip/s]\n"}
,{"stream_name":"stderr","time":382.722877291,"data":"\r[features] val:  20%|█▉        | 257/1313 [00:06\u003c00:24, 43.40clip/s]\r[features] val:  20%|█▉        | 262/1313 [00:06\u003c00:23, 44.73clip/s]\n"}
,{"stream_name":"stderr","time":382.840244973,"data":"\r[features] val:  20%|█▉        | 262/1313 [00:06\u003c00:23, 44.73clip/s]\r[features] val:  20%|██        | 267/1313 [00:06\u003c00:23, 44.05clip/s]\n"}
,{"stream_name":"stderr","time":382.944889214,"data":"\r[features] val:  20%|██        | 267/1313 [00:06\u003c00:23, 44.05clip/s]\r[features] val:  21%|██        | 272/1313 [00:06\u003c00:22, 45.41clip/s]\n"}
,{"stream_name":"stderr","time":383.063628709,"data":"\r[features] val:  21%|██        | 272/1313 [00:06\u003c00:22, 45.41clip/s]\r[features] val:  21%|██        | 278/1313 [00:06\u003c00:22, 46.79clip/s]\n"}
,{"stream_name":"stderr","time":383.177726061,"data":"\r[features] val:  21%|██        | 278/1313 [00:06\u003c00:22, 46.79clip/s]\r[features] val:  22%|██▏       | 283/1313 [00:06\u003c00:22, 45.92clip/s]\n"}
,{"stream_name":"stderr","time":383.301745891,"data":"\r[features] val:  22%|██▏       | 283/1313 [00:06\u003c00:22, 45.92clip/s]\r[features] val:  22%|██▏       | 288/1313 [00:06\u003c00:23, 44.49clip/s]\n"}
,{"stream_name":"stderr","time":383.416487423,"data":"\r[features] val:  22%|██▏       | 288/1313 [00:06\u003c00:23, 44.49clip/s]\r[features] val:  22%|██▏       | 293/1313 [00:07\u003c00:23, 43.78clip/s]\n"}
,{"stream_name":"stderr","time":383.519063511,"data":"\r[features] val:  22%|██▏       | 293/1313 [00:07\u003c00:23, 43.78clip/s]\r[features] val:  23%|██▎       | 298/1313 [00:07\u003c00:22, 45.11clip/s]\n"}
,{"stream_name":"stderr","time":383.658941668,"data":"\r[features] val:  23%|██▎       | 298/1313 [00:07\u003c00:22, 45.11clip/s]\r[features] val:  23%|██▎       | 303/1313 [00:07\u003c00:24, 41.84clip/s]\n"}
,{"stream_name":"stderr","time":383.768956751,"data":"\r[features] val:  23%|██▎       | 303/1313 [00:07\u003c00:24, 41.84clip/s]\r[features] val:  23%|██▎       | 308/1313 [00:07\u003c00:23, 42.90clip/s]\n"}
,{"stream_name":"stderr","time":383.87877587,"data":"\r[features] val:  23%|██▎       | 308/1313 [00:07\u003c00:23, 42.90clip/s]\r[features] val:  24%|██▍       | 313/1313 [00:07\u003c00:22, 43.90clip/s]\n"}
,{"stream_name":"stderr","time":383.982580374,"data":"\r[features] val:  24%|██▍       | 313/1313 [00:07\u003c00:22, 43.90clip/s]\r[features] val:  24%|██▍       | 318/1313 [00:07\u003c00:22, 44.84clip/s]\n"}
,{"stream_name":"stderr","time":384.092487377,"data":"\r[features] val:  24%|██▍       | 318/1313 [00:07\u003c00:22, 44.84clip/s]\r[features] val:  25%|██▍       | 323/1313 [00:07\u003c00:21, 45.15clip/s]\n"}
,{"stream_name":"stderr","time":384.212352322,"data":"\r[features] val:  25%|██▍       | 323/1313 [00:07\u003c00:21, 45.15clip/s]\r[features] val:  25%|██▍       | 328/1313 [00:07\u003c00:22, 44.00clip/s]\n"}
,{"stream_name":"stderr","time":384.326793429,"data":"\r[features] val:  25%|██▍       | 328/1313 [00:07\u003c00:22, 44.00clip/s]\r[features] val:  25%|██▌       | 333/1313 [00:07\u003c00:22, 44.17clip/s]\n"}
,{"stream_name":"stderr","time":384.430766113,"data":"\r[features] val:  25%|██▌       | 333/1313 [00:07\u003c00:22, 44.17clip/s]\r[features] val:  26%|██▌       | 338/1313 [00:08\u003c00:21, 44.97clip/s]\n"}
,{"stream_name":"stderr","time":384.538969302,"data":"\r[features] val:  26%|██▌       | 338/1313 [00:08\u003c00:21, 44.97clip/s]\r[features] val:  26%|██▌       | 343/1313 [00:08\u003c00:21, 45.49clip/s]\n"}
,{"stream_name":"stderr","time":384.657207838,"data":"\r[features] val:  26%|██▌       | 343/1313 [00:08\u003c00:21, 45.49clip/s]\r[features] val:  27%|██▋       | 348/1313 [00:08\u003c00:21, 44.35clip/s]\n"}
,{"stream_name":"stderr","time":384.764724169,"data":"\r[features] val:  27%|██▋       | 348/1313 [00:08\u003c00:21, 44.35clip/s]\r[features] val:  27%|██▋       | 353/1313 [00:08\u003c00:21, 45.05clip/s]\n"}
,{"stream_name":"stderr","time":385.158940321,"data":"\r[features] val:  27%|██▋       | 353/1313 [00:08\u003c00:21, 45.05clip/s]\r[features] val:  27%|██▋       | 358/1313 [00:08\u003c00:21, 44.02clip/s]\n"}
,{"stream_name":"stderr","time":385.160949563,"data":"\r[features] val:  27%|██▋       | 358/1313 [00:08\u003c00:21, 44.02clip/s]\r[features] val:  28%|██▊       | 363/1313 [00:08\u003c00:23, 40.08clip/s]\n"}
,{"stream_name":"stderr","time":385.175666868,"data":"\r[features] val:  28%|██▊       | 363/1313 [00:08\u003c00:23, 40.08clip/s]\r[features] val:  28%|██▊       | 368/1313 [00:08\u003c00:24, 38.49clip/s]\n"}
,{"stream_name":"stderr","time":385.279077667,"data":"\r[features] val:  28%|██▊       | 368/1313 [00:08\u003c00:24, 38.49clip/s]\r[features] val:  28%|██▊       | 372/1313 [00:08\u003c00:24, 38.61clip/s]\n"}
,{"stream_name":"stderr","time":385.397171002,"data":"\r[features] val:  28%|██▊       | 372/1313 [00:08\u003c00:24, 38.61clip/s]\r[features] val:  29%|██▊       | 377/1313 [00:09\u003c00:23, 39.71clip/s]\n"}
,{"stream_name":"stderr","time":385.515933593,"data":"\r[features] val:  29%|██▊       | 377/1313 [00:09\u003c00:23, 39.71clip/s]\r[features] val:  29%|██▉       | 382/1313 [00:09\u003c00:23, 40.45clip/s]\n"}
,{"stream_name":"stderr","time":385.629503632,"data":"\r[features] val:  29%|██▉       | 382/1313 [00:09\u003c00:23, 40.45clip/s]\r[features] val:  29%|██▉       | 387/1313 [00:09\u003c00:22, 41.41clip/s]\n"}
,{"stream_name":"stderr","time":385.750513717,"data":"\r[features] val:  29%|██▉       | 387/1313 [00:09\u003c00:22, 41.41clip/s]\r[features] val:  30%|██▉       | 392/1313 [00:09\u003c00:22, 41.37clip/s]\n"}
,{"stream_name":"stderr","time":385.869270626,"data":"\r[features] val:  30%|██▉       | 392/1313 [00:09\u003c00:22, 41.37clip/s]\r[features] val:  30%|███       | 397/1313 [00:09\u003c00:22, 41.64clip/s]\n"}
,{"stream_name":"stderr","time":385.975044083,"data":"\r[features] val:  30%|███       | 397/1313 [00:09\u003c00:22, 41.64clip/s]\r[features] val:  31%|███       | 402/1313 [00:09\u003c00:21, 43.15clip/s]\n"}
,{"stream_name":"stderr","time":386.09817919,"data":"\r[features] val:  31%|███       | 402/1313 [00:09\u003c00:21, 43.15clip/s]\r[features] val:  31%|███       | 407/1313 [00:09\u003c00:21, 42.31clip/s]\n"}
,{"stream_name":"stderr","time":386.218001736,"data":"\r[features] val:  31%|███       | 407/1313 [00:09\u003c00:21, 42.31clip/s]\r[features] val:  31%|███▏      | 412/1313 [00:09\u003c00:21, 42.15clip/s]\n"}
,{"stream_name":"stderr","time":386.333719506,"data":"\r[features] val:  31%|███▏      | 412/1313 [00:09\u003c00:21, 42.15clip/s]\r[features] val:  32%|███▏      | 417/1313 [00:09\u003c00:21, 42.51clip/s]\n"}
,{"stream_name":"stderr","time":386.456437199,"data":"\r[features] val:  32%|███▏      | 417/1313 [00:09\u003c00:21, 42.51clip/s]\r[features] val:  32%|███▏      | 422/1313 [00:10\u003c00:21, 41.99clip/s]\n"}
,{"stream_name":"stderr","time":386.653375466,"data":"\r[features] val:  32%|███▏      | 422/1313 [00:10\u003c00:21, 41.99clip/s]\r[features] val:  33%|███▎      | 427/1313 [00:10\u003c00:25, 35.09clip/s]\n"}
,{"stream_name":"stderr","time":386.754564462,"data":"\r[features] val:  33%|███▎      | 427/1313 [00:10\u003c00:25, 35.09clip/s]\r[features] val:  33%|███▎      | 432/1313 [00:10\u003c00:22, 38.43clip/s]\n"}
,{"stream_name":"stderr","time":386.867298005,"data":"\r[features] val:  33%|███▎      | 432/1313 [00:10\u003c00:22, 38.43clip/s]\r[features] val:  33%|███▎      | 437/1313 [00:10\u003c00:21, 40.04clip/s]\n"}
,{"stream_name":"stderr","time":386.975638743,"data":"\r[features] val:  33%|███▎      | 437/1313 [00:10\u003c00:21, 40.04clip/s]\r[features] val:  34%|███▎      | 442/1313 [00:10\u003c00:20, 41.72clip/s]\n"}
,{"stream_name":"stderr","time":387.102010823,"data":"\r[features] val:  34%|███▎      | 442/1313 [00:10\u003c00:20, 41.72clip/s]\r[features] val:  34%|███▍      | 447/1313 [00:10\u003c00:21, 41.01clip/s]\n"}
,{"stream_name":"stderr","time":387.217801089,"data":"\r[features] val:  34%|███▍      | 447/1313 [00:10\u003c00:21, 41.01clip/s]\r[features] val:  34%|███▍      | 452/1313 [00:10\u003c00:20, 41.70clip/s]\n"}
,{"stream_name":"stderr","time":387.317653267,"data":"\r[features] val:  34%|███▍      | 452/1313 [00:10\u003c00:20, 41.70clip/s]\r[features] val:  35%|███▍      | 457/1313 [00:10\u003c00:19, 43.81clip/s]\n"}
,{"stream_name":"stderr","time":387.425277656,"data":"\r[features] val:  35%|███▍      | 457/1313 [00:10\u003c00:19, 43.81clip/s]\r[features] val:  35%|███▌      | 462/1313 [00:11\u003c00:19, 44.55clip/s]\n"}
,{"stream_name":"stderr","time":387.545345391,"data":"\r[features] val:  35%|███▌      | 462/1313 [00:11\u003c00:19, 44.55clip/s]\r[features] val:  36%|███▌      | 467/1313 [00:11\u003c00:19, 43.72clip/s]\n"}
,{"stream_name":"stderr","time":387.655664607,"data":"\r[features] val:  36%|███▌      | 467/1313 [00:11\u003c00:19, 43.72clip/s]\r[features] val:  36%|███▌      | 472/1313 [00:11\u003c00:19, 44.11clip/s]\n"}
,{"stream_name":"stderr","time":387.756634285,"data":"\r[features] val:  36%|███▌      | 472/1313 [00:11\u003c00:19, 44.11clip/s]\r[features] val:  36%|███▋      | 477/1313 [00:11\u003c00:18, 45.63clip/s]\n"}
,{"stream_name":"stderr","time":387.880306907,"data":"\r[features] val:  36%|███▋      | 477/1313 [00:11\u003c00:18, 45.63clip/s]\r[features] val:  37%|███▋      | 482/1313 [00:11\u003c00:18, 43.91clip/s]\n"}
,{"stream_name":"stderr","time":388.035155374,"data":"\r[features] val:  37%|███▋      | 482/1313 [00:11\u003c00:18, 43.91clip/s]\r[features] val:  37%|███▋      | 487/1313 [00:11\u003c00:20, 39.66clip/s]\n"}
,{"stream_name":"stderr","time":388.177273143,"data":"\r[features] val:  37%|███▋      | 487/1313 [00:11\u003c00:20, 39.66clip/s]\r[features] val:  37%|███▋      | 492/1313 [00:11\u003c00:21, 38.20clip/s]\n"}
,{"stream_name":"stderr","time":388.285319406,"data":"\r[features] val:  37%|███▋      | 492/1313 [00:11\u003c00:21, 38.20clip/s]\r[features] val:  38%|███▊      | 497/1313 [00:11\u003c00:20, 40.33clip/s]\n"}
,{"stream_name":"stderr","time":388.399104062,"data":"\r[features] val:  38%|███▊      | 497/1313 [00:11\u003c00:20, 40.33clip/s]\r[features] val:  38%|███▊      | 502/1313 [00:12\u003c00:19, 41.34clip/s]\n"}
,{"stream_name":"stderr","time":388.510886248,"data":"\r[features] val:  38%|███▊      | 502/1313 [00:12\u003c00:19, 41.34clip/s]\r[features] val:  39%|███▊      | 507/1313 [00:12\u003c00:19, 42.33clip/s]\n"}
,{"stream_name":"stderr","time":388.611369446,"data":"\r[features] val:  39%|███▊      | 507/1313 [00:12\u003c00:19, 42.33clip/s]\r[features] val:  39%|███▉      | 512/1313 [00:12\u003c00:18, 44.27clip/s]\n"}
,{"stream_name":"stderr","time":388.723971455,"data":"\r[features] val:  39%|███▉      | 512/1313 [00:12\u003c00:18, 44.27clip/s]\r[features] val:  39%|███▉      | 517/1313 [00:12\u003c00:17, 44.32clip/s]\n"}
,{"stream_name":"stderr","time":388.838817217,"data":"\r[features] val:  39%|███▉      | 517/1313 [00:12\u003c00:17, 44.32clip/s]\r[features] val:  40%|███▉      | 522/1313 [00:12\u003c00:17, 44.10clip/s]\n"}
,{"stream_name":"stderr","time":388.954112932,"data":"\r[features] val:  40%|███▉      | 522/1313 [00:12\u003c00:17, 44.10clip/s]\r[features] val:  40%|████      | 528/1313 [00:12\u003c00:16, 46.46clip/s]\n"}
,{"stream_name":"stderr","time":389.064080186,"data":"\r[features] val:  40%|████      | 528/1313 [00:12\u003c00:16, 46.46clip/s]\r[features] val:  41%|████      | 533/1313 [00:12\u003c00:16, 46.18clip/s]\n"}
,{"stream_name":"stderr","time":389.181411156,"data":"\r[features] val:  41%|████      | 533/1313 [00:12\u003c00:16, 46.18clip/s]\r[features] val:  41%|████      | 538/1313 [00:12\u003c00:17, 45.10clip/s]\n"}
,{"stream_name":"stderr","time":389.32245565,"data":"\r[features] val:  41%|████      | 538/1313 [00:12\u003c00:17, 45.10clip/s]\r[features] val:  41%|████▏     | 543/1313 [00:12\u003c00:18, 41.80clip/s]\n"}
,{"stream_name":"stderr","time":389.442869582,"data":"\r[features] val:  41%|████▏     | 543/1313 [00:12\u003c00:18, 41.80clip/s]\r[features] val:  42%|████▏     | 548/1313 [00:13\u003c00:18, 41.74clip/s]\n"}
,{"stream_name":"stderr","time":389.567782831,"data":"\r[features] val:  42%|████▏     | 548/1313 [00:13\u003c00:18, 41.74clip/s]\r[features] val:  42%|████▏     | 553/1313 [00:13\u003c00:18, 41.12clip/s]\n"}
,{"stream_name":"stderr","time":389.679452248,"data":"\r[features] val:  42%|████▏     | 553/1313 [00:13\u003c00:18, 41.12clip/s]\r[features] val:  42%|████▏     | 558/1313 [00:13\u003c00:17, 42.24clip/s]\n"}
,{"stream_name":"stderr","time":389.803660051,"data":"\r[features] val:  42%|████▏     | 558/1313 [00:13\u003c00:17, 42.24clip/s]\r[features] val:  43%|████▎     | 563/1313 [00:13\u003c00:18, 41.56clip/s]\n"}
,{"stream_name":"stderr","time":389.913568041,"data":"\r[features] val:  43%|████▎     | 563/1313 [00:13\u003c00:18, 41.56clip/s]\r[features] val:  43%|████▎     | 568/1313 [00:13\u003c00:17, 42.68clip/s]\n"}
,{"stream_name":"stderr","time":390.021944875,"data":"\r[features] val:  43%|████▎     | 568/1313 [00:13\u003c00:17, 42.68clip/s]\r[features] val:  44%|████▎     | 573/1313 [00:13\u003c00:16, 43.68clip/s]\n"}
,{"stream_name":"stderr","time":390.142536125,"data":"\r[features] val:  44%|████▎     | 573/1313 [00:13\u003c00:16, 43.68clip/s]\r[features] val:  44%|████▍     | 578/1313 [00:13\u003c00:17, 43.01clip/s]\n"}
,{"stream_name":"stderr","time":390.251648538,"data":"\r[features] val:  44%|████▍     | 578/1313 [00:13\u003c00:17, 43.01clip/s]\r[features] val:  44%|████▍     | 583/1313 [00:13\u003c00:16, 43.81clip/s]\n"}
,{"stream_name":"stderr","time":390.364199759,"data":"\r[features] val:  44%|████▍     | 583/1313 [00:13\u003c00:16, 43.81clip/s]\r[features] val:  45%|████▍     | 588/1313 [00:14\u003c00:16, 43.96clip/s]\n"}
,{"stream_name":"stderr","time":390.466515874,"data":"\r[features] val:  45%|████▍     | 588/1313 [00:14\u003c00:16, 43.96clip/s]\r[features] val:  45%|████▌     | 593/1313 [00:14\u003c00:15, 45.36clip/s]\n"}
,{"stream_name":"stderr","time":390.571866102,"data":"\r[features] val:  45%|████▌     | 593/1313 [00:14\u003c00:15, 45.36clip/s]\r[features] val:  46%|████▌     | 598/1313 [00:14\u003c00:15, 45.89clip/s]\n"}
,{"stream_name":"stderr","time":390.692923258,"data":"\r[features] val:  46%|████▌     | 598/1313 [00:14\u003c00:15, 45.89clip/s]\r[features] val:  46%|████▌     | 603/1313 [00:14\u003c00:15, 44.41clip/s]\n"}
,{"stream_name":"stderr","time":390.79430967,"data":"\r[features] val:  46%|████▌     | 603/1313 [00:14\u003c00:15, 44.41clip/s]\r[features] val:  46%|████▋     | 608/1313 [00:14\u003c00:15, 45.79clip/s]\n"}
,{"stream_name":"stderr","time":390.920338638,"data":"\r[features] val:  46%|████▋     | 608/1313 [00:14\u003c00:15, 45.79clip/s]\r[features] val:  47%|████▋     | 613/1313 [00:14\u003c00:15, 43.78clip/s]\n"}
,{"stream_name":"stderr","time":391.020865149,"data":"\r[features] val:  47%|████▋     | 613/1313 [00:14\u003c00:15, 43.78clip/s]\r[features] val:  47%|████▋     | 618/1313 [00:14\u003c00:15, 45.39clip/s]\n"}
,{"stream_name":"stderr","time":391.135537831,"data":"\r[features] val:  47%|████▋     | 618/1313 [00:14\u003c00:15, 45.39clip/s]\r[features] val:  47%|████▋     | 623/1313 [00:14\u003c00:15, 44.90clip/s]\n"}
,{"stream_name":"stderr","time":391.315611237,"data":"\r[features] val:  47%|████▋     | 623/1313 [00:14\u003c00:15, 44.90clip/s]\r[features] val:  48%|████▊     | 628/1313 [00:14\u003c00:18, 37.90clip/s]\n"}
,{"stream_name":"stderr","time":391.426568079,"data":"\r[features] val:  48%|████▊     | 628/1313 [00:14\u003c00:18, 37.90clip/s]\r[features] val:  48%|████▊     | 633/1313 [00:15\u003c00:17, 39.77clip/s]\n"}
,{"stream_name":"stderr","time":391.546414887,"data":"\r[features] val:  48%|████▊     | 633/1313 [00:15\u003c00:17, 39.77clip/s]\r[features] val:  49%|████▊     | 638/1313 [00:15\u003c00:16, 40.53clip/s]\n"}
,{"stream_name":"stderr","time":391.666459749,"data":"\r[features] val:  49%|████▊     | 638/1313 [00:15\u003c00:16, 40.53clip/s]\r[features] val:  49%|████▉     | 643/1313 [00:15\u003c00:16, 40.84clip/s]\n"}
,{"stream_name":"stderr","time":391.768830924,"data":"\r[features] val:  49%|████▉     | 643/1313 [00:15\u003c00:16, 40.84clip/s]\r[features] val:  49%|████▉     | 648/1313 [00:15\u003c00:15, 42.75clip/s]\n"}
,{"stream_name":"stderr","time":391.912183948,"data":"\r[features] val:  49%|████▉     | 648/1313 [00:15\u003c00:15, 42.75clip/s]\r[features] val:  50%|████▉     | 653/1313 [00:15\u003c00:16, 40.02clip/s]\n"}
,{"stream_name":"stderr","time":392.022754641,"data":"\r[features] val:  50%|████▉     | 653/1313 [00:15\u003c00:16, 40.02clip/s]\r[features] val:  50%|█████     | 658/1313 [00:15\u003c00:15, 41.49clip/s]\n"}
,{"stream_name":"stderr","time":392.151362269,"data":"\r[features] val:  50%|█████     | 658/1313 [00:15\u003c00:15, 41.49clip/s]\r[features] val:  50%|█████     | 663/1313 [00:15\u003c00:15, 40.63clip/s]\n"}
,{"stream_name":"stderr","time":392.278417513,"data":"\r[features] val:  50%|█████     | 663/1313 [00:15\u003c00:15, 40.63clip/s]\r[features] val:  51%|█████     | 669/1313 [00:15\u003c00:15, 42.64clip/s]\n"}
,{"stream_name":"stderr","time":392.395254655,"data":"\r[features] val:  51%|█████     | 669/1313 [00:15\u003c00:15, 42.64clip/s]\r[features] val:  51%|█████▏    | 674/1313 [00:16\u003c00:14, 42.75clip/s]\n"}
,{"stream_name":"stderr","time":392.510512189,"data":"\r[features] val:  51%|█████▏    | 674/1313 [00:16\u003c00:14, 42.75clip/s]\r[features] val:  52%|█████▏    | 680/1313 [00:16\u003c00:13, 45.42clip/s]\n"}
,{"stream_name":"stderr","time":392.616750274,"data":"\r[features] val:  52%|█████▏    | 680/1313 [00:16\u003c00:13, 45.42clip/s]\r[features] val:  52%|█████▏    | 685/1313 [00:16\u003c00:13, 45.90clip/s]\n"}
,{"stream_name":"stderr","time":392.723109677,"data":"\r[features] val:  52%|█████▏    | 685/1313 [00:16\u003c00:13, 45.90clip/s]\r[features] val:  53%|█████▎    | 690/1313 [00:16\u003c00:13, 46.18clip/s]\n"}
,{"stream_name":"stderr","time":392.824455044,"data":"\r[features] val:  53%|█████▎    | 690/1313 [00:16\u003c00:13, 46.18clip/s]\r[features] val:  53%|█████▎    | 695/1313 [00:16\u003c00:13, 47.07clip/s]\n"}
,{"stream_name":"stderr","time":392.927825907,"data":"\r[features] val:  53%|█████▎    | 695/1313 [00:16\u003c00:13, 47.07clip/s]\r[features] val:  53%|█████▎    | 700/1313 [00:16\u003c00:12, 47.41clip/s]\n"}
,{"stream_name":"stderr","time":393.190563057,"data":"\r[features] val:  53%|█████▎    | 700/1313 [00:16\u003c00:12, 47.41clip/s]\r[features] val:  54%|█████▎    | 705/1313 [00:16\u003c00:18, 32.94clip/s]\n"}
,{"stream_name":"stderr","time":393.291905075,"data":"\r[features] val:  54%|█████▎    | 705/1313 [00:16\u003c00:18, 32.94clip/s]\r[features] val:  54%|█████▍    | 710/1313 [00:16\u003c00:16, 36.51clip/s]\n"}
,{"stream_name":"stderr","time":393.397497629,"data":"\r[features] val:  54%|█████▍    | 710/1313 [00:16\u003c00:16, 36.51clip/s]\r[features] val:  54%|█████▍    | 715/1313 [00:17\u003c00:15, 39.13clip/s]\n"}
,{"stream_name":"stderr","time":393.515930934,"data":"\r[features] val:  54%|█████▍    | 715/1313 [00:17\u003c00:15, 39.13clip/s]\r[features] val:  55%|█████▍    | 720/1313 [00:17\u003c00:14, 40.08clip/s]\n"}
,{"stream_name":"stderr","time":393.629403334,"data":"\r[features] val:  55%|█████▍    | 720/1313 [00:17\u003c00:14, 40.08clip/s]\r[features] val:  55%|█████▌    | 726/1313 [00:17\u003c00:13, 43.59clip/s]\n"}
,{"stream_name":"stderr","time":393.76192595,"data":"\r[features] val:  55%|█████▌    | 726/1313 [00:17\u003c00:13, 43.59clip/s]\r[features] val:  56%|█████▌    | 732/1313 [00:17\u003c00:13, 44.13clip/s]\n"}
,{"stream_name":"stderr","time":393.880525501,"data":"\r[features] val:  56%|█████▌    | 732/1313 [00:17\u003c00:13, 44.13clip/s]\r[features] val:  56%|█████▌    | 737/1313 [00:17\u003c00:13, 43.60clip/s]\n"}
,{"stream_name":"stderr","time":394.005808874,"data":"\r[features] val:  56%|█████▌    | 737/1313 [00:17\u003c00:13, 43.60clip/s]\r[features] val:  57%|█████▋    | 742/1313 [00:17\u003c00:13, 42.46clip/s]\n"}
,{"stream_name":"stderr","time":394.123900613,"data":"\r[features] val:  57%|█████▋    | 742/1313 [00:17\u003c00:13, 42.46clip/s]\r[features] val:  57%|█████▋    | 748/1313 [00:17\u003c00:12, 44.88clip/s]\n"}
,{"stream_name":"stderr","time":394.231175184,"data":"\r[features] val:  57%|█████▋    | 748/1313 [00:17\u003c00:12, 44.88clip/s]\r[features] val:  57%|█████▋    | 753/1313 [00:17\u003c00:12, 45.35clip/s]\n"}
,{"stream_name":"stderr","time":394.342308244,"data":"\r[features] val:  57%|█████▋    | 753/1313 [00:17\u003c00:12, 45.35clip/s]\r[features] val:  58%|█████▊    | 758/1313 [00:18\u003c00:12, 45.27clip/s]\n"}
,{"stream_name":"stderr","time":394.486356024,"data":"\r[features] val:  58%|█████▊    | 758/1313 [00:18\u003c00:12, 45.27clip/s]\r[features] val:  58%|█████▊    | 763/1313 [00:18\u003c00:13, 41.56clip/s]\n"}
,{"stream_name":"stderr","time":394.601805874,"data":"\r[features] val:  58%|█████▊    | 763/1313 [00:18\u003c00:13, 41.56clip/s]\r[features] val:  58%|█████▊    | 768/1313 [00:18\u003c00:12, 42.10clip/s]\n"}
,{"stream_name":"stderr","time":394.777867225,"data":"\r[features] val:  58%|█████▊    | 768/1313 [00:18\u003c00:12, 42.10clip/s]\r[features] val:  59%|█████▉    | 773/1313 [00:18\u003c00:14, 36.87clip/s]\n"}
,{"stream_name":"stderr","time":394.957305047,"data":"\r[features] val:  59%|█████▉    | 773/1313 [00:18\u003c00:14, 36.87clip/s]\r[features] val:  59%|█████▉    | 779/1313 [00:18\u003c00:14, 35.63clip/s]\n"}
,{"stream_name":"stderr","time":395.078194551,"data":"\r[features] val:  59%|█████▉    | 779/1313 [00:18\u003c00:14, 35.63clip/s]\r[features] val:  60%|█████▉    | 785/1313 [00:18\u003c00:13, 39.20clip/s]\n"}
,{"stream_name":"stderr","time":395.195160789,"data":"\r[features] val:  60%|█████▉    | 785/1313 [00:18\u003c00:13, 39.20clip/s]\r[features] val:  60%|██████    | 790/1313 [00:18\u003c00:13, 40.09clip/s]\n"}
,{"stream_name":"stderr","time":395.319805012,"data":"\r[features] val:  60%|██████    | 790/1313 [00:18\u003c00:13, 40.09clip/s]\r[features] val:  61%|██████    | 795/1313 [00:18\u003c00:12, 40.09clip/s]\n"}
,{"stream_name":"stderr","time":395.443119514,"data":"\r[features] val:  61%|██████    | 795/1313 [00:18\u003c00:12, 40.09clip/s]\r[features] val:  61%|██████    | 800/1313 [00:19\u003c00:12, 40.29clip/s]\n"}
,{"stream_name":"stderr","time":395.558715909,"data":"\r[features] val:  61%|██████    | 800/1313 [00:19\u003c00:12, 40.29clip/s]\r[features] val:  61%|██████▏   | 805/1313 [00:19\u003c00:12, 41.10clip/s]\n"}
,{"stream_name":"stderr","time":395.661074217,"data":"\r[features] val:  61%|██████▏   | 805/1313 [00:19\u003c00:12, 41.10clip/s]\r[features] val:  62%|██████▏   | 810/1313 [00:19\u003c00:11, 43.14clip/s]\n"}
,{"stream_name":"stderr","time":395.930274395,"data":"\r[features] val:  62%|██████▏   | 810/1313 [00:19\u003c00:11, 43.14clip/s]\r[features] val:  62%|██████▏   | 815/1313 [00:19\u003c00:16, 31.06clip/s]\n"}
,{"stream_name":"stderr","time":396.047574429,"data":"\r[features] val:  62%|██████▏   | 815/1313 [00:19\u003c00:16, 31.06clip/s]\r[features] val:  63%|██████▎   | 821/1313 [00:19\u003c00:13, 35.80clip/s]\n"}
,{"stream_name":"stderr","time":396.179823475,"data":"\r[features] val:  63%|██████▎   | 821/1313 [00:19\u003c00:13, 35.80clip/s]\r[features] val:  63%|██████▎   | 827/1313 [00:19\u003c00:12, 38.30clip/s]\n"}
,{"stream_name":"stderr","time":396.289920449,"data":"\r[features] val:  63%|██████▎   | 827/1313 [00:19\u003c00:12, 38.30clip/s]\r[features] val:  63%|██████▎   | 832/1313 [00:19\u003c00:12, 40.02clip/s]\n"}
,{"stream_name":"stderr","time":396.481070065,"data":"\r[features] val:  63%|██████▎   | 832/1313 [00:19\u003c00:12, 40.02clip/s]\r[features] val:  64%|██████▎   | 837/1313 [00:20\u003c00:13, 34.82clip/s]\n"}
,{"stream_name":"stderr","time":396.588043006,"data":"\r[features] val:  64%|██████▎   | 837/1313 [00:20\u003c00:13, 34.82clip/s]\r[features] val:  64%|██████▍   | 842/1313 [00:20\u003c00:12, 37.54clip/s]\n"}
,{"stream_name":"stderr","time":396.726532975,"data":"\r[features] val:  64%|██████▍   | 842/1313 [00:20\u003c00:12, 37.54clip/s]\r[features] val:  65%|██████▍   | 847/1313 [00:20\u003c00:12, 37.12clip/s]\n"}
,{"stream_name":"stderr","time":396.850757647,"data":"\r[features] val:  65%|██████▍   | 847/1313 [00:20\u003c00:12, 37.12clip/s]\r[features] val:  65%|██████▍   | 851/1313 [00:20\u003c00:12, 35.75clip/s]\n"}
,{"stream_name":"stderr","time":396.963789631,"data":"\r[features] val:  65%|██████▍   | 851/1313 [00:20\u003c00:12, 35.75clip/s]\r[features] val:  65%|██████▌   | 856/1313 [00:20\u003c00:12, 38.00clip/s]\n"}
,{"stream_name":"stderr","time":397.07539747,"data":"\r[features] val:  65%|██████▌   | 856/1313 [00:20\u003c00:12, 38.00clip/s]\r[features] val:  66%|██████▌   | 861/1313 [00:20\u003c00:11, 39.86clip/s]\n"}
,{"stream_name":"stderr","time":397.221878565,"data":"\r[features] val:  66%|██████▌   | 861/1313 [00:20\u003c00:11, 39.86clip/s]\r[features] val:  66%|██████▌   | 866/1313 [00:20\u003c00:11, 37.97clip/s]\n"}
,{"stream_name":"stderr","time":397.347907546,"data":"\r[features] val:  66%|██████▌   | 866/1313 [00:20\u003c00:11, 37.97clip/s]\r[features] val:  66%|██████▋   | 870/1313 [00:21\u003c00:12, 36.13clip/s]\n"}
,{"stream_name":"stderr","time":397.449267251,"data":"\r[features] val:  66%|██████▋   | 870/1313 [00:21\u003c00:12, 36.13clip/s]\r[features] val:  67%|██████▋   | 875/1313 [00:21\u003c00:11, 39.45clip/s]\n"}
,{"stream_name":"stderr","time":397.554199057,"data":"\r[features] val:  67%|██████▋   | 875/1313 [00:21\u003c00:11, 39.45clip/s]\r[features] val:  67%|██████▋   | 880/1313 [00:21\u003c00:10, 41.65clip/s]\n"}
,{"stream_name":"stderr","time":397.663887602,"data":"\r[features] val:  67%|██████▋   | 880/1313 [00:21\u003c00:10, 41.65clip/s]\r[features] val:  67%|██████▋   | 885/1313 [00:21\u003c00:10, 42.77clip/s]\n"}
,{"stream_name":"stderr","time":397.772936366,"data":"\r[features] val:  67%|██████▋   | 885/1313 [00:21\u003c00:10, 42.77clip/s]\r[features] val:  68%|██████▊   | 890/1313 [00:21\u003c00:09, 43.72clip/s]\n"}
,{"stream_name":"stderr","time":397.894214982,"data":"\r[features] val:  68%|██████▊   | 890/1313 [00:21\u003c00:09, 43.72clip/s]\r[features] val:  68%|██████▊   | 895/1313 [00:21\u003c00:09, 42.93clip/s]\n"}
,{"stream_name":"stderr","time":397.995920514,"data":"\r[features] val:  68%|██████▊   | 895/1313 [00:21\u003c00:09, 42.93clip/s]\r[features] val:  69%|██████▊   | 900/1313 [00:21\u003c00:09, 44.59clip/s]\n"}
,{"stream_name":"stderr","time":398.106344774,"data":"\r[features] val:  69%|██████▊   | 900/1313 [00:21\u003c00:09, 44.59clip/s]\r[features] val:  69%|██████▉   | 905/1313 [00:21\u003c00:09, 44.84clip/s]\n"}
,{"stream_name":"stderr","time":398.308267382,"data":"\r[features] val:  69%|██████▉   | 905/1313 [00:21\u003c00:09, 44.84clip/s]\r[features] val:  69%|██████▉   | 910/1313 [00:21\u003c00:11, 36.01clip/s]\n"}
,{"stream_name":"stderr","time":398.413402713,"data":"\r[features] val:  69%|██████▉   | 910/1313 [00:21\u003c00:11, 36.01clip/s]\r[features] val:  70%|██████▉   | 915/1313 [00:22\u003c00:10, 38.84clip/s]\n"}
,{"stream_name":"stderr","time":398.526977569,"data":"\r[features] val:  70%|██████▉   | 915/1313 [00:22\u003c00:10, 38.84clip/s]\r[features] val:  70%|███████   | 920/1313 [00:22\u003c00:09, 40.37clip/s]\n"}
,{"stream_name":"stderr","time":398.644297646,"data":"\r[features] val:  70%|███████   | 920/1313 [00:22\u003c00:09, 40.37clip/s]\r[features] val:  70%|███████   | 925/1313 [00:22\u003c00:09, 40.92clip/s]\n"}
,{"stream_name":"stderr","time":398.784049739,"data":"\r[features] val:  70%|███████   | 925/1313 [00:22\u003c00:09, 40.92clip/s]\r[features] val:  71%|███████   | 930/1313 [00:22\u003c00:09, 39.24clip/s]\n"}
,{"stream_name":"stderr","time":398.884885393,"data":"\r[features] val:  71%|███████   | 930/1313 [00:22\u003c00:09, 39.24clip/s]\r[features] val:  71%|███████   | 935/1313 [00:22\u003c00:09, 41.85clip/s]\n"}
,{"stream_name":"stderr","time":399.008675451,"data":"\r[features] val:  71%|███████   | 935/1313 [00:22\u003c00:09, 41.85clip/s]\r[features] val:  72%|███████▏  | 940/1313 [00:22\u003c00:09, 41.41clip/s]\n"}
,{"stream_name":"stderr","time":399.122627181,"data":"\r[features] val:  72%|███████▏  | 940/1313 [00:22\u003c00:09, 41.41clip/s]\r[features] val:  72%|███████▏  | 946/1313 [00:22\u003c00:08, 44.61clip/s]\n"}
,{"stream_name":"stderr","time":399.354261736,"data":"\r[features] val:  72%|███████▏  | 946/1313 [00:22\u003c00:08, 44.61clip/s]\r[features] val:  72%|███████▏  | 951/1313 [00:23\u003c00:10, 34.18clip/s]\n"}
,{"stream_name":"stderr","time":399.464855977,"data":"\r[features] val:  72%|███████▏  | 951/1313 [00:23\u003c00:10, 34.18clip/s]\r[features] val:  73%|███████▎  | 956/1313 [00:23\u003c00:09, 36.78clip/s]\n"}
,{"stream_name":"stderr","time":399.58219018,"data":"\r[features] val:  73%|███████▎  | 956/1313 [00:23\u003c00:09, 36.78clip/s]\r[features] val:  73%|███████▎  | 962/1313 [00:23\u003c00:08, 40.57clip/s]\n"}
,{"stream_name":"stderr","time":399.697579678,"data":"\r[features] val:  73%|███████▎  | 962/1313 [00:23\u003c00:08, 40.57clip/s]\r[features] val:  74%|███████▎  | 967/1313 [00:23\u003c00:08, 41.28clip/s]\n"}
,{"stream_name":"stderr","time":399.825804937,"data":"\r[features] val:  74%|███████▎  | 967/1313 [00:23\u003c00:08, 41.28clip/s]\r[features] val:  74%|███████▍  | 972/1313 [00:23\u003c00:08, 41.17clip/s]\n"}
,{"stream_name":"stderr","time":399.957342892,"data":"\r[features] val:  74%|███████▍  | 972/1313 [00:23\u003c00:08, 41.17clip/s]\r[features] val:  74%|███████▍  | 977/1313 [00:23\u003c00:08, 39.70clip/s]\n"}
,{"stream_name":"stderr","time":400.070058749,"data":"\r[features] val:  74%|███████▍  | 977/1313 [00:23\u003c00:08, 39.70clip/s]\r[features] val:  75%|███████▍  | 982/1313 [00:23\u003c00:08, 40.97clip/s]\n"}
,{"stream_name":"stderr","time":400.174334725,"data":"\r[features] val:  75%|███████▍  | 982/1313 [00:23\u003c00:08, 40.97clip/s]\r[features] val:  75%|███████▌  | 987/1313 [00:23\u003c00:07, 42.82clip/s]\n"}
,{"stream_name":"stderr","time":400.300490216,"data":"\r[features] val:  75%|███████▌  | 987/1313 [00:23\u003c00:07, 42.82clip/s]\r[features] val:  76%|███████▌  | 992/1313 [00:23\u003c00:07, 41.78clip/s]\n"}
,{"stream_name":"stderr","time":400.414495906,"data":"\r[features] val:  76%|███████▌  | 992/1313 [00:23\u003c00:07, 41.78clip/s]\r[features] val:  76%|███████▌  | 997/1313 [00:24\u003c00:07, 42.37clip/s]\n"}
,{"stream_name":"stderr","time":400.517780702,"data":"\r[features] val:  76%|███████▌  | 997/1313 [00:24\u003c00:07, 42.37clip/s]\r[features] val:  76%|███████▋  | 1002/1313 [00:24\u003c00:07, 44.02clip/s]\n"}
,{"stream_name":"stderr","time":400.637324856,"data":"\r[features] val:  76%|███████▋  | 1002/1313 [00:24\u003c00:07, 44.02clip/s]\r[features] val:  77%|███████▋  | 1007/1313 [00:24\u003c00:07, 43.30clip/s]\n"}
,{"stream_name":"stderr","time":400.746214379,"data":"\r[features] val:  77%|███████▋  | 1007/1313 [00:24\u003c00:07, 43.30clip/s]\r[features] val:  77%|███████▋  | 1012/1313 [00:24\u003c00:06, 44.10clip/s]\n"}
,{"stream_name":"stderr","time":400.862588717,"data":"\r[features] val:  77%|███████▋  | 1012/1313 [00:24\u003c00:06, 44.10clip/s]\r[features] val:  78%|███████▊  | 1018/1313 [00:24\u003c00:06, 46.41clip/s]\n"}
,{"stream_name":"stderr","time":400.970403176,"data":"\r[features] val:  78%|███████▊  | 1018/1313 [00:24\u003c00:06, 46.41clip/s]\r[features] val:  78%|███████▊  | 1023/1313 [00:24\u003c00:06, 46.62clip/s]\n"}
,{"stream_name":"stderr","time":401.083253666,"data":"\r[features] val:  78%|███████▊  | 1023/1313 [00:24\u003c00:06, 46.62clip/s]\r[features] val:  78%|███████▊  | 1028/1313 [00:24\u003c00:06, 45.63clip/s]\n"}
,{"stream_name":"stderr","time":401.270654766,"data":"\r[features] val:  78%|███████▊  | 1028/1313 [00:24\u003c00:06, 45.63clip/s]\r[features] val:  79%|███████▊  | 1033/1313 [00:24\u003c00:07, 38.06clip/s]\n"}
,{"stream_name":"stderr","time":401.421924778,"data":"\r[features] val:  79%|███████▊  | 1033/1313 [00:24\u003c00:07, 38.06clip/s]\r[features] val:  79%|███████▉  | 1038/1313 [00:25\u003c00:07, 36.30clip/s]\n"}
,{"stream_name":"stderr","time":401.531172759,"data":"\r[features] val:  79%|███████▉  | 1038/1313 [00:25\u003c00:07, 36.30clip/s]\r[features] val:  79%|███████▉  | 1043/1313 [00:25\u003c00:07, 38.54clip/s]\n"}
,{"stream_name":"stderr","time":401.637596668,"data":"\r[features] val:  79%|███████▉  | 1043/1313 [00:25\u003c00:07, 38.54clip/s]\r[features] val:  80%|███████▉  | 1048/1313 [00:25\u003c00:06, 40.71clip/s]\n"}
,{"stream_name":"stderr","time":401.761245187,"data":"\r[features] val:  80%|███████▉  | 1048/1313 [00:25\u003c00:06, 40.71clip/s]\r[features] val:  80%|████████  | 1054/1313 [00:25\u003c00:06, 43.12clip/s]\n"}
,{"stream_name":"stderr","time":401.898699409,"data":"\r[features] val:  80%|████████  | 1054/1313 [00:25\u003c00:06, 43.12clip/s]\r[features] val:  81%|████████  | 1059/1313 [00:25\u003c00:06, 40.95clip/s]\n"}
,{"stream_name":"stderr","time":402.000914363,"data":"\r[features] val:  81%|████████  | 1059/1313 [00:25\u003c00:06, 40.95clip/s]\r[features] val:  81%|████████  | 1064/1313 [00:25\u003c00:05, 42.86clip/s]\n"}
,{"stream_name":"stderr","time":402.119844125,"data":"\r[features] val:  81%|████████  | 1064/1313 [00:25\u003c00:05, 42.86clip/s]\r[features] val:  81%|████████▏ | 1069/1313 [00:25\u003c00:05, 42.79clip/s]\n"}
,{"stream_name":"stderr","time":402.22400115,"data":"\r[features] val:  81%|████████▏ | 1069/1313 [00:25\u003c00:05, 42.79clip/s]\r[features] val:  82%|████████▏ | 1074/1313 [00:25\u003c00:05, 44.32clip/s]\n"}
,{"stream_name":"stderr","time":402.472638353,"data":"\r[features] val:  82%|████████▏ | 1074/1313 [00:25\u003c00:05, 44.32clip/s]\r[features] val:  82%|████████▏ | 1079/1313 [00:26\u003c00:07, 32.53clip/s]\n"}
,{"stream_name":"stderr","time":402.583429639,"data":"\r[features] val:  82%|████████▏ | 1079/1313 [00:26\u003c00:07, 32.53clip/s]\r[features] val:  83%|████████▎ | 1084/1313 [00:26\u003c00:06, 35.62clip/s]\n"}
,{"stream_name":"stderr","time":402.682000603,"data":"\r[features] val:  83%|████████▎ | 1084/1313 [00:26\u003c00:06, 35.62clip/s]\r[features] val:  83%|████████▎ | 1089/1313 [00:26\u003c00:05, 38.90clip/s]\n"}
,{"stream_name":"stderr","time":402.814810448,"data":"\r[features] val:  83%|████████▎ | 1089/1313 [00:26\u003c00:05, 38.90clip/s]\r[features] val:  83%|████████▎ | 1094/1313 [00:26\u003c00:05, 38.59clip/s]\n"}
,{"stream_name":"stderr","time":402.939698314,"data":"\r[features] val:  83%|████████▎ | 1094/1313 [00:26\u003c00:05, 38.59clip/s]\r[features] val:  84%|████████▎ | 1099/1313 [00:26\u003c00:05, 38.92clip/s]\n"}
,{"stream_name":"stderr","time":403.147185635,"data":"\r[features] val:  84%|████████▎ | 1099/1313 [00:26\u003c00:05, 38.92clip/s]\r[features] val:  84%|████████▍ | 1104/1313 [00:26\u003c00:06, 32.86clip/s]\n"}
,{"stream_name":"stderr","time":403.256573925,"data":"\r[features] val:  84%|████████▍ | 1104/1313 [00:26\u003c00:06, 32.86clip/s]\r[features] val:  84%|████████▍ | 1109/1313 [00:26\u003c00:05, 35.88clip/s]\n"}
,{"stream_name":"stderr","time":403.359157885,"data":"\r[features] val:  84%|████████▍ | 1109/1313 [00:26\u003c00:05, 35.88clip/s]\r[features] val:  85%|████████▍ | 1113/1313 [00:27\u003c00:05, 36.63clip/s]\n"}
,{"stream_name":"stderr","time":403.480323385,"data":"\r[features] val:  85%|████████▍ | 1113/1313 [00:27\u003c00:05, 36.63clip/s]\r[features] val:  85%|████████▌ | 1118/1313 [00:27\u003c00:05, 38.03clip/s]\n"}
,{"stream_name":"stderr","time":403.593895313,"data":"\r[features] val:  85%|████████▌ | 1118/1313 [00:27\u003c00:05, 38.03clip/s]\r[features] val:  86%|████████▌ | 1123/1313 [00:27\u003c00:04, 39.66clip/s]\n"}
,{"stream_name":"stderr","time":403.704825983,"data":"\r[features] val:  86%|████████▌ | 1123/1313 [00:27\u003c00:04, 39.66clip/s]\r[features] val:  86%|████████▌ | 1128/1313 [00:27\u003c00:04, 41.14clip/s]\n"}
,{"stream_name":"stderr","time":403.822098507,"data":"\r[features] val:  86%|████████▌ | 1128/1313 [00:27\u003c00:04, 41.14clip/s]\r[features] val:  86%|████████▋ | 1133/1313 [00:27\u003c00:04, 41.61clip/s]\n"}
,{"stream_name":"stderr","time":403.9305812,"data":"\r[features] val:  86%|████████▋ | 1133/1313 [00:27\u003c00:04, 41.61clip/s]\r[features] val:  87%|████████▋ | 1138/1313 [00:27\u003c00:04, 42.87clip/s]\n"}
,{"stream_name":"stderr","time":404.082416238,"data":"\r[features] val:  87%|████████▋ | 1138/1313 [00:27\u003c00:04, 42.87clip/s]\r[features] val:  87%|████████▋ | 1143/1313 [00:27\u003c00:04, 39.28clip/s]\n"}
,{"stream_name":"stderr","time":404.195835016,"data":"\r[features] val:  87%|████████▋ | 1143/1313 [00:27\u003c00:04, 39.28clip/s]\r[features] val:  87%|████████▋ | 1148/1313 [00:27\u003c00:04, 40.60clip/s]\n"}
,{"stream_name":"stderr","time":404.316080309,"data":"\r[features] val:  87%|████████▋ | 1148/1313 [00:27\u003c00:04, 40.60clip/s]\r[features] val:  88%|████████▊ | 1154/1313 [00:27\u003c00:03, 43.38clip/s]\n"}
,{"stream_name":"stderr","time":404.425258587,"data":"\r[features] val:  88%|████████▊ | 1154/1313 [00:27\u003c00:03, 43.38clip/s]\r[features] val:  88%|████████▊ | 1159/1313 [00:28\u003c00:03, 44.07clip/s]\n"}
,{"stream_name":"stderr","time":404.534188991,"data":"\r[features] val:  88%|████████▊ | 1159/1313 [00:28\u003c00:03, 44.07clip/s]\r[features] val:  89%|████████▊ | 1164/1313 [00:28\u003c00:03, 44.59clip/s]\n"}
,{"stream_name":"stderr","time":404.660005652,"data":"\r[features] val:  89%|████████▊ | 1164/1313 [00:28\u003c00:03, 44.59clip/s]\r[features] val:  89%|████████▉ | 1169/1313 [00:28\u003c00:03, 43.05clip/s]\n"}
,{"stream_name":"stderr","time":404.765688058,"data":"\r[features] val:  89%|████████▉ | 1169/1313 [00:28\u003c00:03, 43.05clip/s]\r[features] val:  89%|████████▉ | 1174/1313 [00:28\u003c00:03, 44.24clip/s]\n"}
,{"stream_name":"stderr","time":404.879927652,"data":"\r[features] val:  89%|████████▉ | 1174/1313 [00:28\u003c00:03, 44.24clip/s]\r[features] val:  90%|████████▉ | 1179/1313 [00:28\u003c00:03, 44.08clip/s]\n"}
,{"stream_name":"stderr","time":404.998721279,"data":"\r[features] val:  90%|████████▉ | 1179/1313 [00:28\u003c00:03, 44.08clip/s]\r[features] val:  90%|█████████ | 1184/1313 [00:28\u003c00:02, 43.48clip/s]\n"}
,{"stream_name":"stderr","time":405.113740572,"data":"\r[features] val:  90%|█████████ | 1184/1313 [00:28\u003c00:02, 43.48clip/s]\r[features] val:  91%|█████████ | 1189/1313 [00:28\u003c00:02, 43.44clip/s]\n"}
,{"stream_name":"stderr","time":405.241260371,"data":"\r[features] val:  91%|█████████ | 1189/1313 [00:28\u003c00:02, 43.44clip/s]\r[features] val:  91%|█████████ | 1194/1313 [00:28\u003c00:02, 42.11clip/s]\n"}
,{"stream_name":"stderr","time":405.349204986,"data":"\r[features] val:  91%|█████████ | 1194/1313 [00:28\u003c00:02, 42.11clip/s]\r[features] val:  91%|█████████▏| 1199/1313 [00:29\u003c00:02, 43.27clip/s]\n"}
,{"stream_name":"stderr","time":405.459064635,"data":"\r[features] val:  91%|█████████▏| 1199/1313 [00:29\u003c00:02, 43.27clip/s]\r[features] val:  92%|█████████▏| 1204/1313 [00:29\u003c00:02, 43.95clip/s]\n"}
,{"stream_name":"stderr","time":405.558667037,"data":"\r[features] val:  92%|█████████▏| 1204/1313 [00:29\u003c00:02, 43.95clip/s]\r[features] val:  92%|█████████▏| 1209/1313 [00:29\u003c00:02, 45.60clip/s]\n"}
,{"stream_name":"stderr","time":405.673217363,"data":"\r[features] val:  92%|█████████▏| 1209/1313 [00:29\u003c00:02, 45.60clip/s]\r[features] val:  92%|█████████▏| 1214/1313 [00:29\u003c00:02, 45.00clip/s]\n"}
,{"stream_name":"stderr","time":405.779539234,"data":"\r[features] val:  92%|█████████▏| 1214/1313 [00:29\u003c00:02, 45.00clip/s]\r[features] val:  93%|█████████▎| 1219/1313 [00:29\u003c00:02, 45.93clip/s]\n"}
,{"stream_name":"stderr","time":405.880365151,"data":"\r[features] val:  93%|█████████▎| 1219/1313 [00:29\u003c00:02, 45.93clip/s]\r[features] val:  93%|█████████▎| 1224/1313 [00:29\u003c00:01, 46.74clip/s]\n"}
,{"stream_name":"stderr","time":405.9862321,"data":"\r[features] val:  93%|█████████▎| 1224/1313 [00:29\u003c00:01, 46.74clip/s]\r[features] val:  94%|█████████▎| 1229/1313 [00:29\u003c00:01, 46.81clip/s]\n"}
,{"stream_name":"stderr","time":406.094846743,"data":"\r[features] val:  94%|█████████▎| 1229/1313 [00:29\u003c00:01, 46.81clip/s]\r[features] val:  94%|█████████▍| 1234/1313 [00:29\u003c00:01, 46.60clip/s]\n"}
,{"stream_name":"stderr","time":406.217454781,"data":"\r[features] val:  94%|█████████▍| 1234/1313 [00:29\u003c00:01, 46.60clip/s]\r[features] val:  94%|█████████▍| 1239/1313 [00:29\u003c00:01, 44.62clip/s]\n"}
,{"stream_name":"stderr","time":406.338529579,"data":"\r[features] val:  94%|█████████▍| 1239/1313 [00:29\u003c00:01, 44.62clip/s]\r[features] val:  95%|█████████▍| 1244/1313 [00:30\u003c00:01, 43.59clip/s]\n"}
,{"stream_name":"stderr","time":406.505024704,"data":"\r[features] val:  95%|█████████▍| 1244/1313 [00:30\u003c00:01, 43.59clip/s]\r[features] val:  95%|█████████▌| 1249/1313 [00:30\u003c00:01, 38.65clip/s]\n"}
,{"stream_name":"stderr","time":406.610932413,"data":"\r[features] val:  95%|█████████▌| 1249/1313 [00:30\u003c00:01, 38.65clip/s]\r[features] val:  95%|█████████▌| 1253/1313 [00:30\u003c00:01, 38.16clip/s]\n"}
,{"stream_name":"stderr","time":406.73072122,"data":"\r[features] val:  95%|█████████▌| 1253/1313 [00:30\u003c00:01, 38.16clip/s]\r[features] val:  96%|█████████▌| 1258/1313 [00:30\u003c00:01, 39.25clip/s]\n"}
,{"stream_name":"stderr","time":406.836630418,"data":"\r[features] val:  96%|█████████▌| 1258/1313 [00:30\u003c00:01, 39.25clip/s]\r[features] val:  96%|█████████▌| 1263/1313 [00:30\u003c00:01, 41.43clip/s]\n"}
,{"stream_name":"stderr","time":406.959263067,"data":"\r[features] val:  96%|█████████▌| 1263/1313 [00:30\u003c00:01, 41.43clip/s]\r[features] val:  97%|█████████▋| 1268/1313 [00:30\u003c00:01, 41.14clip/s]\n"}
,{"stream_name":"stderr","time":407.070514803,"data":"\r[features] val:  97%|█████████▋| 1268/1313 [00:30\u003c00:01, 41.14clip/s]\r[features] val:  97%|█████████▋| 1273/1313 [00:30\u003c00:00, 42.24clip/s]\n"}
,{"stream_name":"stderr","time":407.177751278,"data":"\r[features] val:  97%|█████████▋| 1273/1313 [00:30\u003c00:00, 42.24clip/s]\r[features] val:  97%|█████████▋| 1278/1313 [00:30\u003c00:00, 43.51clip/s]\n"}
,{"stream_name":"stderr","time":407.310589605,"data":"\r[features] val:  97%|█████████▋| 1278/1313 [00:30\u003c00:00, 43.51clip/s]\r[features] val:  98%|█████████▊| 1283/1313 [00:30\u003c00:00, 41.54clip/s]\n"}
,{"stream_name":"stderr","time":407.4245646,"data":"\r[features] val:  98%|█████████▊| 1283/1313 [00:30\u003c00:00, 41.54clip/s]\r[features] val:  98%|█████████▊| 1288/1313 [00:31\u003c00:00, 42.20clip/s]\n"}
,{"stream_name":"stderr","time":407.530181142,"data":"\r[features] val:  98%|█████████▊| 1288/1313 [00:31\u003c00:00, 42.20clip/s]\r[features] val:  98%|█████████▊| 1293/1313 [00:31\u003c00:00, 43.64clip/s]\n"}
,{"stream_name":"stderr","time":407.639978075,"data":"\r[features] val:  98%|█████████▊| 1293/1313 [00:31\u003c00:00, 43.64clip/s]\r[features] val:  99%|█████████▉| 1298/1313 [00:31\u003c00:00, 44.20clip/s]\n"}
,{"stream_name":"stderr","time":407.754885202,"data":"\r[features] val:  99%|█████████▉| 1298/1313 [00:31\u003c00:00, 44.20clip/s]\r[features] val:  99%|█████████▉| 1303/1313 [00:31\u003c00:00, 43.96clip/s]\n"}
,{"stream_name":"stderr","time":407.862674871,"data":"\r[features] val:  99%|█████████▉| 1303/1313 [00:31\u003c00:00, 43.96clip/s]\r[features] val: 100%|█████████▉| 1308/1313 [00:31\u003c00:00, 44.63clip/s]\n"}
,{"stream_name":"stderr","time":407.988733783,"data":"\r[features] val: 100%|█████████▉| 1308/1313 [00:31\u003c00:00, 44.63clip/s]\r[features] val: 100%|██████████| 1313/1313 [00:31\u003c00:00, 43.03clip/s]\n"}
,{"stream_name":"stderr","time":407.99247789,"data":"\r[features] val: 100%|██████████| 1313/1313 [00:31\u003c00:00, 43.03clip/s]\r[features] val: 100%|██████████| 1313/1313 [00:31\u003c00:00, 41.48clip/s]\n"}
,{"stream_name":"stderr","time":408.063686194,"data":"\r[features] val: 100%|██████████| 1313/1313 [00:31\u003c00:00, 41.48clip/s]\n"}
,{"stream_name":"stderr","time":408.063722228,"data":"\n"}
,{"stream_name":"stderr","time":408.064029905,"data":"\n"}
,{"stream_name":"stdout","time":408.514321205,"data":"[features] cached -\u003e /kaggle/working/features_cache_leaky/val_7eca6e9b386d171a.npz  (mfcc (1313, 2160), zcr (1313, 108), rmse (1313, 108))\n"}
,{"stream_name":"stderr","time":408.515324789,"data":"\r[features] test:   0%|          | 0/3281 [00:00\u003c?, ?clip/s]\n"}
,{"stream_name":"stderr","time":408.631501704,"data":"\r[features] test:   0%|          | 0/3281 [00:00\u003c?, ?clip/s]\r[features] test:   0%|          | 6/3281 [00:00\u003c01:02, 52.00clip/s]\n"}
,{"stream_name":"stderr","time":408.754956557,"data":"\r[features] test:   0%|          | 6/3281 [00:00\u003c01:02, 52.00clip/s]\r[features] test:   0%|          | 12/3281 [00:00\u003c01:04, 50.52clip/s]\n"}
,{"stream_name":"stderr","time":408.889376931,"data":"\r[features] test:   0%|          | 12/3281 [00:00\u003c01:04, 50.52clip/s]\r[features] test:   1%|          | 18/3281 [00:00\u003c01:09, 47.19clip/s]\n"}
,{"stream_name":"stderr","time":409.00200316,"data":"\r[features] test:   1%|          | 18/3281 [00:00\u003c01:09, 47.19clip/s]\r[features] test:   1%|          | 23/3281 [00:00\u003c01:09, 46.64clip/s]\n"}
,{"stream_name":"stderr","time":409.121747509,"data":"\r[features] test:   1%|          | 23/3281 [00:00\u003c01:09, 46.64clip/s]\r[features] test:   1%|          | 28/3281 [00:00\u003c01:13, 44.49clip/s]\n"}
,{"stream_name":"stderr","time":409.239363409,"data":"\r[features] test:   1%|          | 28/3281 [00:00\u003c01:13, 44.49clip/s]\r[features] test:   1%|          | 33/3281 [00:00\u003c01:14, 43.87clip/s]\n"}
,{"stream_name":"stderr","time":409.344160724,"data":"\r[features] test:   1%|          | 33/3281 [00:00\u003c01:14, 43.87clip/s]\r[features] test:   1%|          | 38/3281 [00:00\u003c01:12, 44.94clip/s]\n"}
,{"stream_name":"stderr","time":409.462611833,"data":"\r[features] test:   1%|          | 38/3281 [00:00\u003c01:12, 44.94clip/s]\r[features] test:   1%|▏         | 44/3281 [00:00\u003c01:09, 46.80clip/s]\n"}
,{"stream_name":"stderr","time":409.572914001,"data":"\r[features] test:   1%|▏         | 44/3281 [00:00\u003c01:09, 46.80clip/s]\r[features] test:   1%|▏         | 49/3281 [00:01\u003c01:09, 46.32clip/s]\n"}
,{"stream_name":"stderr","time":409.693849922,"data":"\r[features] test:   1%|▏         | 49/3281 [00:01\u003c01:09, 46.32clip/s]\r[features] test:   2%|▏         | 54/3281 [00:01\u003c01:12, 44.75clip/s]\n"}
,{"stream_name":"stderr","time":409.808553078,"data":"\r[features] test:   2%|▏         | 54/3281 [00:01\u003c01:12, 44.75clip/s]\r[features] test:   2%|▏         | 59/3281 [00:01\u003c01:12, 44.48clip/s]\n"}
,{"stream_name":"stderr","time":409.917483718,"data":"\r[features] test:   2%|▏         | 59/3281 [00:01\u003c01:12, 44.48clip/s]\r[features] test:   2%|▏         | 64/3281 [00:01\u003c01:11, 44.82clip/s]\n"}
,{"stream_name":"stderr","time":410.040858246,"data":"\r[features] test:   2%|▏         | 64/3281 [00:01\u003c01:11, 44.82clip/s]\r[features] test:   2%|▏         | 69/3281 [00:01\u003c01:13, 43.44clip/s]\n"}
,{"stream_name":"stderr","time":410.166382236,"data":"\r[features] test:   2%|▏         | 69/3281 [00:01\u003c01:13, 43.44clip/s]\r[features] test:   2%|▏         | 75/3281 [00:01\u003c01:11, 44.81clip/s]\n"}
,{"stream_name":"stderr","time":410.27308191,"data":"\r[features] test:   2%|▏         | 75/3281 [00:01\u003c01:11, 44.81clip/s]\r[features] test:   2%|▏         | 80/3281 [00:01\u003c01:10, 45.38clip/s]\n"}
,{"stream_name":"stderr","time":410.393766298,"data":"\r[features] test:   2%|▏         | 80/3281 [00:01\u003c01:10, 45.38clip/s]\r[features] test:   3%|▎         | 86/3281 [00:01\u003c01:08, 46.72clip/s]\n"}
,{"stream_name":"stderr","time":410.527659345,"data":"\r[features] test:   3%|▎         | 86/3281 [00:01\u003c01:08, 46.72clip/s]\r[features] test:   3%|▎         | 91/3281 [00:02\u003c01:13, 43.68clip/s]\n"}
,{"stream_name":"stderr","time":410.668987728,"data":"\r[features] test:   3%|▎         | 91/3281 [00:02\u003c01:13, 43.68clip/s]\r[features] test:   3%|▎         | 96/3281 [00:02\u003c01:17, 40.92clip/s]\n"}
,{"stream_name":"stderr","time":410.802152999,"data":"\r[features] test:   3%|▎         | 96/3281 [00:02\u003c01:17, 40.92clip/s]\r[features] test:   3%|▎         | 101/3281 [00:02\u003c01:19, 39.86clip/s]\n"}
,{"stream_name":"stderr","time":410.943568909,"data":"\r[features] test:   3%|▎         | 101/3281 [00:02\u003c01:19, 39.86clip/s]\r[features] test:   3%|▎         | 106/3281 [00:02\u003c01:22, 38.55clip/s]\n"}
,{"stream_name":"stderr","time":411.062577443,"data":"\r[features] test:   3%|▎         | 106/3281 [00:02\u003c01:22, 38.55clip/s]\r[features] test:   3%|▎         | 111/3281 [00:02\u003c01:19, 39.64clip/s]\n"}
,{"stream_name":"stderr","time":411.188920282,"data":"\r[features] test:   3%|▎         | 111/3281 [00:02\u003c01:19, 39.64clip/s]\r[features] test:   4%|▎         | 117/3281 [00:02\u003c01:15, 41.86clip/s]\n"}
,{"stream_name":"stderr","time":411.326714672,"data":"\r[features] test:   4%|▎         | 117/3281 [00:02\u003c01:15, 41.86clip/s]\r[features] test:   4%|▎         | 122/3281 [00:02\u003c01:18, 40.08clip/s]\n"}
,{"stream_name":"stderr","time":411.431303603,"data":"\r[features] test:   4%|▎         | 122/3281 [00:02\u003c01:18, 40.08clip/s]\r[features] test:   4%|▍         | 127/3281 [00:02\u003c01:15, 41.88clip/s]\n"}
,{"stream_name":"stderr","time":411.538605316,"data":"\r[features] test:   4%|▍         | 127/3281 [00:02\u003c01:15, 41.88clip/s]\r[features] test:   4%|▍         | 132/3281 [00:03\u003c01:12, 43.29clip/s]\n"}
,{"stream_name":"stderr","time":411.641354836,"data":"\r[features] test:   4%|▍         | 132/3281 [00:03\u003c01:12, 43.29clip/s]\r[features] test:   4%|▍         | 137/3281 [00:03\u003c01:10, 44.63clip/s]\n"}
,{"stream_name":"stderr","time":411.74951562,"data":"\r[features] test:   4%|▍         | 137/3281 [00:03\u003c01:10, 44.63clip/s]\r[features] test:   4%|▍         | 142/3281 [00:03\u003c01:09, 45.08clip/s]\n"}
,{"stream_name":"stderr","time":411.853390152,"data":"\r[features] test:   4%|▍         | 142/3281 [00:03\u003c01:09, 45.08clip/s]\r[features] test:   4%|▍         | 147/3281 [00:03\u003c01:08, 45.99clip/s]\n"}
,{"stream_name":"stderr","time":411.966947298,"data":"\r[features] test:   4%|▍         | 147/3281 [00:03\u003c01:08, 45.99clip/s]\r[features] test:   5%|▍         | 152/3281 [00:03\u003c01:08, 45.49clip/s]\n"}
,{"stream_name":"stderr","time":412.07564912,"data":"\r[features] test:   5%|▍         | 152/3281 [00:03\u003c01:08, 45.49clip/s]\r[features] test:   5%|▍         | 157/3281 [00:03\u003c01:08, 45.53clip/s]\n"}
,{"stream_name":"stderr","time":412.186432467,"data":"\r[features] test:   5%|▍         | 157/3281 [00:03\u003c01:08, 45.53clip/s]\r[features] test:   5%|▍         | 162/3281 [00:03\u003c01:08, 45.54clip/s]\n"}
,{"stream_name":"stderr","time":412.307435873,"data":"\r[features] test:   5%|▍         | 162/3281 [00:03\u003c01:08, 45.54clip/s]\r[features] test:   5%|▌         | 168/3281 [00:03\u003c01:06, 46.89clip/s]\n"}
,{"stream_name":"stderr","time":412.427600684,"data":"\r[features] test:   5%|▌         | 168/3281 [00:03\u003c01:06, 46.89clip/s]\r[features] test:   5%|▌         | 173/3281 [00:03\u003c01:08, 45.12clip/s]\n"}
,{"stream_name":"stderr","time":412.544758387,"data":"\r[features] test:   5%|▌         | 173/3281 [00:03\u003c01:08, 45.12clip/s]\r[features] test:   5%|▌         | 178/3281 [00:04\u003c01:09, 44.54clip/s]\n"}
,{"stream_name":"stderr","time":412.650693477,"data":"\r[features] test:   5%|▌         | 178/3281 [00:04\u003c01:09, 44.54clip/s]\r[features] test:   6%|▌         | 183/3281 [00:04\u003c01:08, 45.04clip/s]\n"}
,{"stream_name":"stderr","time":412.802049998,"data":"\r[features] test:   6%|▌         | 183/3281 [00:04\u003c01:08, 45.04clip/s]\r[features] test:   6%|▌         | 188/3281 [00:04\u003c01:15, 40.72clip/s]\n"}
,{"stream_name":"stderr","time":412.908929179,"data":"\r[features] test:   6%|▌         | 188/3281 [00:04\u003c01:15, 40.72clip/s]\r[features] test:   6%|▌         | 193/3281 [00:04\u003c01:12, 42.34clip/s]\n"}
,{"stream_name":"stderr","time":413.08800171,"data":"\r[features] test:   6%|▌         | 193/3281 [00:04\u003c01:12, 42.34clip/s]\r[features] test:   6%|▌         | 199/3281 [00:04\u003c01:19, 38.88clip/s]\n"}
,{"stream_name":"stderr","time":413.193423286,"data":"\r[features] test:   6%|▌         | 199/3281 [00:04\u003c01:19, 38.88clip/s]\r[features] test:   6%|▌         | 204/3281 [00:04\u003c01:15, 40.97clip/s]\n"}
,{"stream_name":"stderr","time":413.309721315,"data":"\r[features] test:   6%|▌         | 204/3281 [00:04\u003c01:15, 40.97clip/s]\r[features] test:   6%|▋         | 209/3281 [00:04\u003c01:13, 41.52clip/s]\n"}
,{"stream_name":"stderr","time":413.425528999,"data":"\r[features] test:   6%|▋         | 209/3281 [00:04\u003c01:13, 41.52clip/s]\r[features] test:   7%|▋         | 214/3281 [00:04\u003c01:13, 41.98clip/s]\n"}
,{"stream_name":"stderr","time":413.528694425,"data":"\r[features] test:   7%|▋         | 214/3281 [00:04\u003c01:13, 41.98clip/s]\r[features] test:   7%|▋         | 219/3281 [00:05\u003c01:10, 43.72clip/s]\n"}
,{"stream_name":"stderr","time":413.641327776,"data":"\r[features] test:   7%|▋         | 219/3281 [00:05\u003c01:10, 43.72clip/s]\r[features] test:   7%|▋         | 225/3281 [00:05\u003c01:05, 46.57clip/s]\n"}
,{"stream_name":"stderr","time":413.750964503,"data":"\r[features] test:   7%|▋         | 225/3281 [00:05\u003c01:05, 46.57clip/s]\r[features] test:   7%|▋         | 230/3281 [00:05\u003c01:05, 46.26clip/s]\n"}
,{"stream_name":"stderr","time":413.866192185,"data":"\r[features] test:   7%|▋         | 230/3281 [00:05\u003c01:05, 46.26clip/s]\r[features] test:   7%|▋         | 236/3281 [00:05\u003c01:03, 48.02clip/s]\n"}
,{"stream_name":"stderr","time":413.981276479,"data":"\r[features] test:   7%|▋         | 236/3281 [00:05\u003c01:03, 48.02clip/s]\r[features] test:   7%|▋         | 242/3281 [00:05\u003c01:01, 49.26clip/s]\n"}
,{"stream_name":"stderr","time":414.108733492,"data":"\r[features] test:   7%|▋         | 242/3281 [00:05\u003c01:01, 49.26clip/s]\r[features] test:   8%|▊         | 248/3281 [00:05\u003c01:02, 48.61clip/s]\n"}
,{"stream_name":"stderr","time":414.24014951,"data":"\r[features] test:   8%|▊         | 248/3281 [00:05\u003c01:02, 48.61clip/s]\r[features] test:   8%|▊         | 254/3281 [00:05\u003c01:03, 47.58clip/s]\n"}
,{"stream_name":"stderr","time":414.364611079,"data":"\r[features] test:   8%|▊         | 254/3281 [00:05\u003c01:03, 47.58clip/s]\r[features] test:   8%|▊         | 259/3281 [00:05\u003c01:06, 45.35clip/s]\n"}
,{"stream_name":"stderr","time":414.501745689,"data":"\r[features] test:   8%|▊         | 259/3281 [00:05\u003c01:06, 45.35clip/s]\r[features] test:   8%|▊         | 264/3281 [00:05\u003c01:10, 42.60clip/s]\n"}
,{"stream_name":"stderr","time":414.656753694,"data":"\r[features] test:   8%|▊         | 264/3281 [00:05\u003c01:10, 42.60clip/s]\r[features] test:   8%|▊         | 269/3281 [00:06\u003c01:17, 38.97clip/s]\n"}
,{"stream_name":"stderr","time":414.760227145,"data":"\r[features] test:   8%|▊         | 269/3281 [00:06\u003c01:17, 38.97clip/s]\r[features] test:   8%|▊         | 274/3281 [00:06\u003c01:12, 41.24clip/s]\n"}
,{"stream_name":"stderr","time":414.863495433,"data":"\r[features] test:   8%|▊         | 274/3281 [00:06\u003c01:12, 41.24clip/s]\r[features] test:   9%|▊         | 279/3281 [00:06\u003c01:09, 43.09clip/s]\n"}
,{"stream_name":"stderr","time":414.971959154,"data":"\r[features] test:   9%|▊         | 279/3281 [00:06\u003c01:09, 43.09clip/s]\r[features] test:   9%|▊         | 284/3281 [00:06\u003c01:08, 43.94clip/s]\n"}
,{"stream_name":"stderr","time":415.080241186,"data":"\r[features] test:   9%|▊         | 284/3281 [00:06\u003c01:08, 43.94clip/s]\r[features] test:   9%|▉         | 289/3281 [00:06\u003c01:07, 44.58clip/s]\n"}
,{"stream_name":"stderr","time":415.473892876,"data":"\r[features] test:   9%|▉         | 289/3281 [00:06\u003c01:07, 44.58clip/s]\r[features] test:   9%|▉         | 294/3281 [00:06\u003c01:06, 44.62clip/s]\n"}
,{"stream_name":"stderr","time":415.475359147,"data":"\r[features] test:   9%|▉         | 294/3281 [00:06\u003c01:06, 44.62clip/s]\r[features] test:   9%|▉         | 299/3281 [00:06\u003c01:16, 39.05clip/s]\n"}
,{"stream_name":"stderr","time":415.520334885,"data":"\r[features] test:   9%|▉         | 299/3281 [00:06\u003c01:16, 39.05clip/s]\r[features] test:   9%|▉         | 304/3281 [00:07\u003c01:22, 36.12clip/s]\n"}
,{"stream_name":"stderr","time":415.648732367,"data":"\r[features] test:   9%|▉         | 304/3281 [00:07\u003c01:22, 36.12clip/s]\r[features] test:   9%|▉         | 310/3281 [00:07\u003c01:15, 39.15clip/s]\n"}
,{"stream_name":"stderr","time":415.758026246,"data":"\r[features] test:   9%|▉         | 310/3281 [00:07\u003c01:15, 39.15clip/s]\r[features] test:  10%|▉         | 315/3281 [00:07\u003c01:12, 40.92clip/s]\n"}
,{"stream_name":"stderr","time":415.881626609,"data":"\r[features] test:  10%|▉         | 315/3281 [00:07\u003c01:12, 40.92clip/s]\r[features] test:  10%|▉         | 321/3281 [00:07\u003c01:08, 43.11clip/s]\n"}
,{"stream_name":"stderr","time":415.986273907,"data":"\r[features] test:  10%|▉         | 321/3281 [00:07\u003c01:08, 43.11clip/s]\r[features] test:  10%|▉         | 326/3281 [00:07\u003c01:06, 44.29clip/s]\n"}
,{"stream_name":"stderr","time":416.09737615,"data":"\r[features] test:  10%|▉         | 326/3281 [00:07\u003c01:06, 44.29clip/s]\r[features] test:  10%|█         | 331/3281 [00:07\u003c01:06, 44.51clip/s]\n"}
,{"stream_name":"stderr","time":416.217013454,"data":"\r[features] test:  10%|█         | 331/3281 [00:07\u003c01:06, 44.51clip/s]\r[features] test:  10%|█         | 336/3281 [00:07\u003c01:07, 43.66clip/s]\n"}
,{"stream_name":"stderr","time":416.31967265,"data":"\r[features] test:  10%|█         | 336/3281 [00:07\u003c01:07, 43.66clip/s]\r[features] test:  10%|█         | 341/3281 [00:07\u003c01:05, 45.10clip/s]\n"}
,{"stream_name":"stderr","time":416.445387476,"data":"\r[features] test:  10%|█         | 341/3281 [00:07\u003c01:05, 45.10clip/s]\r[features] test:  11%|█         | 346/3281 [00:07\u003c01:07, 43.34clip/s]\n"}
,{"stream_name":"stderr","time":416.562508486,"data":"\r[features] test:  11%|█         | 346/3281 [00:07\u003c01:07, 43.34clip/s]\r[features] test:  11%|█         | 351/3281 [00:08\u003c01:07, 43.17clip/s]\n"}
,{"stream_name":"stderr","time":416.700372279,"data":"\r[features] test:  11%|█         | 351/3281 [00:08\u003c01:07, 43.17clip/s]\r[features] test:  11%|█         | 356/3281 [00:08\u003c01:11, 40.80clip/s]\n"}
,{"stream_name":"stderr","time":416.809653571,"data":"\r[features] test:  11%|█         | 356/3281 [00:08\u003c01:11, 40.80clip/s]\r[features] test:  11%|█         | 361/3281 [00:08\u003c01:09, 42.16clip/s]\n"}
,{"stream_name":"stderr","time":416.920264823,"data":"\r[features] test:  11%|█         | 361/3281 [00:08\u003c01:09, 42.16clip/s]\r[features] test:  11%|█         | 366/3281 [00:08\u003c01:07, 43.06clip/s]\n"}
,{"stream_name":"stderr","time":417.113478853,"data":"\r[features] test:  11%|█         | 366/3281 [00:08\u003c01:07, 43.06clip/s]\r[features] test:  11%|█▏        | 371/3281 [00:08\u003c01:20, 35.95clip/s]\n"}
,{"stream_name":"stderr","time":417.218844351,"data":"\r[features] test:  11%|█▏        | 371/3281 [00:08\u003c01:20, 35.95clip/s]\r[features] test:  11%|█▏        | 375/3281 [00:08\u003c01:19, 36.42clip/s]\n"}
,{"stream_name":"stderr","time":417.329586987,"data":"\r[features] test:  11%|█▏        | 375/3281 [00:08\u003c01:19, 36.42clip/s]\r[features] test:  12%|█▏        | 380/3281 [00:08\u003c01:14, 38.78clip/s]\n"}
,{"stream_name":"stderr","time":417.431665758,"data":"\r[features] test:  12%|█▏        | 380/3281 [00:08\u003c01:14, 38.78clip/s]\r[features] test:  12%|█▏        | 385/3281 [00:08\u003c01:09, 41.47clip/s]\n"}
,{"stream_name":"stderr","time":417.536426566,"data":"\r[features] test:  12%|█▏        | 385/3281 [00:08\u003c01:09, 41.47clip/s]\r[features] test:  12%|█▏        | 390/3281 [00:09\u003c01:07, 43.13clip/s]\n"}
,{"stream_name":"stderr","time":417.698623039,"data":"\r[features] test:  12%|█▏        | 390/3281 [00:09\u003c01:07, 43.13clip/s]\r[features] test:  12%|█▏        | 395/3281 [00:09\u003c01:14, 38.52clip/s]\n"}
,{"stream_name":"stderr","time":417.80101816,"data":"\r[features] test:  12%|█▏        | 395/3281 [00:09\u003c01:14, 38.52clip/s]\r[features] test:  12%|█▏        | 400/3281 [00:09\u003c01:10, 41.15clip/s]\n"}
,{"stream_name":"stderr","time":417.920303489,"data":"\r[features] test:  12%|█▏        | 400/3281 [00:09\u003c01:10, 41.15clip/s]\r[features] test:  12%|█▏        | 405/3281 [00:09\u003c01:09, 41.35clip/s]\n"}
,{"stream_name":"stderr","time":418.035640422,"data":"\r[features] test:  12%|█▏        | 405/3281 [00:09\u003c01:09, 41.35clip/s]\r[features] test:  12%|█▏        | 410/3281 [00:09\u003c01:08, 41.96clip/s]\n"}
,{"stream_name":"stderr","time":418.148270666,"data":"\r[features] test:  12%|█▏        | 410/3281 [00:09\u003c01:08, 41.96clip/s]\r[features] test:  13%|█▎        | 415/3281 [00:09\u003c01:07, 42.62clip/s]\n"}
,{"stream_name":"stderr","time":418.35842335,"data":"\r[features] test:  13%|█▎        | 415/3281 [00:09\u003c01:07, 42.62clip/s]\r[features] test:  13%|█▎        | 420/3281 [00:09\u003c01:23, 34.44clip/s]\n"}
,{"stream_name":"stderr","time":418.473475779,"data":"\r[features] test:  13%|█▎        | 420/3281 [00:09\u003c01:23, 34.44clip/s]\r[features] test:  13%|█▎        | 425/3281 [00:09\u003c01:17, 36.72clip/s]\n"}
,{"stream_name":"stderr","time":418.62018061,"data":"\r[features] test:  13%|█▎        | 425/3281 [00:09\u003c01:17, 36.72clip/s]\r[features] test:  13%|█▎        | 429/3281 [00:10\u003c01:24, 33.75clip/s]\n"}
,{"stream_name":"stderr","time":418.723371994,"data":"\r[features] test:  13%|█▎        | 429/3281 [00:10\u003c01:24, 33.75clip/s]\r[features] test:  13%|█▎        | 434/3281 [00:10\u003c01:16, 37.25clip/s]\n"}
,{"stream_name":"stderr","time":418.826015746,"data":"\r[features] test:  13%|█▎        | 434/3281 [00:10\u003c01:16, 37.25clip/s]\r[features] test:  13%|█▎        | 439/3281 [00:10\u003c01:10, 40.23clip/s]\n"}
,{"stream_name":"stderr","time":418.943122165,"data":"\r[features] test:  13%|█▎        | 439/3281 [00:10\u003c01:10, 40.23clip/s]\r[features] test:  14%|█▎        | 445/3281 [00:10\u003c01:05, 43.42clip/s]\n"}
,{"stream_name":"stderr","time":419.136348053,"data":"\r[features] test:  14%|█▎        | 445/3281 [00:10\u003c01:05, 43.42clip/s]\r[features] test:  14%|█▎        | 450/3281 [00:10\u003c01:18, 36.28clip/s]\n"}
,{"stream_name":"stderr","time":419.246119938,"data":"\r[features] test:  14%|█▎        | 450/3281 [00:10\u003c01:18, 36.28clip/s]\r[features] test:  14%|█▍        | 455/3281 [00:10\u003c01:13, 38.58clip/s]\n"}
,{"stream_name":"stderr","time":419.356912604,"data":"\r[features] test:  14%|█▍        | 455/3281 [00:10\u003c01:13, 38.58clip/s]\r[features] test:  14%|█▍        | 460/3281 [00:10\u003c01:09, 40.32clip/s]\n"}
,{"stream_name":"stderr","time":419.482475878,"data":"\r[features] test:  14%|█▍        | 460/3281 [00:10\u003c01:09, 40.32clip/s]\r[features] test:  14%|█▍        | 465/3281 [00:10\u003c01:10, 40.10clip/s]\n"}
,{"stream_name":"stderr","time":419.597664302,"data":"\r[features] test:  14%|█▍        | 465/3281 [00:10\u003c01:10, 40.10clip/s]\r[features] test:  14%|█▍        | 470/3281 [00:11\u003c01:08, 41.09clip/s]\n"}
,{"stream_name":"stderr","time":419.803465673,"data":"\r[features] test:  14%|█▍        | 470/3281 [00:11\u003c01:08, 41.09clip/s]\r[features] test:  14%|█▍        | 475/3281 [00:11\u003c01:22, 34.07clip/s]\n"}
,{"stream_name":"stderr","time":419.930694189,"data":"\r[features] test:  14%|█▍        | 475/3281 [00:11\u003c01:22, 34.07clip/s]\r[features] test:  15%|█▍        | 481/3281 [00:11\u003c01:14, 37.62clip/s]\n"}
,{"stream_name":"stderr","time":420.037972533,"data":"\r[features] test:  15%|█▍        | 481/3281 [00:11\u003c01:14, 37.62clip/s]\r[features] test:  15%|█▍        | 486/3281 [00:11\u003c01:10, 39.77clip/s]\n"}
,{"stream_name":"stderr","time":420.138864245,"data":"\r[features] test:  15%|█▍        | 486/3281 [00:11\u003c01:10, 39.77clip/s]\r[features] test:  15%|█▍        | 491/3281 [00:11\u003c01:06, 42.19clip/s]\n"}
,{"stream_name":"stderr","time":420.239910218,"data":"\r[features] test:  15%|█▍        | 491/3281 [00:11\u003c01:06, 42.19clip/s]\r[features] test:  15%|█▌        | 496/3281 [00:11\u003c01:03, 44.09clip/s]\n"}
,{"stream_name":"stderr","time":420.361378291,"data":"\r[features] test:  15%|█▌        | 496/3281 [00:11\u003c01:03, 44.09clip/s]\r[features] test:  15%|█▌        | 501/3281 [00:11\u003c01:04, 43.25clip/s]\n"}
,{"stream_name":"stderr","time":420.468588929,"data":"\r[features] test:  15%|█▌        | 501/3281 [00:11\u003c01:04, 43.25clip/s]\r[features] test:  15%|█▌        | 506/3281 [00:11\u003c01:02, 44.11clip/s]\n"}
,{"stream_name":"stderr","time":420.570733754,"data":"\r[features] test:  15%|█▌        | 506/3281 [00:11\u003c01:02, 44.11clip/s]\r[features] test:  16%|█▌        | 511/3281 [00:12\u003c01:00, 45.49clip/s]\n"}
,{"stream_name":"stderr","time":420.686600557,"data":"\r[features] test:  16%|█▌        | 511/3281 [00:12\u003c01:00, 45.49clip/s]\r[features] test:  16%|█▌        | 516/3281 [00:12\u003c01:01, 44.77clip/s]\n"}
,{"stream_name":"stderr","time":420.798683374,"data":"\r[features] test:  16%|█▌        | 516/3281 [00:12\u003c01:01, 44.77clip/s]\r[features] test:  16%|█▌        | 521/3281 [00:12\u003c01:01, 44.69clip/s]\n"}
,{"stream_name":"stderr","time":420.927794521,"data":"\r[features] test:  16%|█▌        | 521/3281 [00:12\u003c01:01, 44.69clip/s]\r[features] test:  16%|█▌        | 526/3281 [00:12\u003c01:04, 42.96clip/s]\n"}
,{"stream_name":"stderr","time":421.039705521,"data":"\r[features] test:  16%|█▌        | 526/3281 [00:12\u003c01:04, 42.96clip/s]\r[features] test:  16%|█▌        | 531/3281 [00:12\u003c01:03, 43.36clip/s]\n"}
,{"stream_name":"stderr","time":421.14091446,"data":"\r[features] test:  16%|█▌        | 531/3281 [00:12\u003c01:03, 43.36clip/s]\r[features] test:  16%|█▋        | 536/3281 [00:12\u003c01:01, 44.92clip/s]\n"}
,{"stream_name":"stderr","time":421.316572312,"data":"\r[features] test:  16%|█▋        | 536/3281 [00:12\u003c01:01, 44.92clip/s]\r[features] test:  16%|█▋        | 541/3281 [00:12\u003c01:11, 38.28clip/s]\n"}
,{"stream_name":"stderr","time":421.422776791,"data":"\r[features] test:  16%|█▋        | 541/3281 [00:12\u003c01:11, 38.28clip/s]\r[features] test:  17%|█▋        | 546/3281 [00:12\u003c01:07, 40.71clip/s]\n"}
,{"stream_name":"stderr","time":421.528809992,"data":"\r[features] test:  17%|█▋        | 546/3281 [00:12\u003c01:07, 40.71clip/s]\r[features] test:  17%|█▋        | 551/3281 [00:13\u003c01:04, 42.26clip/s]\n"}
,{"stream_name":"stderr","time":421.646897667,"data":"\r[features] test:  17%|█▋        | 551/3281 [00:13\u003c01:04, 42.26clip/s]\r[features] test:  17%|█▋        | 556/3281 [00:13\u003c01:03, 42.60clip/s]\n"}
,{"stream_name":"stderr","time":421.764230242,"data":"\r[features] test:  17%|█▋        | 556/3281 [00:13\u003c01:03, 42.60clip/s]\r[features] test:  17%|█▋        | 562/3281 [00:13\u003c01:00, 44.83clip/s]\n"}
,{"stream_name":"stderr","time":421.890171933,"data":"\r[features] test:  17%|█▋        | 562/3281 [00:13\u003c01:00, 44.83clip/s]\r[features] test:  17%|█▋        | 567/3281 [00:13\u003c01:02, 43.22clip/s]\n"}
,{"stream_name":"stderr","time":422.013175501,"data":"\r[features] test:  17%|█▋        | 567/3281 [00:13\u003c01:02, 43.22clip/s]\r[features] test:  17%|█▋        | 572/3281 [00:13\u003c01:03, 42.45clip/s]\n"}
,{"stream_name":"stderr","time":422.127773411,"data":"\r[features] test:  17%|█▋        | 572/3281 [00:13\u003c01:03, 42.45clip/s]\r[features] test:  18%|█▊        | 577/3281 [00:13\u003c01:03, 42.91clip/s]\n"}
,{"stream_name":"stderr","time":422.23076804,"data":"\r[features] test:  18%|█▊        | 577/3281 [00:13\u003c01:03, 42.91clip/s]\r[features] test:  18%|█▊        | 582/3281 [00:13\u003c01:00, 44.58clip/s]\n"}
,{"stream_name":"stderr","time":422.34444552,"data":"\r[features] test:  18%|█▊        | 582/3281 [00:13\u003c01:00, 44.58clip/s]\r[features] test:  18%|█▊        | 587/3281 [00:13\u003c01:01, 44.15clip/s]\n"}
,{"stream_name":"stderr","time":422.466826055,"data":"\r[features] test:  18%|█▊        | 587/3281 [00:13\u003c01:01, 44.15clip/s]\r[features] test:  18%|█▊        | 593/3281 [00:13\u003c00:58, 45.78clip/s]\n"}
,{"stream_name":"stderr","time":422.571031841,"data":"\r[features] test:  18%|█▊        | 593/3281 [00:13\u003c00:58, 45.78clip/s]\r[features] test:  18%|█▊        | 598/3281 [00:14\u003c00:57, 46.44clip/s]\n"}
,{"stream_name":"stderr","time":422.682605459,"data":"\r[features] test:  18%|█▊        | 598/3281 [00:14\u003c00:57, 46.44clip/s]\r[features] test:  18%|█▊        | 603/3281 [00:14\u003c00:58, 45.78clip/s]\n"}
,{"stream_name":"stderr","time":422.812943902,"data":"\r[features] test:  18%|█▊        | 603/3281 [00:14\u003c00:58, 45.78clip/s]\r[features] test:  19%|█▊        | 608/3281 [00:14\u003c01:01, 43.60clip/s]\n"}
,{"stream_name":"stderr","time":422.917768317,"data":"\r[features] test:  19%|█▊        | 608/3281 [00:14\u003c01:01, 43.60clip/s]\r[features] test:  19%|█▊        | 613/3281 [00:14\u003c01:00, 44.45clip/s]\n"}
,{"stream_name":"stderr","time":423.028036942,"data":"\r[features] test:  19%|█▊        | 613/3281 [00:14\u003c01:00, 44.45clip/s]\r[features] test:  19%|█▉        | 618/3281 [00:14\u003c00:59, 44.74clip/s]\n"}
,{"stream_name":"stderr","time":423.149018578,"data":"\r[features] test:  19%|█▉        | 618/3281 [00:14\u003c00:59, 44.74clip/s]\r[features] test:  19%|█▉        | 623/3281 [00:14\u003c01:00, 43.62clip/s]\n"}
,{"stream_name":"stderr","time":423.262377838,"data":"\r[features] test:  19%|█▉        | 623/3281 [00:14\u003c01:00, 43.62clip/s]\r[features] test:  19%|█▉        | 628/3281 [00:14\u003c01:00, 43.77clip/s]\n"}
,{"stream_name":"stderr","time":423.38039817,"data":"\r[features] test:  19%|█▉        | 628/3281 [00:14\u003c01:00, 43.77clip/s]\r[features] test:  19%|█▉        | 633/3281 [00:14\u003c01:01, 43.34clip/s]\n"}
,{"stream_name":"stderr","time":423.50332771,"data":"\r[features] test:  19%|█▉        | 633/3281 [00:14\u003c01:01, 43.34clip/s]\r[features] test:  19%|█▉        | 638/3281 [00:14\u003c01:02, 42.54clip/s]\n"}
,{"stream_name":"stderr","time":423.608251016,"data":"\r[features] test:  19%|█▉        | 638/3281 [00:14\u003c01:02, 42.54clip/s]\r[features] test:  20%|█▉        | 643/3281 [00:15\u003c01:00, 43.93clip/s]\n"}
,{"stream_name":"stderr","time":423.717603332,"data":"\r[features] test:  20%|█▉        | 643/3281 [00:15\u003c01:00, 43.93clip/s]\r[features] test:  20%|█▉        | 648/3281 [00:15\u003c00:59, 44.44clip/s]\n"}
,{"stream_name":"stderr","time":423.835154009,"data":"\r[features] test:  20%|█▉        | 648/3281 [00:15\u003c00:59, 44.44clip/s]\r[features] test:  20%|█▉        | 653/3281 [00:15\u003c00:59, 43.82clip/s]\n"}
,{"stream_name":"stderr","time":423.942466615,"data":"\r[features] test:  20%|█▉        | 653/3281 [00:15\u003c00:59, 43.82clip/s]\r[features] test:  20%|██        | 658/3281 [00:15\u003c00:58, 44.73clip/s]\n"}
,{"stream_name":"stderr","time":424.053696135,"data":"\r[features] test:  20%|██        | 658/3281 [00:15\u003c00:58, 44.73clip/s]\r[features] test:  20%|██        | 663/3281 [00:15\u003c00:58, 44.75clip/s]\n"}
,{"stream_name":"stderr","time":424.156580417,"data":"\r[features] test:  20%|██        | 663/3281 [00:15\u003c00:58, 44.75clip/s]\r[features] test:  20%|██        | 668/3281 [00:15\u003c00:57, 45.80clip/s]\n"}
,{"stream_name":"stderr","time":424.27665321,"data":"\r[features] test:  20%|██        | 668/3281 [00:15\u003c00:57, 45.80clip/s]\r[features] test:  21%|██        | 674/3281 [00:15\u003c00:55, 47.22clip/s]\n"}
,{"stream_name":"stderr","time":424.381790285,"data":"\r[features] test:  21%|██        | 674/3281 [00:15\u003c00:55, 47.22clip/s]\r[features] test:  21%|██        | 679/3281 [00:15\u003c00:55, 47.20clip/s]\n"}
,{"stream_name":"stderr","time":424.490285312,"data":"\r[features] test:  21%|██        | 679/3281 [00:15\u003c00:55, 47.20clip/s]\r[features] test:  21%|██        | 684/3281 [00:15\u003c00:55, 46.86clip/s]\n"}
,{"stream_name":"stderr","time":424.601069344,"data":"\r[features] test:  21%|██        | 684/3281 [00:15\u003c00:55, 46.86clip/s]\r[features] test:  21%|██        | 689/3281 [00:16\u003c00:55, 46.36clip/s]\n"}
,{"stream_name":"stderr","time":424.724629538,"data":"\r[features] test:  21%|██        | 689/3281 [00:16\u003c00:55, 46.36clip/s]\r[features] test:  21%|██        | 694/3281 [00:16\u003c00:58, 44.45clip/s]\n"}
,{"stream_name":"stderr","time":424.835930595,"data":"\r[features] test:  21%|██        | 694/3281 [00:16\u003c00:58, 44.45clip/s]\r[features] test:  21%|██▏       | 699/3281 [00:16\u003c00:57, 44.69clip/s]\n"}
,{"stream_name":"stderr","time":424.941534719,"data":"\r[features] test:  21%|██▏       | 699/3281 [00:16\u003c00:57, 44.69clip/s]\r[features] test:  21%|██▏       | 704/3281 [00:16\u003c00:56, 45.38clip/s]\n"}
,{"stream_name":"stderr","time":425.05284286,"data":"\r[features] test:  21%|██▏       | 704/3281 [00:16\u003c00:56, 45.38clip/s]\r[features] test:  22%|██▏       | 709/3281 [00:16\u003c00:56, 45.23clip/s]\n"}
,{"stream_name":"stderr","time":425.178000253,"data":"\r[features] test:  22%|██▏       | 709/3281 [00:16\u003c00:56, 45.23clip/s]\r[features] test:  22%|██▏       | 714/3281 [00:16\u003c00:58, 43.53clip/s]\n"}
,{"stream_name":"stderr","time":425.291724267,"data":"\r[features] test:  22%|██▏       | 714/3281 [00:16\u003c00:58, 43.53clip/s]\r[features] test:  22%|██▏       | 719/3281 [00:16\u003c00:58, 43.67clip/s]\n"}
,{"stream_name":"stderr","time":425.416478122,"data":"\r[features] test:  22%|██▏       | 719/3281 [00:16\u003c00:58, 43.67clip/s]\r[features] test:  22%|██▏       | 724/3281 [00:16\u003c01:00, 42.52clip/s]\n"}
,{"stream_name":"stderr","time":425.532002913,"data":"\r[features] test:  22%|██▏       | 724/3281 [00:16\u003c01:00, 42.52clip/s]\r[features] test:  22%|██▏       | 729/3281 [00:17\u003c00:59, 42.70clip/s]\n"}
,{"stream_name":"stderr","time":425.652637689,"data":"\r[features] test:  22%|██▏       | 729/3281 [00:17\u003c00:59, 42.70clip/s]\r[features] test:  22%|██▏       | 734/3281 [00:17\u003c01:00, 42.35clip/s]\n"}
,{"stream_name":"stderr","time":425.767635589,"data":"\r[features] test:  22%|██▏       | 734/3281 [00:17\u003c01:00, 42.35clip/s]\r[features] test:  23%|██▎       | 739/3281 [00:17\u003c00:59, 42.70clip/s]\n"}
,{"stream_name":"stderr","time":425.880609045,"data":"\r[features] test:  23%|██▎       | 739/3281 [00:17\u003c00:59, 42.70clip/s]\r[features] test:  23%|██▎       | 744/3281 [00:17\u003c00:58, 43.13clip/s]\n"}
,{"stream_name":"stderr","time":425.991204875,"data":"\r[features] test:  23%|██▎       | 744/3281 [00:17\u003c00:58, 43.13clip/s]\r[features] test:  23%|██▎       | 749/3281 [00:17\u003c00:57, 43.72clip/s]\n"}
,{"stream_name":"stderr","time":426.189882084,"data":"\r[features] test:  23%|██▎       | 749/3281 [00:17\u003c00:57, 43.72clip/s]\r[features] test:  23%|██▎       | 754/3281 [00:17\u003c01:10, 35.84clip/s]\n"}
,{"stream_name":"stderr","time":426.305485757,"data":"\r[features] test:  23%|██▎       | 754/3281 [00:17\u003c01:10, 35.84clip/s]\r[features] test:  23%|██▎       | 759/3281 [00:17\u003c01:06, 37.77clip/s]\n"}
,{"stream_name":"stderr","time":426.40949705,"data":"\r[features] test:  23%|██▎       | 759/3281 [00:17\u003c01:06, 37.77clip/s]\r[features] test:  23%|██▎       | 764/3281 [00:17\u003c01:02, 40.35clip/s]\n"}
,{"stream_name":"stderr","time":426.535825171,"data":"\r[features] test:  23%|██▎       | 764/3281 [00:17\u003c01:02, 40.35clip/s]\r[features] test:  23%|██▎       | 769/3281 [00:18\u003c01:02, 40.11clip/s]\n"}
,{"stream_name":"stderr","time":426.647871966,"data":"\r[features] test:  23%|██▎       | 769/3281 [00:18\u003c01:02, 40.11clip/s]\r[features] test:  24%|██▎       | 774/3281 [00:18\u003c01:00, 41.32clip/s]\n"}
,{"stream_name":"stderr","time":426.792428239,"data":"\r[features] test:  24%|██▎       | 774/3281 [00:18\u003c01:00, 41.32clip/s]\r[features] test:  24%|██▎       | 779/3281 [00:18\u003c01:04, 39.07clip/s]\n"}
,{"stream_name":"stderr","time":426.91814823,"data":"\r[features] test:  24%|██▎       | 779/3281 [00:18\u003c01:04, 39.07clip/s]\r[features] test:  24%|██▍       | 785/3281 [00:18\u003c00:59, 41.60clip/s]\n"}
,{"stream_name":"stderr","time":427.029213415,"data":"\r[features] test:  24%|██▍       | 785/3281 [00:18\u003c00:59, 41.60clip/s]\r[features] test:  24%|██▍       | 790/3281 [00:18\u003c00:58, 42.53clip/s]\n"}
,{"stream_name":"stderr","time":427.133068704,"data":"\r[features] test:  24%|██▍       | 790/3281 [00:18\u003c00:58, 42.53clip/s]\r[features] test:  24%|██▍       | 795/3281 [00:18\u003c00:56, 44.09clip/s]\n"}
,{"stream_name":"stderr","time":427.245017983,"data":"\r[features] test:  24%|██▍       | 795/3281 [00:18\u003c00:56, 44.09clip/s]\r[features] test:  24%|██▍       | 800/3281 [00:18\u003c00:56, 44.21clip/s]\n"}
,{"stream_name":"stderr","time":427.377019334,"data":"\r[features] test:  24%|██▍       | 800/3281 [00:18\u003c00:56, 44.21clip/s]\r[features] test:  25%|██▍       | 805/3281 [00:18\u003c00:58, 42.13clip/s]\n"}
,{"stream_name":"stderr","time":427.483370578,"data":"\r[features] test:  25%|██▍       | 805/3281 [00:18\u003c00:58, 42.13clip/s]\r[features] test:  25%|██▍       | 810/3281 [00:18\u003c00:56, 43.47clip/s]\n"}
,{"stream_name":"stderr","time":427.625230618,"data":"\r[features] test:  25%|██▍       | 810/3281 [00:18\u003c00:56, 43.47clip/s]\r[features] test:  25%|██▍       | 815/3281 [00:19\u003c01:00, 40.65clip/s]\n"}
,{"stream_name":"stderr","time":427.742696258,"data":"\r[features] test:  25%|██▍       | 815/3281 [00:19\u003c01:00, 40.65clip/s]\r[features] test:  25%|██▌       | 821/3281 [00:19\u003c00:56, 43.68clip/s]\n"}
,{"stream_name":"stderr","time":427.844458529,"data":"\r[features] test:  25%|██▌       | 821/3281 [00:19\u003c00:56, 43.68clip/s]\r[features] test:  25%|██▌       | 826/3281 [00:19\u003c00:54, 45.10clip/s]\n"}
,{"stream_name":"stderr","time":427.951448129,"data":"\r[features] test:  25%|██▌       | 826/3281 [00:19\u003c00:54, 45.10clip/s]\r[features] test:  25%|██▌       | 831/3281 [00:19\u003c00:53, 45.56clip/s]\n"}
,{"stream_name":"stderr","time":428.065948924,"data":"\r[features] test:  25%|██▌       | 831/3281 [00:19\u003c00:53, 45.56clip/s]\r[features] test:  25%|██▌       | 836/3281 [00:19\u003c00:54, 45.02clip/s]\n"}
,{"stream_name":"stderr","time":428.168196339,"data":"\r[features] test:  25%|██▌       | 836/3281 [00:19\u003c00:54, 45.02clip/s]\r[features] test:  26%|██▌       | 841/3281 [00:19\u003c00:52, 46.08clip/s]\n"}
,{"stream_name":"stderr","time":428.285075634,"data":"\r[features] test:  26%|██▌       | 841/3281 [00:19\u003c00:52, 46.08clip/s]\r[features] test:  26%|██▌       | 846/3281 [00:19\u003c00:54, 45.06clip/s]\n"}
,{"stream_name":"stderr","time":428.40632156,"data":"\r[features] test:  26%|██▌       | 846/3281 [00:19\u003c00:54, 45.06clip/s]\r[features] test:  26%|██▌       | 851/3281 [00:19\u003c00:55, 43.89clip/s]\n"}
,{"stream_name":"stderr","time":428.516684787,"data":"\r[features] test:  26%|██▌       | 851/3281 [00:19\u003c00:55, 43.89clip/s]\r[features] test:  26%|██▌       | 856/3281 [00:20\u003c00:54, 44.26clip/s]\n"}
,{"stream_name":"stderr","time":428.624994958,"data":"\r[features] test:  26%|██▌       | 856/3281 [00:20\u003c00:54, 44.26clip/s]\r[features] test:  26%|██▌       | 861/3281 [00:20\u003c00:53, 44.85clip/s]\n"}
,{"stream_name":"stderr","time":428.785909627,"data":"\r[features] test:  26%|██▌       | 861/3281 [00:20\u003c00:53, 44.85clip/s]\r[features] test:  26%|██▋       | 866/3281 [00:20\u003c01:00, 39.61clip/s]\n"}
,{"stream_name":"stderr","time":428.906656708,"data":"\r[features] test:  26%|██▋       | 866/3281 [00:20\u003c01:00, 39.61clip/s]\r[features] test:  27%|██▋       | 871/3281 [00:20\u003c01:00, 40.09clip/s]\n"}
,{"stream_name":"stderr","time":429.008933984,"data":"\r[features] test:  27%|██▋       | 871/3281 [00:20\u003c01:00, 40.09clip/s]\r[features] test:  27%|██▋       | 876/3281 [00:20\u003c00:56, 42.34clip/s]\n"}
,{"stream_name":"stderr","time":429.11957117,"data":"\r[features] test:  27%|██▋       | 876/3281 [00:20\u003c00:56, 42.34clip/s]\r[features] test:  27%|██▋       | 881/3281 [00:20\u003c00:55, 43.18clip/s]\n"}
,{"stream_name":"stderr","time":429.288232187,"data":"\r[features] test:  27%|██▋       | 881/3281 [00:20\u003c00:55, 43.18clip/s]\r[features] test:  27%|██▋       | 886/3281 [00:20\u003c01:03, 37.98clip/s]\n"}
,{"stream_name":"stderr","time":429.401675296,"data":"\r[features] test:  27%|██▋       | 886/3281 [00:20\u003c01:03, 37.98clip/s]\r[features] test:  27%|██▋       | 892/3281 [00:20\u003c00:56, 42.00clip/s]\n"}
,{"stream_name":"stderr","time":429.513801626,"data":"\r[features] test:  27%|██▋       | 892/3281 [00:20\u003c00:56, 42.00clip/s]\r[features] test:  27%|██▋       | 897/3281 [00:20\u003c00:55, 42.71clip/s]\n"}
,{"stream_name":"stderr","time":429.618593572,"data":"\r[features] test:  27%|██▋       | 897/3281 [00:20\u003c00:55, 42.71clip/s]\r[features] test:  27%|██▋       | 902/3281 [00:21\u003c00:53, 44.14clip/s]\n"}
,{"stream_name":"stderr","time":429.733917089,"data":"\r[features] test:  27%|██▋       | 902/3281 [00:21\u003c00:53, 44.14clip/s]\r[features] test:  28%|██▊       | 907/3281 [00:21\u003c00:54, 43.86clip/s]\n"}
,{"stream_name":"stderr","time":429.840001688,"data":"\r[features] test:  28%|██▊       | 907/3281 [00:21\u003c00:54, 43.86clip/s]\r[features] test:  28%|██▊       | 912/3281 [00:21\u003c00:52, 44.79clip/s]\n"}
,{"stream_name":"stderr","time":429.950961478,"data":"\r[features] test:  28%|██▊       | 912/3281 [00:21\u003c00:52, 44.79clip/s]\r[features] test:  28%|██▊       | 917/3281 [00:21\u003c00:52, 44.83clip/s]\n"}
,{"stream_name":"stderr","time":430.053757698,"data":"\r[features] test:  28%|██▊       | 917/3281 [00:21\u003c00:52, 44.83clip/s]\r[features] test:  28%|██▊       | 922/3281 [00:21\u003c00:51, 45.88clip/s]\n"}
,{"stream_name":"stderr","time":430.170587695,"data":"\r[features] test:  28%|██▊       | 922/3281 [00:21\u003c00:51, 45.88clip/s]\r[features] test:  28%|██▊       | 927/3281 [00:21\u003c00:52, 44.97clip/s]\n"}
,{"stream_name":"stderr","time":430.290599209,"data":"\r[features] test:  28%|██▊       | 927/3281 [00:21\u003c00:52, 44.97clip/s]\r[features] test:  28%|██▊       | 932/3281 [00:21\u003c00:53, 43.92clip/s]\n"}
,{"stream_name":"stderr","time":430.4108955,"data":"\r[features] test:  28%|██▊       | 932/3281 [00:21\u003c00:53, 43.92clip/s]\r[features] test:  29%|██▊       | 937/3281 [00:21\u003c00:54, 43.14clip/s]\n"}
,{"stream_name":"stderr","time":430.516190348,"data":"\r[features] test:  29%|██▊       | 937/3281 [00:21\u003c00:54, 43.14clip/s]\r[features] test:  29%|██▊       | 942/3281 [00:22\u003c00:52, 44.37clip/s]\n"}
,{"stream_name":"stderr","time":430.627744921,"data":"\r[features] test:  29%|██▊       | 942/3281 [00:22\u003c00:52, 44.37clip/s]\r[features] test:  29%|██▉       | 947/3281 [00:22\u003c00:52, 44.55clip/s]\n"}
,{"stream_name":"stderr","time":430.733853793,"data":"\r[features] test:  29%|██▉       | 947/3281 [00:22\u003c00:52, 44.55clip/s]\r[features] test:  29%|██▉       | 952/3281 [00:22\u003c00:51, 45.29clip/s]\n"}
,{"stream_name":"stderr","time":430.861598783,"data":"\r[features] test:  29%|██▉       | 952/3281 [00:22\u003c00:51, 45.29clip/s]\r[features] test:  29%|██▉       | 957/3281 [00:22\u003c00:53, 43.24clip/s]\n"}
,{"stream_name":"stderr","time":430.977753535,"data":"\r[features] test:  29%|██▉       | 957/3281 [00:22\u003c00:53, 43.24clip/s]\r[features] test:  29%|██▉       | 962/3281 [00:22\u003c00:53, 43.21clip/s]\n"}
,{"stream_name":"stderr","time":431.081343227,"data":"\r[features] test:  29%|██▉       | 962/3281 [00:22\u003c00:53, 43.21clip/s]\r[features] test:  29%|██▉       | 967/3281 [00:22\u003c00:51, 44.66clip/s]\n"}
,{"stream_name":"stderr","time":431.242206827,"data":"\r[features] test:  29%|██▉       | 967/3281 [00:22\u003c00:51, 44.66clip/s]\r[features] test:  30%|██▉       | 972/3281 [00:22\u003c00:58, 39.66clip/s]\n"}
,{"stream_name":"stderr","time":431.379603543,"data":"\r[features] test:  30%|██▉       | 972/3281 [00:22\u003c00:58, 39.66clip/s]\r[features] test:  30%|██▉       | 977/3281 [00:22\u003c01:00, 38.35clip/s]\n"}
,{"stream_name":"stderr","time":431.480215108,"data":"\r[features] test:  30%|██▉       | 977/3281 [00:22\u003c01:00, 38.35clip/s]\r[features] test:  30%|██▉       | 981/3281 [00:22\u003c00:59, 38.71clip/s]\n"}
,{"stream_name":"stderr","time":431.596741972,"data":"\r[features] test:  30%|██▉       | 981/3281 [00:22\u003c00:59, 38.71clip/s]\r[features] test:  30%|███       | 985/3281 [00:23\u003c01:01, 37.42clip/s]\n"}
,{"stream_name":"stderr","time":431.73305001,"data":"\r[features] test:  30%|███       | 985/3281 [00:23\u003c01:01, 37.42clip/s]\r[features] test:  30%|███       | 989/3281 [00:23\u003c01:05, 34.80clip/s]\n"}
,{"stream_name":"stderr","time":431.845256534,"data":"\r[features] test:  30%|███       | 989/3281 [00:23\u003c01:05, 34.80clip/s]\r[features] test:  30%|███       | 994/3281 [00:23\u003c01:00, 37.52clip/s]\n"}
,{"stream_name":"stderr","time":431.963658152,"data":"\r[features] test:  30%|███       | 994/3281 [00:23\u003c01:00, 37.52clip/s]\r[features] test:  30%|███       | 999/3281 [00:23\u003c00:58, 38.89clip/s]\n"}
,{"stream_name":"stderr","time":432.170271103,"data":"\r[features] test:  30%|███       | 999/3281 [00:23\u003c00:58, 38.89clip/s]\r[features] test:  31%|███       | 1003/3281 [00:23\u003c01:14, 30.65clip/s]\n"}
,{"stream_name":"stderr","time":432.272711537,"data":"\r[features] test:  31%|███       | 1003/3281 [00:23\u003c01:14, 30.65clip/s]\r[features] test:  31%|███       | 1007/3281 [00:23\u003c01:09, 32.57clip/s]\n"}
,{"stream_name":"stderr","time":432.373404532,"data":"\r[features] test:  31%|███       | 1007/3281 [00:23\u003c01:09, 32.57clip/s]\r[features] test:  31%|███       | 1011/3281 [00:23\u003c01:06, 34.29clip/s]\n"}
,{"stream_name":"stderr","time":432.473888332,"data":"\r[features] test:  31%|███       | 1011/3281 [00:23\u003c01:06, 34.29clip/s]\r[features] test:  31%|███       | 1016/3281 [00:23\u003c00:59, 38.30clip/s]\n"}
,{"stream_name":"stderr","time":432.602685219,"data":"\r[features] test:  31%|███       | 1016/3281 [00:23\u003c00:59, 38.30clip/s]\r[features] test:  31%|███       | 1022/3281 [00:24\u003c00:55, 40.96clip/s]\n"}
,{"stream_name":"stderr","time":432.718548793,"data":"\r[features] test:  31%|███       | 1022/3281 [00:24\u003c00:55, 40.96clip/s]\r[features] test:  31%|███▏      | 1027/3281 [00:24\u003c00:54, 41.67clip/s]\n"}
,{"stream_name":"stderr","time":432.835648886,"data":"\r[features] test:  31%|███▏      | 1027/3281 [00:24\u003c00:54, 41.67clip/s]\r[features] test:  31%|███▏      | 1032/3281 [00:24\u003c00:53, 41.93clip/s]\n"}
,{"stream_name":"stderr","time":432.956604726,"data":"\r[features] test:  31%|███▏      | 1032/3281 [00:24\u003c00:53, 41.93clip/s]\r[features] test:  32%|███▏      | 1037/3281 [00:24\u003c00:53, 41.76clip/s]\n"}
,{"stream_name":"stderr","time":433.185440084,"data":"\r[features] test:  32%|███▏      | 1037/3281 [00:24\u003c00:53, 41.76clip/s]\r[features] test:  32%|███▏      | 1042/3281 [00:24\u003c01:08, 32.76clip/s]\n"}
,{"stream_name":"stderr","time":433.292014082,"data":"\r[features] test:  32%|███▏      | 1042/3281 [00:24\u003c01:08, 32.76clip/s]\r[features] test:  32%|███▏      | 1047/3281 [00:24\u003c01:01, 36.04clip/s]\n"}
,{"stream_name":"stderr","time":433.396962593,"data":"\r[features] test:  32%|███▏      | 1047/3281 [00:24\u003c01:01, 36.04clip/s]\r[features] test:  32%|███▏      | 1052/3281 [00:24\u003c00:57, 38.89clip/s]\n"}
,{"stream_name":"stderr","time":433.510022798,"data":"\r[features] test:  32%|███▏      | 1052/3281 [00:24\u003c00:57, 38.89clip/s]\r[features] test:  32%|███▏      | 1057/3281 [00:24\u003c00:55, 40.33clip/s]\n"}
,{"stream_name":"stderr","time":433.630510278,"data":"\r[features] test:  32%|███▏      | 1057/3281 [00:24\u003c00:55, 40.33clip/s]\r[features] test:  32%|███▏      | 1063/3281 [00:25\u003c00:51, 43.13clip/s]\n"}
,{"stream_name":"stderr","time":433.733973871,"data":"\r[features] test:  32%|███▏      | 1063/3281 [00:25\u003c00:51, 43.13clip/s]\r[features] test:  33%|███▎      | 1068/3281 [00:25\u003c00:49, 44.47clip/s]\n"}
,{"stream_name":"stderr","time":433.837892106,"data":"\r[features] test:  33%|███▎      | 1068/3281 [00:25\u003c00:49, 44.47clip/s]\r[features] test:  33%|███▎      | 1073/3281 [00:25\u003c00:48, 45.57clip/s]\n"}
,{"stream_name":"stderr","time":433.941229438,"data":"\r[features] test:  33%|███▎      | 1073/3281 [00:25\u003c00:48, 45.57clip/s]\r[features] test:  33%|███▎      | 1078/3281 [00:25\u003c00:47, 46.31clip/s]\n"}
,{"stream_name":"stderr","time":434.04256288,"data":"\r[features] test:  33%|███▎      | 1078/3281 [00:25\u003c00:47, 46.31clip/s]\r[features] test:  33%|███▎      | 1083/3281 [00:25\u003c00:46, 47.17clip/s]\n"}
,{"stream_name":"stderr","time":434.174503816,"data":"\r[features] test:  33%|███▎      | 1083/3281 [00:25\u003c00:46, 47.17clip/s]\r[features] test:  33%|███▎      | 1089/3281 [00:25\u003c00:47, 46.58clip/s]\n"}
,{"stream_name":"stderr","time":434.371165966,"data":"\r[features] test:  33%|███▎      | 1089/3281 [00:25\u003c00:47, 46.58clip/s]\r[features] test:  33%|███▎      | 1094/3281 [00:25\u003c00:58, 37.63clip/s]\n"}
,{"stream_name":"stderr","time":434.528705162,"data":"\r[features] test:  33%|███▎      | 1094/3281 [00:25\u003c00:58, 37.63clip/s]\r[features] test:  33%|███▎      | 1099/3281 [00:26\u003c01:01, 35.69clip/s]\n"}
,{"stream_name":"stderr","time":434.657271908,"data":"\r[features] test:  33%|███▎      | 1099/3281 [00:26\u003c01:01, 35.69clip/s]\r[features] test:  34%|███▎      | 1103/3281 [00:26\u003c01:03, 34.45clip/s]\n"}
,{"stream_name":"stderr","time":434.871895666,"data":"\r[features] test:  34%|███▎      | 1103/3281 [00:26\u003c01:03, 34.45clip/s]\r[features] test:  34%|███▎      | 1107/3281 [00:26\u003c01:17, 28.20clip/s]\n"}
,{"stream_name":"stderr","time":434.994932135,"data":"\r[features] test:  34%|███▎      | 1107/3281 [00:26\u003c01:17, 28.20clip/s]\r[features] test:  34%|███▍      | 1111/3281 [00:26\u003c01:14, 29.24clip/s]\n"}
,{"stream_name":"stderr","time":435.104810987,"data":"\r[features] test:  34%|███▍      | 1111/3281 [00:26\u003c01:14, 29.24clip/s]\r[features] test:  34%|███▍      | 1116/3281 [00:26\u003c01:05, 33.09clip/s]\n"}
,{"stream_name":"stderr","time":435.253095962,"data":"\r[features] test:  34%|███▍      | 1116/3281 [00:26\u003c01:05, 33.09clip/s]\r[features] test:  34%|███▍      | 1120/3281 [00:26\u003c01:09, 31.20clip/s]\n"}
,{"stream_name":"stderr","time":435.385337467,"data":"\r[features] test:  34%|███▍      | 1120/3281 [00:26\u003c01:09, 31.20clip/s]\r[features] test:  34%|███▍      | 1124/3281 [00:26\u003c01:09, 30.91clip/s]\n"}
,{"stream_name":"stderr","time":435.491059315,"data":"\r[features] test:  34%|███▍      | 1124/3281 [00:26\u003c01:09, 30.91clip/s]\r[features] test:  34%|███▍      | 1128/3281 [00:26\u003c01:06, 32.61clip/s]\n"}
,{"stream_name":"stderr","time":435.609395208,"data":"\r[features] test:  34%|███▍      | 1128/3281 [00:26\u003c01:06, 32.61clip/s]\r[features] test:  35%|███▍      | 1133/3281 [00:27\u003c01:00, 35.31clip/s]\n"}
,{"stream_name":"stderr","time":435.722112465,"data":"\r[features] test:  35%|███▍      | 1133/3281 [00:27\u003c01:00, 35.31clip/s]\r[features] test:  35%|███▍      | 1138/3281 [00:27\u003c00:56, 37.87clip/s]\n"}
,{"stream_name":"stderr","time":435.846110219,"data":"\r[features] test:  35%|███▍      | 1138/3281 [00:27\u003c00:56, 37.87clip/s]\r[features] test:  35%|███▍      | 1143/3281 [00:27\u003c00:55, 38.65clip/s]\n"}
,{"stream_name":"stderr","time":435.956149363,"data":"\r[features] test:  35%|███▍      | 1143/3281 [00:27\u003c00:55, 38.65clip/s]\r[features] test:  35%|███▍      | 1148/3281 [00:27\u003c00:52, 40.47clip/s]\n"}
,{"stream_name":"stderr","time":436.124424821,"data":"\r[features] test:  35%|███▍      | 1148/3281 [00:27\u003c00:52, 40.47clip/s]\r[features] test:  35%|███▌      | 1153/3281 [00:27\u003c00:58, 36.41clip/s]\n"}
,{"stream_name":"stderr","time":436.242589753,"data":"\r[features] test:  35%|███▌      | 1153/3281 [00:27\u003c00:58, 36.41clip/s]\r[features] test:  35%|███▌      | 1158/3281 [00:27\u003c00:55, 38.05clip/s]\n"}
,{"stream_name":"stderr","time":436.3544293,"data":"\r[features] test:  35%|███▌      | 1158/3281 [00:27\u003c00:55, 38.05clip/s]\r[features] test:  35%|███▌      | 1162/3281 [00:27\u003c00:56, 37.39clip/s]\n"}
,{"stream_name":"stderr","time":436.470789092,"data":"\r[features] test:  35%|███▌      | 1162/3281 [00:27\u003c00:56, 37.39clip/s]\r[features] test:  36%|███▌      | 1167/3281 [00:27\u003c00:54, 39.00clip/s]\n"}
,{"stream_name":"stderr","time":436.582722442,"data":"\r[features] test:  36%|███▌      | 1167/3281 [00:27\u003c00:54, 39.00clip/s]\r[features] test:  36%|███▌      | 1171/3281 [00:28\u003c00:55, 38.12clip/s]\n"}
,{"stream_name":"stderr","time":436.707440838,"data":"\r[features] test:  36%|███▌      | 1171/3281 [00:28\u003c00:55, 38.12clip/s]\r[features] test:  36%|███▌      | 1177/3281 [00:28\u003c00:51, 41.19clip/s]\n"}
,{"stream_name":"stderr","time":436.851058604,"data":"\r[features] test:  36%|███▌      | 1177/3281 [00:28\u003c00:51, 41.19clip/s]\r[features] test:  36%|███▌      | 1182/3281 [00:28\u003c00:53, 39.04clip/s]\n"}
,{"stream_name":"stderr","time":436.9616908,"data":"\r[features] test:  36%|███▌      | 1182/3281 [00:28\u003c00:53, 39.04clip/s]\r[features] test:  36%|███▌      | 1187/3281 [00:28\u003c00:51, 40.75clip/s]\n"}
,{"stream_name":"stderr","time":437.070435396,"data":"\r[features] test:  36%|███▌      | 1187/3281 [00:28\u003c00:51, 40.75clip/s]\r[features] test:  36%|███▋      | 1192/3281 [00:28\u003c00:49, 42.14clip/s]\n"}
,{"stream_name":"stderr","time":437.200879977,"data":"\r[features] test:  36%|███▋      | 1192/3281 [00:28\u003c00:49, 42.14clip/s]\r[features] test:  36%|███▋      | 1197/3281 [00:28\u003c00:50, 40.93clip/s]\n"}
,{"stream_name":"stderr","time":437.307118182,"data":"\r[features] test:  36%|███▋      | 1197/3281 [00:28\u003c00:50, 40.93clip/s]\r[features] test:  37%|███▋      | 1202/3281 [00:28\u003c00:48, 42.59clip/s]\n"}
,{"stream_name":"stderr","time":437.416791363,"data":"\r[features] test:  37%|███▋      | 1202/3281 [00:28\u003c00:48, 42.59clip/s]\r[features] test:  37%|███▋      | 1207/3281 [00:28\u003c00:47, 43.45clip/s]\n"}
,{"stream_name":"stderr","time":437.54798092,"data":"\r[features] test:  37%|███▋      | 1207/3281 [00:28\u003c00:47, 43.45clip/s]\r[features] test:  37%|███▋      | 1212/3281 [00:29\u003c00:49, 41.72clip/s]\n"}
,{"stream_name":"stderr","time":437.653719811,"data":"\r[features] test:  37%|███▋      | 1212/3281 [00:29\u003c00:49, 41.72clip/s]\r[features] test:  37%|███▋      | 1217/3281 [00:29\u003c00:47, 43.22clip/s]\n"}
,{"stream_name":"stderr","time":437.768877575,"data":"\r[features] test:  37%|███▋      | 1217/3281 [00:29\u003c00:47, 43.22clip/s]\r[features] test:  37%|███▋      | 1222/3281 [00:29\u003c00:47, 43.30clip/s]\n"}
,{"stream_name":"stderr","time":437.886539876,"data":"\r[features] test:  37%|███▋      | 1222/3281 [00:29\u003c00:47, 43.30clip/s]\r[features] test:  37%|███▋      | 1227/3281 [00:29\u003c00:47, 43.02clip/s]\n"}
,{"stream_name":"stderr","time":438.043157739,"data":"\r[features] test:  37%|███▋      | 1227/3281 [00:29\u003c00:47, 43.02clip/s]\r[features] test:  38%|███▊      | 1232/3281 [00:29\u003c00:52, 38.98clip/s]\n"}
,{"stream_name":"stderr","time":438.151230839,"data":"\r[features] test:  38%|███▊      | 1232/3281 [00:29\u003c00:52, 38.98clip/s]\r[features] test:  38%|███▊      | 1237/3281 [00:29\u003c00:50, 40.88clip/s]\n"}
,{"stream_name":"stderr","time":438.26618711,"data":"\r[features] test:  38%|███▊      | 1237/3281 [00:29\u003c00:50, 40.88clip/s]\r[features] test:  38%|███▊      | 1243/3281 [00:29\u003c00:46, 44.17clip/s]\n"}
,{"stream_name":"stderr","time":438.367013846,"data":"\r[features] test:  38%|███▊      | 1243/3281 [00:29\u003c00:46, 44.17clip/s]\r[features] test:  38%|███▊      | 1248/3281 [00:29\u003c00:44, 45.66clip/s]\n"}
,{"stream_name":"stderr","time":438.468335499,"data":"\r[features] test:  38%|███▊      | 1248/3281 [00:29\u003c00:44, 45.66clip/s]\r[features] test:  38%|███▊      | 1253/3281 [00:29\u003c00:43, 46.62clip/s]\n"}
,{"stream_name":"stderr","time":438.585248149,"data":"\r[features] test:  38%|███▊      | 1253/3281 [00:29\u003c00:43, 46.62clip/s]\r[features] test:  38%|███▊      | 1258/3281 [00:30\u003c00:44, 45.40clip/s]\n"}
,{"stream_name":"stderr","time":438.798265214,"data":"\r[features] test:  38%|███▊      | 1258/3281 [00:30\u003c00:44, 45.40clip/s]\r[features] test:  38%|███▊      | 1263/3281 [00:30\u003c00:56, 35.58clip/s]\n"}
,{"stream_name":"stderr","time":438.930227136,"data":"\r[features] test:  38%|███▊      | 1263/3281 [00:30\u003c00:56, 35.58clip/s]\r[features] test:  39%|███▊      | 1267/3281 [00:30\u003c00:58, 34.21clip/s]\n"}
,{"stream_name":"stderr","time":439.031318678,"data":"\r[features] test:  39%|███▊      | 1267/3281 [00:30\u003c00:58, 34.21clip/s]\r[features] test:  39%|███▊      | 1271/3281 [00:30\u003c00:56, 35.35clip/s]\n"}
,{"stream_name":"stderr","time":439.134453665,"data":"\r[features] test:  39%|███▊      | 1271/3281 [00:30\u003c00:56, 35.35clip/s]\r[features] test:  39%|███▉      | 1276/3281 [00:30\u003c00:51, 38.71clip/s]\n"}
,{"stream_name":"stderr","time":439.241444933,"data":"\r[features] test:  39%|███▉      | 1276/3281 [00:30\u003c00:51, 38.71clip/s]\r[features] test:  39%|███▉      | 1281/3281 [00:30\u003c00:48, 40.88clip/s]\n"}
,{"stream_name":"stderr","time":439.365277895,"data":"\r[features] test:  39%|███▉      | 1281/3281 [00:30\u003c00:48, 40.88clip/s]\r[features] test:  39%|███▉      | 1286/3281 [00:30\u003c00:48, 40.99clip/s]\n"}
,{"stream_name":"stderr","time":439.469193754,"data":"\r[features] test:  39%|███▉      | 1286/3281 [00:30\u003c00:48, 40.99clip/s]\r[features] test:  39%|███▉      | 1291/3281 [00:30\u003c00:46, 42.74clip/s]\n"}
,{"stream_name":"stderr","time":439.582248058,"data":"\r[features] test:  39%|███▉      | 1291/3281 [00:30\u003c00:46, 42.74clip/s]\r[features] test:  40%|███▉      | 1296/3281 [00:31\u003c00:45, 43.18clip/s]\n"}
,{"stream_name":"stderr","time":439.689256732,"data":"\r[features] test:  40%|███▉      | 1296/3281 [00:31\u003c00:45, 43.18clip/s]\r[features] test:  40%|███▉      | 1301/3281 [00:31\u003c00:44, 44.24clip/s]\n"}
,{"stream_name":"stderr","time":439.809045668,"data":"\r[features] test:  40%|███▉      | 1301/3281 [00:31\u003c00:44, 44.24clip/s]\r[features] test:  40%|███▉      | 1306/3281 [00:31\u003c00:45, 43.35clip/s]\n"}
,{"stream_name":"stderr","time":439.928890117,"data":"\r[features] test:  40%|███▉      | 1306/3281 [00:31\u003c00:45, 43.35clip/s]\r[features] test:  40%|███▉      | 1311/3281 [00:31\u003c00:45, 42.86clip/s]\n"}
,{"stream_name":"stderr","time":440.038229803,"data":"\r[features] test:  40%|███▉      | 1311/3281 [00:31\u003c00:45, 42.86clip/s]\r[features] test:  40%|████      | 1316/3281 [00:31\u003c00:44, 43.67clip/s]\n"}
,{"stream_name":"stderr","time":440.150917965,"data":"\r[features] test:  40%|████      | 1316/3281 [00:31\u003c00:44, 43.67clip/s]\r[features] test:  40%|████      | 1321/3281 [00:31\u003c00:44, 43.88clip/s]\n"}
,{"stream_name":"stderr","time":440.284687589,"data":"\r[features] test:  40%|████      | 1321/3281 [00:31\u003c00:44, 43.88clip/s]\r[features] test:  40%|████      | 1326/3281 [00:31\u003c00:46, 41.76clip/s]\n"}
,{"stream_name":"stderr","time":440.388972974,"data":"\r[features] test:  40%|████      | 1326/3281 [00:31\u003c00:46, 41.76clip/s]\r[features] test:  41%|████      | 1331/3281 [00:31\u003c00:44, 43.41clip/s]\n"}
,{"stream_name":"stderr","time":440.503065459,"data":"\r[features] test:  41%|████      | 1331/3281 [00:31\u003c00:44, 43.41clip/s]\r[features] test:  41%|████      | 1336/3281 [00:31\u003c00:44, 43.51clip/s]\n"}
,{"stream_name":"stderr","time":440.60751026,"data":"\r[features] test:  41%|████      | 1336/3281 [00:31\u003c00:44, 43.51clip/s]\r[features] test:  41%|████      | 1341/3281 [00:32\u003c00:43, 44.83clip/s]\n"}
,{"stream_name":"stderr","time":440.708939917,"data":"\r[features] test:  41%|████      | 1341/3281 [00:32\u003c00:43, 44.83clip/s]\r[features] test:  41%|████      | 1346/3281 [00:32\u003c00:42, 45.94clip/s]\n"}
,{"stream_name":"stderr","time":440.867258126,"data":"\r[features] test:  41%|████      | 1346/3281 [00:32\u003c00:42, 45.94clip/s]\r[features] test:  41%|████      | 1351/3281 [00:32\u003c00:47, 40.46clip/s]\n"}
,{"stream_name":"stderr","time":440.990919064,"data":"\r[features] test:  41%|████      | 1351/3281 [00:32\u003c00:47, 40.46clip/s]\r[features] test:  41%|████▏     | 1356/3281 [00:32\u003c00:47, 40.45clip/s]\n"}
,{"stream_name":"stderr","time":441.09315546,"data":"\r[features] test:  41%|████▏     | 1356/3281 [00:32\u003c00:47, 40.45clip/s]\r[features] test:  41%|████▏     | 1361/3281 [00:32\u003c00:45, 42.66clip/s]\n"}
,{"stream_name":"stderr","time":441.248616387,"data":"\r[features] test:  41%|████▏     | 1361/3281 [00:32\u003c00:45, 42.66clip/s]\r[features] test:  42%|████▏     | 1366/3281 [00:32\u003c00:48, 39.09clip/s]\n"}
,{"stream_name":"stderr","time":441.371549447,"data":"\r[features] test:  42%|████▏     | 1366/3281 [00:32\u003c00:48, 39.09clip/s]\r[features] test:  42%|████▏     | 1371/3281 [00:32\u003c00:48, 39.53clip/s]\n"}
,{"stream_name":"stderr","time":441.624112308,"data":"\r[features] test:  42%|████▏     | 1371/3281 [00:32\u003c00:48, 39.53clip/s]\r[features] test:  42%|████▏     | 1376/3281 [00:33\u003c01:02, 30.30clip/s]\n"}
,{"stream_name":"stderr","time":441.747251942,"data":"\r[features] test:  42%|████▏     | 1376/3281 [00:33\u003c01:02, 30.30clip/s]\r[features] test:  42%|████▏     | 1381/3281 [00:33\u003c00:57, 32.82clip/s]\n"}
,{"stream_name":"stderr","time":441.852705487,"data":"\r[features] test:  42%|████▏     | 1381/3281 [00:33\u003c00:57, 32.82clip/s]\r[features] test:  42%|████▏     | 1386/3281 [00:33\u003c00:52, 36.11clip/s]\n"}
,{"stream_name":"stderr","time":441.98064007,"data":"\r[features] test:  42%|████▏     | 1386/3281 [00:33\u003c00:52, 36.11clip/s]\r[features] test:  42%|████▏     | 1390/3281 [00:33\u003c00:54, 34.77clip/s]\n"}
,{"stream_name":"stderr","time":442.08910254,"data":"\r[features] test:  42%|████▏     | 1390/3281 [00:33\u003c00:54, 34.77clip/s]\r[features] test:  43%|████▎     | 1395/3281 [00:33\u003c00:50, 37.67clip/s]\n"}
,{"stream_name":"stderr","time":442.189256223,"data":"\r[features] test:  43%|████▎     | 1395/3281 [00:33\u003c00:50, 37.67clip/s]\r[features] test:  43%|████▎     | 1399/3281 [00:33\u003c00:49, 38.23clip/s]\n"}
,{"stream_name":"stderr","time":442.301542355,"data":"\r[features] test:  43%|████▎     | 1399/3281 [00:33\u003c00:49, 38.23clip/s]\r[features] test:  43%|████▎     | 1404/3281 [00:33\u003c00:46, 40.04clip/s]\n"}
,{"stream_name":"stderr","time":442.409559825,"data":"\r[features] test:  43%|████▎     | 1404/3281 [00:33\u003c00:46, 40.04clip/s]\r[features] test:  43%|████▎     | 1409/3281 [00:33\u003c00:44, 41.82clip/s]\n"}
,{"stream_name":"stderr","time":442.616484975,"data":"\r[features] test:  43%|████▎     | 1409/3281 [00:33\u003c00:44, 41.82clip/s]\r[features] test:  43%|████▎     | 1414/3281 [00:34\u003c00:54, 34.12clip/s]\n"}
,{"stream_name":"stderr","time":442.724970336,"data":"\r[features] test:  43%|████▎     | 1414/3281 [00:34\u003c00:54, 34.12clip/s]\r[features] test:  43%|████▎     | 1419/3281 [00:34\u003c00:50, 37.08clip/s]\n"}
,{"stream_name":"stderr","time":442.863489436,"data":"\r[features] test:  43%|████▎     | 1419/3281 [00:34\u003c00:50, 37.08clip/s]\r[features] test:  43%|████▎     | 1424/3281 [00:34\u003c00:50, 36.74clip/s]\n"}
,{"stream_name":"stderr","time":442.967502675,"data":"\r[features] test:  43%|████▎     | 1424/3281 [00:34\u003c00:50, 36.74clip/s]\r[features] test:  44%|████▎     | 1429/3281 [00:34\u003c00:46, 39.65clip/s]\n"}
,{"stream_name":"stderr","time":443.079198761,"data":"\r[features] test:  44%|████▎     | 1429/3281 [00:34\u003c00:46, 39.65clip/s]\r[features] test:  44%|████▎     | 1434/3281 [00:34\u003c00:45, 41.00clip/s]\n"}
,{"stream_name":"stderr","time":443.194178127,"data":"\r[features] test:  44%|████▎     | 1434/3281 [00:34\u003c00:45, 41.00clip/s]\r[features] test:  44%|████▍     | 1439/3281 [00:34\u003c00:44, 41.77clip/s]\n"}
,{"stream_name":"stderr","time":443.316328907,"data":"\r[features] test:  44%|████▍     | 1439/3281 [00:34\u003c00:44, 41.77clip/s]\r[features] test:  44%|████▍     | 1444/3281 [00:34\u003c00:44, 41.48clip/s]\n"}
,{"stream_name":"stderr","time":443.423459232,"data":"\r[features] test:  44%|████▍     | 1444/3281 [00:34\u003c00:44, 41.48clip/s]\r[features] test:  44%|████▍     | 1449/3281 [00:34\u003c00:42, 42.86clip/s]\n"}
,{"stream_name":"stderr","time":443.530153881,"data":"\r[features] test:  44%|████▍     | 1449/3281 [00:34\u003c00:42, 42.86clip/s]\r[features] test:  44%|████▍     | 1454/3281 [00:35\u003c00:41, 44.03clip/s]\n"}
,{"stream_name":"stderr","time":443.638629257,"data":"\r[features] test:  44%|████▍     | 1454/3281 [00:35\u003c00:41, 44.03clip/s]\r[features] test:  44%|████▍     | 1459/3281 [00:35\u003c00:40, 44.62clip/s]\n"}
,{"stream_name":"stderr","time":443.813957371,"data":"\r[features] test:  44%|████▍     | 1459/3281 [00:35\u003c00:40, 44.62clip/s]\r[features] test:  45%|████▍     | 1464/3281 [00:35\u003c00:47, 38.16clip/s]\n"}
,{"stream_name":"stderr","time":443.922698347,"data":"\r[features] test:  45%|████▍     | 1464/3281 [00:35\u003c00:47, 38.16clip/s]\r[features] test:  45%|████▍     | 1469/3281 [00:35\u003c00:45, 40.20clip/s]\n"}
,{"stream_name":"stderr","time":444.034508835,"data":"\r[features] test:  45%|████▍     | 1469/3281 [00:35\u003c00:45, 40.20clip/s]\r[features] test:  45%|████▍     | 1474/3281 [00:35\u003c00:43, 41.46clip/s]\n"}
,{"stream_name":"stderr","time":444.141058663,"data":"\r[features] test:  45%|████▍     | 1474/3281 [00:35\u003c00:43, 41.46clip/s]\r[features] test:  45%|████▌     | 1479/3281 [00:35\u003c00:41, 42.96clip/s]\n"}
,{"stream_name":"stderr","time":444.248908475,"data":"\r[features] test:  45%|████▌     | 1479/3281 [00:35\u003c00:41, 42.96clip/s]\r[features] test:  45%|████▌     | 1484/3281 [00:35\u003c00:40, 43.98clip/s]\n"}
,{"stream_name":"stderr","time":444.420702518,"data":"\r[features] test:  45%|████▌     | 1484/3281 [00:35\u003c00:40, 43.98clip/s]\r[features] test:  45%|████▌     | 1489/3281 [00:35\u003c00:46, 38.14clip/s]\n"}
,{"stream_name":"stderr","time":444.54371143,"data":"\r[features] test:  45%|████▌     | 1489/3281 [00:35\u003c00:46, 38.14clip/s]\r[features] test:  46%|████▌     | 1494/3281 [00:36\u003c00:46, 38.78clip/s]\n"}
,{"stream_name":"stderr","time":444.669493108,"data":"\r[features] test:  46%|████▌     | 1494/3281 [00:36\u003c00:46, 38.78clip/s]\r[features] test:  46%|████▌     | 1500/3281 [00:36\u003c00:43, 41.41clip/s]\n"}
,{"stream_name":"stderr","time":444.787196084,"data":"\r[features] test:  46%|████▌     | 1500/3281 [00:36\u003c00:43, 41.41clip/s]\r[features] test:  46%|████▌     | 1505/3281 [00:36\u003c00:42, 41.80clip/s]\n"}
,{"stream_name":"stderr","time":444.902618644,"data":"\r[features] test:  46%|████▌     | 1505/3281 [00:36\u003c00:42, 41.80clip/s]\r[features] test:  46%|████▌     | 1510/3281 [00:36\u003c00:42, 42.16clip/s]\n"}
,{"stream_name":"stderr","time":445.0089523,"data":"\r[features] test:  46%|████▌     | 1510/3281 [00:36\u003c00:42, 42.16clip/s]\r[features] test:  46%|████▌     | 1515/3281 [00:36\u003c00:40, 43.48clip/s]\n"}
,{"stream_name":"stderr","time":445.128864257,"data":"\r[features] test:  46%|████▌     | 1515/3281 [00:36\u003c00:40, 43.48clip/s]\r[features] test:  46%|████▋     | 1521/3281 [00:36\u003c00:38, 45.55clip/s]\n"}
,{"stream_name":"stderr","time":445.235098048,"data":"\r[features] test:  46%|████▋     | 1521/3281 [00:36\u003c00:38, 45.55clip/s]\r[features] test:  47%|████▋     | 1526/3281 [00:36\u003c00:38, 45.96clip/s]\n"}
,{"stream_name":"stderr","time":445.360259244,"data":"\r[features] test:  47%|████▋     | 1526/3281 [00:36\u003c00:38, 45.96clip/s]\r[features] test:  47%|████▋     | 1531/3281 [00:36\u003c00:39, 44.00clip/s]\n"}
,{"stream_name":"stderr","time":445.836019049,"data":"\r[features] test:  47%|████▋     | 1531/3281 [00:36\u003c00:39, 44.00clip/s]\r[features] test:  47%|████▋     | 1536/3281 [00:36\u003c00:42, 41.18clip/s]\n"}
,{"stream_name":"stderr","time":445.837882848,"data":"\r[features] test:  47%|████▋     | 1536/3281 [00:36\u003c00:42, 41.18clip/s]\r[features] test:  47%|████▋     | 1541/3281 [00:37\u003c01:03, 27.23clip/s]\n"}
,{"stream_name":"stderr","time":445.934656197,"data":"\r[features] test:  47%|████▋     | 1541/3281 [00:37\u003c01:03, 27.23clip/s]\r[features] test:  47%|████▋     | 1546/3281 [00:37\u003c00:55, 31.36clip/s]\n"}
,{"stream_name":"stderr","time":446.05290521,"data":"\r[features] test:  47%|████▋     | 1546/3281 [00:37\u003c00:55, 31.36clip/s]\r[features] test:  47%|████▋     | 1550/3281 [00:37\u003c00:54, 31.98clip/s]\n"}
,{"stream_name":"stderr","time":446.164158273,"data":"\r[features] test:  47%|████▋     | 1550/3281 [00:37\u003c00:54, 31.98clip/s]\r[features] test:  47%|████▋     | 1555/3281 [00:37\u003c00:49, 35.13clip/s]\n"}
,{"stream_name":"stderr","time":446.279229262,"data":"\r[features] test:  47%|████▋     | 1555/3281 [00:37\u003c00:49, 35.13clip/s]\r[features] test:  48%|████▊     | 1560/3281 [00:37\u003c00:46, 37.32clip/s]\n"}
,{"stream_name":"stderr","time":446.41717447,"data":"\r[features] test:  48%|████▊     | 1560/3281 [00:37\u003c00:46, 37.32clip/s]\r[features] test:  48%|████▊     | 1565/3281 [00:37\u003c00:46, 36.99clip/s]\n"}
,{"stream_name":"stderr","time":446.530222562,"data":"\r[features] test:  48%|████▊     | 1565/3281 [00:37\u003c00:46, 36.99clip/s]\r[features] test:  48%|████▊     | 1569/3281 [00:38\u003c00:46, 36.62clip/s]\n"}
,{"stream_name":"stderr","time":446.641084677,"data":"\r[features] test:  48%|████▊     | 1569/3281 [00:38\u003c00:46, 36.62clip/s]\r[features] test:  48%|████▊     | 1574/3281 [00:38\u003c00:43, 38.85clip/s]\n"}
,{"stream_name":"stderr","time":446.758620948,"data":"\r[features] test:  48%|████▊     | 1574/3281 [00:38\u003c00:43, 38.85clip/s]\r[features] test:  48%|████▊     | 1580/3281 [00:38\u003c00:40, 42.48clip/s]\n"}
,{"stream_name":"stderr","time":446.877595589,"data":"\r[features] test:  48%|████▊     | 1580/3281 [00:38\u003c00:40, 42.48clip/s]\r[features] test:  48%|████▊     | 1585/3281 [00:38\u003c00:40, 42.35clip/s]\n"}
,{"stream_name":"stderr","time":446.998021165,"data":"\r[features] test:  48%|████▊     | 1585/3281 [00:38\u003c00:40, 42.35clip/s]\r[features] test:  48%|████▊     | 1591/3281 [00:38\u003c00:37, 44.60clip/s]\n"}
,{"stream_name":"stderr","time":447.114612392,"data":"\r[features] test:  48%|████▊     | 1591/3281 [00:38\u003c00:37, 44.60clip/s]\r[features] test:  49%|████▊     | 1597/3281 [00:38\u003c00:36, 46.53clip/s]\n"}
,{"stream_name":"stderr","time":447.242006581,"data":"\r[features] test:  49%|████▊     | 1597/3281 [00:38\u003c00:36, 46.53clip/s]\r[features] test:  49%|████▉     | 1602/3281 [00:38\u003c00:37, 44.23clip/s]\n"}
,{"stream_name":"stderr","time":447.343643097,"data":"\r[features] test:  49%|████▉     | 1602/3281 [00:38\u003c00:37, 44.23clip/s]\r[features] test:  49%|████▉     | 1607/3281 [00:38\u003c00:36, 45.56clip/s]\n"}
,{"stream_name":"stderr","time":447.542011124,"data":"\r[features] test:  49%|████▉     | 1607/3281 [00:38\u003c00:36, 45.56clip/s]\r[features] test:  49%|████▉     | 1612/3281 [00:39\u003c00:45, 37.00clip/s]\n"}
,{"stream_name":"stderr","time":447.651568082,"data":"\r[features] test:  49%|████▉     | 1612/3281 [00:39\u003c00:45, 37.00clip/s]\r[features] test:  49%|████▉     | 1617/3281 [00:39\u003c00:42, 39.15clip/s]\n"}
,{"stream_name":"stderr","time":447.850079952,"data":"\r[features] test:  49%|████▉     | 1617/3281 [00:39\u003c00:42, 39.15clip/s]\r[features] test:  49%|████▉     | 1622/3281 [00:39\u003c00:49, 33.64clip/s]\n"}
,{"stream_name":"stderr","time":447.956396879,"data":"\r[features] test:  49%|████▉     | 1622/3281 [00:39\u003c00:49, 33.64clip/s]\r[features] test:  50%|████▉     | 1627/3281 [00:39\u003c00:45, 36.72clip/s]\n"}
,{"stream_name":"stderr","time":448.072222392,"data":"\r[features] test:  50%|████▉     | 1627/3281 [00:39\u003c00:45, 36.72clip/s]\r[features] test:  50%|████▉     | 1632/3281 [00:39\u003c00:42, 38.45clip/s]\n"}
,{"stream_name":"stderr","time":448.193570371,"data":"\r[features] test:  50%|████▉     | 1632/3281 [00:39\u003c00:42, 38.45clip/s]\r[features] test:  50%|████▉     | 1637/3281 [00:39\u003c00:41, 39.19clip/s]\n"}
,{"stream_name":"stderr","time":448.297339968,"data":"\r[features] test:  50%|████▉     | 1637/3281 [00:39\u003c00:41, 39.19clip/s]\r[features] test:  50%|█████     | 1642/3281 [00:39\u003c00:39, 41.55clip/s]\n"}
,{"stream_name":"stderr","time":448.422000265,"data":"\r[features] test:  50%|█████     | 1642/3281 [00:39\u003c00:39, 41.55clip/s]\r[features] test:  50%|█████     | 1648/3281 [00:39\u003c00:37, 43.54clip/s]\n"}
,{"stream_name":"stderr","time":448.53059643,"data":"\r[features] test:  50%|█████     | 1648/3281 [00:39\u003c00:37, 43.54clip/s]\r[features] test:  50%|█████     | 1653/3281 [00:40\u003c00:36, 44.20clip/s]\n"}
,{"stream_name":"stderr","time":448.647952352,"data":"\r[features] test:  50%|█████     | 1653/3281 [00:40\u003c00:36, 44.20clip/s]\r[features] test:  51%|█████     | 1659/3281 [00:40\u003c00:35, 46.29clip/s]\n"}
,{"stream_name":"stderr","time":448.765455024,"data":"\r[features] test:  51%|█████     | 1659/3281 [00:40\u003c00:35, 46.29clip/s]\r[features] test:  51%|█████     | 1664/3281 [00:40\u003c00:35, 45.24clip/s]\n"}
,{"stream_name":"stderr","time":448.890496177,"data":"\r[features] test:  51%|█████     | 1664/3281 [00:40\u003c00:35, 45.24clip/s]\r[features] test:  51%|█████     | 1670/3281 [00:40\u003c00:34, 46.04clip/s]\n"}
,{"stream_name":"stderr","time":448.99070446,"data":"\r[features] test:  51%|█████     | 1670/3281 [00:40\u003c00:34, 46.04clip/s]\r[features] test:  51%|█████     | 1675/3281 [00:40\u003c00:34, 47.06clip/s]\n"}
,{"stream_name":"stderr","time":449.092297973,"data":"\r[features] test:  51%|█████     | 1675/3281 [00:40\u003c00:34, 47.06clip/s]\r[features] test:  51%|█████     | 1680/3281 [00:40\u003c00:33, 47.68clip/s]\n"}
,{"stream_name":"stderr","time":449.209162798,"data":"\r[features] test:  51%|█████     | 1680/3281 [00:40\u003c00:33, 47.68clip/s]\r[features] test:  51%|█████▏    | 1685/3281 [00:40\u003c00:34, 46.33clip/s]\n"}
,{"stream_name":"stderr","time":449.313910431,"data":"\r[features] test:  51%|█████▏    | 1685/3281 [00:40\u003c00:34, 46.33clip/s]\r[features] test:  52%|█████▏    | 1690/3281 [00:40\u003c00:34, 46.51clip/s]\n"}
,{"stream_name":"stderr","time":449.439289467,"data":"\r[features] test:  52%|█████▏    | 1690/3281 [00:40\u003c00:34, 46.51clip/s]\r[features] test:  52%|█████▏    | 1695/3281 [00:40\u003c00:35, 44.33clip/s]\n"}
,{"stream_name":"stderr","time":449.588840426,"data":"\r[features] test:  52%|█████▏    | 1695/3281 [00:40\u003c00:35, 44.33clip/s]\r[features] test:  52%|█████▏    | 1700/3281 [00:41\u003c00:39, 40.47clip/s]\n"}
,{"stream_name":"stderr","time":449.703536146,"data":"\r[features] test:  52%|█████▏    | 1700/3281 [00:41\u003c00:39, 40.47clip/s]\r[features] test:  52%|█████▏    | 1705/3281 [00:41\u003c00:38, 41.34clip/s]\n"}
,{"stream_name":"stderr","time":449.813204406,"data":"\r[features] test:  52%|█████▏    | 1705/3281 [00:41\u003c00:38, 41.34clip/s]\r[features] test:  52%|█████▏    | 1710/3281 [00:41\u003c00:36, 42.48clip/s]\n"}
,{"stream_name":"stderr","time":449.934374455,"data":"\r[features] test:  52%|█████▏    | 1710/3281 [00:41\u003c00:36, 42.48clip/s]\r[features] test:  52%|█████▏    | 1715/3281 [00:41\u003c00:37, 42.11clip/s]\n"}
,{"stream_name":"stderr","time":450.059536027,"data":"\r[features] test:  52%|█████▏    | 1715/3281 [00:41\u003c00:37, 42.11clip/s]\r[features] test:  52%|█████▏    | 1720/3281 [00:41\u003c00:37, 41.46clip/s]\n"}
,{"stream_name":"stderr","time":450.180004272,"data":"\r[features] test:  52%|█████▏    | 1720/3281 [00:41\u003c00:37, 41.46clip/s]\r[features] test:  53%|█████▎    | 1725/3281 [00:41\u003c00:37, 41.51clip/s]\n"}
,{"stream_name":"stderr","time":450.309889531,"data":"\r[features] test:  53%|█████▎    | 1725/3281 [00:41\u003c00:37, 41.51clip/s]\r[features] test:  53%|█████▎    | 1730/3281 [00:41\u003c00:38, 40.57clip/s]\n"}
,{"stream_name":"stderr","time":450.423181925,"data":"\r[features] test:  53%|█████▎    | 1730/3281 [00:41\u003c00:38, 40.57clip/s]\r[features] test:  53%|█████▎    | 1735/3281 [00:41\u003c00:37, 41.72clip/s]\n"}
,{"stream_name":"stderr","time":450.533839945,"data":"\r[features] test:  53%|█████▎    | 1735/3281 [00:41\u003c00:37, 41.72clip/s]\r[features] test:  53%|█████▎    | 1740/3281 [00:42\u003c00:36, 42.58clip/s]\n"}
,{"stream_name":"stderr","time":450.641256293,"data":"\r[features] test:  53%|█████▎    | 1740/3281 [00:42\u003c00:36, 42.58clip/s]\r[features] test:  53%|█████▎    | 1745/3281 [00:42\u003c00:35, 43.68clip/s]\n"}
,{"stream_name":"stderr","time":450.756103971,"data":"\r[features] test:  53%|█████▎    | 1745/3281 [00:42\u003c00:35, 43.68clip/s]\r[features] test:  53%|█████▎    | 1750/3281 [00:42\u003c00:35, 43.63clip/s]\n"}
,{"stream_name":"stderr","time":450.871612539,"data":"\r[features] test:  53%|█████▎    | 1750/3281 [00:42\u003c00:35, 43.63clip/s]\r[features] test:  53%|█████▎    | 1755/3281 [00:42\u003c00:34, 44.00clip/s]\n"}
,{"stream_name":"stderr","time":450.98500546,"data":"\r[features] test:  53%|█████▎    | 1755/3281 [00:42\u003c00:34, 44.00clip/s]\r[features] test:  54%|█████▎    | 1760/3281 [00:42\u003c00:34, 43.48clip/s]\n"}
,{"stream_name":"stderr","time":451.095010697,"data":"\r[features] test:  54%|█████▎    | 1760/3281 [00:42\u003c00:34, 43.48clip/s]\r[features] test:  54%|█████▍    | 1765/3281 [00:42\u003c00:34, 44.08clip/s]\n"}
,{"stream_name":"stderr","time":451.258206429,"data":"\r[features] test:  54%|█████▍    | 1765/3281 [00:42\u003c00:34, 44.08clip/s]\r[features] test:  54%|█████▍    | 1770/3281 [00:42\u003c00:38, 39.03clip/s]\n"}
,{"stream_name":"stderr","time":451.485034265,"data":"\r[features] test:  54%|█████▍    | 1770/3281 [00:42\u003c00:38, 39.03clip/s]\r[features] test:  54%|█████▍    | 1775/3281 [00:42\u003c00:47, 31.64clip/s]\n"}
,{"stream_name":"stderr","time":451.595041227,"data":"\r[features] test:  54%|█████▍    | 1775/3281 [00:42\u003c00:47, 31.64clip/s]\r[features] test:  54%|█████▍    | 1780/3281 [00:43\u003c00:43, 34.80clip/s]\n"}
,{"stream_name":"stderr","time":451.705903357,"data":"\r[features] test:  54%|█████▍    | 1780/3281 [00:43\u003c00:43, 34.80clip/s]\r[features] test:  54%|█████▍    | 1785/3281 [00:43\u003c00:39, 37.44clip/s]\n"}
,{"stream_name":"stderr","time":451.820489747,"data":"\r[features] test:  54%|█████▍    | 1785/3281 [00:43\u003c00:39, 37.44clip/s]\r[features] test:  55%|█████▍    | 1790/3281 [00:43\u003c00:38, 39.10clip/s]\n"}
,{"stream_name":"stderr","time":451.937013506,"data":"\r[features] test:  55%|█████▍    | 1790/3281 [00:43\u003c00:38, 39.10clip/s]\r[features] test:  55%|█████▍    | 1795/3281 [00:43\u003c00:37, 40.11clip/s]\n"}
,{"stream_name":"stderr","time":452.045597637,"data":"\r[features] test:  55%|█████▍    | 1795/3281 [00:43\u003c00:37, 40.11clip/s]\r[features] test:  55%|█████▍    | 1800/3281 [00:43\u003c00:35, 41.73clip/s]\n"}
,{"stream_name":"stderr","time":452.170243956,"data":"\r[features] test:  55%|█████▍    | 1800/3281 [00:43\u003c00:35, 41.73clip/s]\r[features] test:  55%|█████▌    | 1805/3281 [00:43\u003c00:35, 41.25clip/s]\n"}
,{"stream_name":"stderr","time":452.272647231,"data":"\r[features] test:  55%|█████▌    | 1805/3281 [00:43\u003c00:35, 41.25clip/s]\r[features] test:  55%|█████▌    | 1810/3281 [00:43\u003c00:34, 43.19clip/s]\n"}
,{"stream_name":"stderr","time":452.410544664,"data":"\r[features] test:  55%|█████▌    | 1810/3281 [00:43\u003c00:34, 43.19clip/s]\r[features] test:  55%|█████▌    | 1815/3281 [00:43\u003c00:35, 40.91clip/s]\n"}
,{"stream_name":"stderr","time":452.523877486,"data":"\r[features] test:  55%|█████▌    | 1815/3281 [00:43\u003c00:35, 40.91clip/s]\r[features] test:  55%|█████▌    | 1820/3281 [00:44\u003c00:34, 41.84clip/s]\n"}
,{"stream_name":"stderr","time":452.641805477,"data":"\r[features] test:  55%|█████▌    | 1820/3281 [00:44\u003c00:34, 41.84clip/s]\r[features] test:  56%|█████▌    | 1825/3281 [00:44\u003c00:34, 41.96clip/s]\n"}
,{"stream_name":"stderr","time":452.742901682,"data":"\r[features] test:  56%|█████▌    | 1825/3281 [00:44\u003c00:34, 41.96clip/s]\r[features] test:  56%|█████▌    | 1830/3281 [00:44\u003c00:33, 43.97clip/s]\n"}
,{"stream_name":"stderr","time":452.844494893,"data":"\r[features] test:  56%|█████▌    | 1830/3281 [00:44\u003c00:33, 43.97clip/s]\r[features] test:  56%|█████▌    | 1835/3281 [00:44\u003c00:31, 45.43clip/s]\n"}
,{"stream_name":"stderr","time":452.962412981,"data":"\r[features] test:  56%|█████▌    | 1835/3281 [00:44\u003c00:31, 45.43clip/s]\r[features] test:  56%|█████▌    | 1840/3281 [00:44\u003c00:32, 44.48clip/s]\n"}
,{"stream_name":"stderr","time":453.068869204,"data":"\r[features] test:  56%|█████▌    | 1840/3281 [00:44\u003c00:32, 44.48clip/s]\r[features] test:  56%|█████▌    | 1845/3281 [00:44\u003c00:31, 45.24clip/s]\n"}
,{"stream_name":"stderr","time":453.218951501,"data":"\r[features] test:  56%|█████▌    | 1845/3281 [00:44\u003c00:31, 45.24clip/s]\r[features] test:  56%|█████▋    | 1850/3281 [00:44\u003c00:35, 40.87clip/s]\n"}
,{"stream_name":"stderr","time":453.341861858,"data":"\r[features] test:  56%|█████▋    | 1850/3281 [00:44\u003c00:35, 40.87clip/s]\r[features] test:  57%|█████▋    | 1855/3281 [00:44\u003c00:35, 40.74clip/s]\n"}
,{"stream_name":"stderr","time":453.465267463,"data":"\r[features] test:  57%|█████▋    | 1855/3281 [00:44\u003c00:35, 40.74clip/s]\r[features] test:  57%|█████▋    | 1860/3281 [00:44\u003c00:34, 40.76clip/s]\n"}
,{"stream_name":"stderr","time":453.584090147,"data":"\r[features] test:  57%|█████▋    | 1860/3281 [00:44\u003c00:34, 40.76clip/s]\r[features] test:  57%|█████▋    | 1866/3281 [00:45\u003c00:32, 43.57clip/s]\n"}
,{"stream_name":"stderr","time":453.684228403,"data":"\r[features] test:  57%|█████▋    | 1866/3281 [00:45\u003c00:32, 43.57clip/s]\r[features] test:  57%|█████▋    | 1871/3281 [00:45\u003c00:31, 45.15clip/s]\n"}
,{"stream_name":"stderr","time":453.803582142,"data":"\r[features] test:  57%|█████▋    | 1871/3281 [00:45\u003c00:31, 45.15clip/s]\r[features] test:  57%|█████▋    | 1876/3281 [00:45\u003c00:31, 44.21clip/s]\n"}
,{"stream_name":"stderr","time":453.918792678,"data":"\r[features] test:  57%|█████▋    | 1876/3281 [00:45\u003c00:31, 44.21clip/s]\r[features] test:  57%|█████▋    | 1881/3281 [00:45\u003c00:31, 43.93clip/s]\n"}
,{"stream_name":"stderr","time":454.026955078,"data":"\r[features] test:  57%|█████▋    | 1881/3281 [00:45\u003c00:31, 43.93clip/s]\r[features] test:  57%|█████▋    | 1886/3281 [00:45\u003c00:31, 44.58clip/s]\n"}
,{"stream_name":"stderr","time":454.153625935,"data":"\r[features] test:  57%|█████▋    | 1886/3281 [00:45\u003c00:31, 44.58clip/s]\r[features] test:  58%|█████▊    | 1891/3281 [00:45\u003c00:32, 42.98clip/s]\n"}
,{"stream_name":"stderr","time":454.270891989,"data":"\r[features] test:  58%|█████▊    | 1891/3281 [00:45\u003c00:32, 42.98clip/s]\r[features] test:  58%|█████▊    | 1897/3281 [00:45\u003c00:30, 45.46clip/s]\n"}
,{"stream_name":"stderr","time":454.4005336,"data":"\r[features] test:  58%|█████▊    | 1897/3281 [00:45\u003c00:30, 45.46clip/s]\r[features] test:  58%|█████▊    | 1902/3281 [00:45\u003c00:31, 43.25clip/s]\n"}
,{"stream_name":"stderr","time":454.552225997,"data":"\r[features] test:  58%|█████▊    | 1902/3281 [00:45\u003c00:31, 43.25clip/s]\r[features] test:  58%|█████▊    | 1907/3281 [00:46\u003c00:34, 39.63clip/s]\n"}
,{"stream_name":"stderr","time":454.658687849,"data":"\r[features] test:  58%|█████▊    | 1907/3281 [00:46\u003c00:34, 39.63clip/s]\r[features] test:  58%|█████▊    | 1912/3281 [00:46\u003c00:32, 41.67clip/s]\n"}
,{"stream_name":"stderr","time":454.873876729,"data":"\r[features] test:  58%|█████▊    | 1912/3281 [00:46\u003c00:32, 41.67clip/s]\r[features] test:  58%|█████▊    | 1917/3281 [00:46\u003c00:40, 33.65clip/s]\n"}
,{"stream_name":"stderr","time":455.002322278,"data":"\r[features] test:  58%|█████▊    | 1917/3281 [00:46\u003c00:40, 33.65clip/s]\r[features] test:  59%|█████▊    | 1923/3281 [00:46\u003c00:36, 37.20clip/s]\n"}
,{"stream_name":"stderr","time":455.109893391,"data":"\r[features] test:  59%|█████▊    | 1923/3281 [00:46\u003c00:36, 37.20clip/s]\r[features] test:  59%|█████▉    | 1928/3281 [00:46\u003c00:34, 39.55clip/s]\n"}
,{"stream_name":"stderr","time":455.220811978,"data":"\r[features] test:  59%|█████▉    | 1928/3281 [00:46\u003c00:34, 39.55clip/s]\r[features] test:  59%|█████▉    | 1933/3281 [00:46\u003c00:32, 40.96clip/s]\n"}
,{"stream_name":"stderr","time":455.328535631,"data":"\r[features] test:  59%|█████▉    | 1933/3281 [00:46\u003c00:32, 40.96clip/s]\r[features] test:  59%|█████▉    | 1938/3281 [00:46\u003c00:31, 42.38clip/s]\n"}
,{"stream_name":"stderr","time":455.435958924,"data":"\r[features] test:  59%|█████▉    | 1938/3281 [00:46\u003c00:31, 42.38clip/s]\r[features] test:  59%|█████▉    | 1943/3281 [00:46\u003c00:30, 43.47clip/s]\n"}
,{"stream_name":"stderr","time":455.556161592,"data":"\r[features] test:  59%|█████▉    | 1943/3281 [00:46\u003c00:30, 43.47clip/s]\r[features] test:  59%|█████▉    | 1948/3281 [00:47\u003c00:31, 42.94clip/s]\n"}
,{"stream_name":"stderr","time":455.671855115,"data":"\r[features] test:  59%|█████▉    | 1948/3281 [00:47\u003c00:31, 42.94clip/s]\r[features] test:  60%|█████▉    | 1954/3281 [00:47\u003c00:29, 45.49clip/s]\n"}
,{"stream_name":"stderr","time":455.787636613,"data":"\r[features] test:  60%|█████▉    | 1954/3281 [00:47\u003c00:29, 45.49clip/s]\r[features] test:  60%|█████▉    | 1959/3281 [00:47\u003c00:29, 44.91clip/s]\n"}
,{"stream_name":"stderr","time":455.89976543,"data":"\r[features] test:  60%|█████▉    | 1959/3281 [00:47\u003c00:29, 44.91clip/s]\r[features] test:  60%|█████▉    | 1964/3281 [00:47\u003c00:29, 44.70clip/s]\n"}
,{"stream_name":"stderr","time":456.044215902,"data":"\r[features] test:  60%|█████▉    | 1964/3281 [00:47\u003c00:29, 44.70clip/s]\r[features] test:  60%|██████    | 1969/3281 [00:47\u003c00:31, 41.18clip/s]\n"}
,{"stream_name":"stderr","time":456.150693942,"data":"\r[features] test:  60%|██████    | 1969/3281 [00:47\u003c00:31, 41.18clip/s]\r[features] test:  60%|██████    | 1974/3281 [00:47\u003c00:30, 42.71clip/s]\n"}
,{"stream_name":"stderr","time":456.267944035,"data":"\r[features] test:  60%|██████    | 1974/3281 [00:47\u003c00:30, 42.71clip/s]\r[features] test:  60%|██████    | 1979/3281 [00:47\u003c00:30, 42.70clip/s]\n"}
,{"stream_name":"stderr","time":456.37235906,"data":"\r[features] test:  60%|██████    | 1979/3281 [00:47\u003c00:30, 42.70clip/s]\r[features] test:  60%|██████    | 1984/3281 [00:47\u003c00:29, 44.10clip/s]\n"}
,{"stream_name":"stderr","time":456.503935286,"data":"\r[features] test:  60%|██████    | 1984/3281 [00:47\u003c00:29, 44.10clip/s]\r[features] test:  61%|██████    | 1989/3281 [00:47\u003c00:30, 42.19clip/s]\n"}
,{"stream_name":"stderr","time":456.61787449,"data":"\r[features] test:  61%|██████    | 1989/3281 [00:47\u003c00:30, 42.19clip/s]\r[features] test:  61%|██████    | 1994/3281 [00:48\u003c00:30, 42.60clip/s]\n"}
,{"stream_name":"stderr","time":456.756746389,"data":"\r[features] test:  61%|██████    | 1994/3281 [00:48\u003c00:30, 42.60clip/s]\r[features] test:  61%|██████    | 1999/3281 [00:48\u003c00:31, 40.52clip/s]\n"}
,{"stream_name":"stderr","time":456.865878498,"data":"\r[features] test:  61%|██████    | 1999/3281 [00:48\u003c00:31, 40.52clip/s]\r[features] test:  61%|██████    | 2004/3281 [00:48\u003c00:30, 41.87clip/s]\n"}
,{"stream_name":"stderr","time":456.986285967,"data":"\r[features] test:  61%|██████    | 2004/3281 [00:48\u003c00:30, 41.87clip/s]\r[features] test:  61%|██████    | 2009/3281 [00:48\u003c00:30, 41.74clip/s]\n"}
,{"stream_name":"stderr","time":457.093522369,"data":"\r[features] test:  61%|██████    | 2009/3281 [00:48\u003c00:30, 41.74clip/s]\r[features] test:  61%|██████▏   | 2014/3281 [00:48\u003c00:29, 43.11clip/s]\n"}
,{"stream_name":"stderr","time":457.231764163,"data":"\r[features] test:  61%|██████▏   | 2014/3281 [00:48\u003c00:29, 43.11clip/s]\r[features] test:  62%|██████▏   | 2019/3281 [00:48\u003c00:30, 40.81clip/s]\n"}
,{"stream_name":"stderr","time":457.331180251,"data":"\r[features] test:  62%|██████▏   | 2019/3281 [00:48\u003c00:30, 40.81clip/s]\r[features] test:  62%|██████▏   | 2024/3281 [00:48\u003c00:29, 43.18clip/s]\n"}
,{"stream_name":"stderr","time":457.485784871,"data":"\r[features] test:  62%|██████▏   | 2024/3281 [00:48\u003c00:29, 43.18clip/s]\r[features] test:  62%|██████▏   | 2029/3281 [00:48\u003c00:31, 39.23clip/s]\n"}
,{"stream_name":"stderr","time":457.601012231,"data":"\r[features] test:  62%|██████▏   | 2029/3281 [00:48\u003c00:31, 39.23clip/s]\r[features] test:  62%|██████▏   | 2034/3281 [00:49\u003c00:30, 40.37clip/s]\n"}
,{"stream_name":"stderr","time":457.744249658,"data":"\r[features] test:  62%|██████▏   | 2034/3281 [00:49\u003c00:30, 40.37clip/s]\r[features] test:  62%|██████▏   | 2039/3281 [00:49\u003c00:32, 38.62clip/s]\n"}
,{"stream_name":"stderr","time":457.855400842,"data":"\r[features] test:  62%|██████▏   | 2039/3281 [00:49\u003c00:32, 38.62clip/s]\r[features] test:  62%|██████▏   | 2044/3281 [00:49\u003c00:30, 40.30clip/s]\n"}
,{"stream_name":"stderr","time":457.970482291,"data":"\r[features] test:  62%|██████▏   | 2044/3281 [00:49\u003c00:30, 40.30clip/s]\r[features] test:  62%|██████▏   | 2049/3281 [00:49\u003c00:29, 41.20clip/s]\n"}
,{"stream_name":"stderr","time":458.086086769,"data":"\r[features] test:  62%|██████▏   | 2049/3281 [00:49\u003c00:29, 41.20clip/s]\r[features] test:  63%|██████▎   | 2054/3281 [00:49\u003c00:29, 41.83clip/s]\n"}
,{"stream_name":"stderr","time":458.196406178,"data":"\r[features] test:  63%|██████▎   | 2054/3281 [00:49\u003c00:29, 41.83clip/s]\r[features] test:  63%|██████▎   | 2059/3281 [00:49\u003c00:28, 42.79clip/s]\n"}
,{"stream_name":"stderr","time":458.306871673,"data":"\r[features] test:  63%|██████▎   | 2059/3281 [00:49\u003c00:28, 42.79clip/s]\r[features] test:  63%|██████▎   | 2064/3281 [00:49\u003c00:27, 43.55clip/s]\n"}
,{"stream_name":"stderr","time":458.414788412,"data":"\r[features] test:  63%|██████▎   | 2064/3281 [00:49\u003c00:27, 43.55clip/s]\r[features] test:  63%|██████▎   | 2069/3281 [00:49\u003c00:27, 44.36clip/s]\n"}
,{"stream_name":"stderr","time":458.534286183,"data":"\r[features] test:  63%|██████▎   | 2069/3281 [00:49\u003c00:27, 44.36clip/s]\r[features] test:  63%|██████▎   | 2075/3281 [00:50\u003c00:26, 46.18clip/s]\n"}
,{"stream_name":"stderr","time":458.639082903,"data":"\r[features] test:  63%|██████▎   | 2075/3281 [00:50\u003c00:26, 46.18clip/s]\r[features] test:  63%|██████▎   | 2080/3281 [00:50\u003c00:25, 46.52clip/s]\n"}
,{"stream_name":"stderr","time":458.740535063,"data":"\r[features] test:  63%|██████▎   | 2080/3281 [00:50\u003c00:25, 46.52clip/s]\r[features] test:  64%|██████▎   | 2085/3281 [00:50\u003c00:25, 47.27clip/s]\n"}
,{"stream_name":"stderr","time":458.859486352,"data":"\r[features] test:  64%|██████▎   | 2085/3281 [00:50\u003c00:25, 47.27clip/s]\r[features] test:  64%|██████▎   | 2091/3281 [00:50\u003c00:24, 48.40clip/s]\n"}
,{"stream_name":"stderr","time":459.030660738,"data":"\r[features] test:  64%|██████▎   | 2091/3281 [00:50\u003c00:24, 48.40clip/s]\r[features] test:  64%|██████▍   | 2096/3281 [00:50\u003c00:29, 40.81clip/s]\n"}
,{"stream_name":"stderr","time":459.146392104,"data":"\r[features] test:  64%|██████▍   | 2096/3281 [00:50\u003c00:29, 40.81clip/s]\r[features] test:  64%|██████▍   | 2101/3281 [00:50\u003c00:28, 41.40clip/s]\n"}
,{"stream_name":"stderr","time":459.261515752,"data":"\r[features] test:  64%|██████▍   | 2101/3281 [00:50\u003c00:28, 41.40clip/s]\r[features] test:  64%|██████▍   | 2107/3281 [00:50\u003c00:26, 44.43clip/s]\n"}
,{"stream_name":"stderr","time":459.369583978,"data":"\r[features] test:  64%|██████▍   | 2107/3281 [00:50\u003c00:26, 44.43clip/s]\r[features] test:  64%|██████▍   | 2112/3281 [00:50\u003c00:25, 44.96clip/s]\n"}
,{"stream_name":"stderr","time":459.48452377,"data":"\r[features] test:  64%|██████▍   | 2112/3281 [00:50\u003c00:25, 44.96clip/s]\r[features] test:  65%|██████▍   | 2117/3281 [00:50\u003c00:26, 44.50clip/s]\n"}
,{"stream_name":"stderr","time":459.597520934,"data":"\r[features] test:  65%|██████▍   | 2117/3281 [00:50\u003c00:26, 44.50clip/s]\r[features] test:  65%|██████▍   | 2122/3281 [00:51\u003c00:25, 44.60clip/s]\n"}
,{"stream_name":"stderr","time":459.699664645,"data":"\r[features] test:  65%|██████▍   | 2122/3281 [00:51\u003c00:25, 44.60clip/s]\r[features] test:  65%|██████▍   | 2127/3281 [00:51\u003c00:25, 45.68clip/s]\n"}
,{"stream_name":"stderr","time":459.810962579,"data":"\r[features] test:  65%|██████▍   | 2127/3281 [00:51\u003c00:25, 45.68clip/s]\r[features] test:  65%|██████▍   | 2132/3281 [00:51\u003c00:25, 45.45clip/s]\n"}
,{"stream_name":"stderr","time":459.928240935,"data":"\r[features] test:  65%|██████▍   | 2132/3281 [00:51\u003c00:25, 45.45clip/s]\r[features] test:  65%|██████▌   | 2138/3281 [00:51\u003c00:24, 47.14clip/s]\n"}
,{"stream_name":"stderr","time":460.036665686,"data":"\r[features] test:  65%|██████▌   | 2138/3281 [00:51\u003c00:24, 47.14clip/s]\r[features] test:  65%|██████▌   | 2143/3281 [00:51\u003c00:24, 46.82clip/s]\n"}
,{"stream_name":"stderr","time":460.283198743,"data":"\r[features] test:  65%|██████▌   | 2143/3281 [00:51\u003c00:24, 46.82clip/s]\r[features] test:  65%|██████▌   | 2148/3281 [00:51\u003c00:33, 33.97clip/s]\n"}
,{"stream_name":"stderr","time":460.428860275,"data":"\r[features] test:  65%|██████▌   | 2148/3281 [00:51\u003c00:33, 33.97clip/s]\r[features] test:  66%|██████▌   | 2153/3281 [00:51\u003c00:33, 34.07clip/s]\n"}
,{"stream_name":"stderr","time":460.536576878,"data":"\r[features] test:  66%|██████▌   | 2153/3281 [00:51\u003c00:33, 34.07clip/s]\r[features] test:  66%|██████▌   | 2158/3281 [00:52\u003c00:30, 36.96clip/s]\n"}
,{"stream_name":"stderr","time":460.656222293,"data":"\r[features] test:  66%|██████▌   | 2158/3281 [00:52\u003c00:30, 36.96clip/s]\r[features] test:  66%|██████▌   | 2163/3281 [00:52\u003c00:29, 38.27clip/s]\n"}
,{"stream_name":"stderr","time":460.770458761,"data":"\r[features] test:  66%|██████▌   | 2163/3281 [00:52\u003c00:29, 38.27clip/s]\r[features] test:  66%|██████▌   | 2168/3281 [00:52\u003c00:27, 39.78clip/s]\n"}
,{"stream_name":"stderr","time":460.897988277,"data":"\r[features] test:  66%|██████▌   | 2168/3281 [00:52\u003c00:27, 39.78clip/s]\r[features] test:  66%|██████▌   | 2173/3281 [00:52\u003c00:27, 39.59clip/s]\n"}
,{"stream_name":"stderr","time":461.007917141,"data":"\r[features] test:  66%|██████▌   | 2173/3281 [00:52\u003c00:27, 39.59clip/s]\r[features] test:  66%|██████▋   | 2178/3281 [00:52\u003c00:26, 41.25clip/s]\n"}
,{"stream_name":"stderr","time":461.111929748,"data":"\r[features] test:  66%|██████▋   | 2178/3281 [00:52\u003c00:26, 41.25clip/s]\r[features] test:  67%|██████▋   | 2183/3281 [00:52\u003c00:25, 43.06clip/s]\n"}
,{"stream_name":"stderr","time":461.283938926,"data":"\r[features] test:  67%|██████▋   | 2183/3281 [00:52\u003c00:25, 43.06clip/s]\r[features] test:  67%|██████▋   | 2188/3281 [00:52\u003c00:28, 37.90clip/s]\n"}
,{"stream_name":"stderr","time":461.391460638,"data":"\r[features] test:  67%|██████▋   | 2188/3281 [00:52\u003c00:28, 37.90clip/s]\r[features] test:  67%|██████▋   | 2193/3281 [00:52\u003c00:27, 39.78clip/s]\n"}
,{"stream_name":"stderr","time":461.516108007,"data":"\r[features] test:  67%|██████▋   | 2193/3281 [00:52\u003c00:27, 39.78clip/s]\r[features] test:  67%|██████▋   | 2198/3281 [00:53\u003c00:27, 39.94clip/s]\n"}
,{"stream_name":"stderr","time":461.658823357,"data":"\r[features] test:  67%|██████▋   | 2198/3281 [00:53\u003c00:27, 39.94clip/s]\r[features] test:  67%|██████▋   | 2203/3281 [00:53\u003c00:27, 38.54clip/s]\n"}
,{"stream_name":"stderr","time":461.764562517,"data":"\r[features] test:  67%|██████▋   | 2203/3281 [00:53\u003c00:27, 38.54clip/s]\r[features] test:  67%|██████▋   | 2208/3281 [00:53\u003c00:26, 40.52clip/s]\n"}
,{"stream_name":"stderr","time":461.888730416,"data":"\r[features] test:  67%|██████▋   | 2208/3281 [00:53\u003c00:26, 40.52clip/s]\r[features] test:  67%|██████▋   | 2213/3281 [00:53\u003c00:26, 40.44clip/s]\n"}
,{"stream_name":"stderr","time":462.012382392,"data":"\r[features] test:  67%|██████▋   | 2213/3281 [00:53\u003c00:26, 40.44clip/s]\r[features] test:  68%|██████▊   | 2218/3281 [00:53\u003c00:26, 40.48clip/s]\n"}
,{"stream_name":"stderr","time":462.127906264,"data":"\r[features] test:  68%|██████▊   | 2218/3281 [00:53\u003c00:26, 40.48clip/s]\r[features] test:  68%|██████▊   | 2223/3281 [00:53\u003c00:25, 41.29clip/s]\n"}
,{"stream_name":"stderr","time":462.243396124,"data":"\r[features] test:  68%|██████▊   | 2223/3281 [00:53\u003c00:25, 41.29clip/s]\r[features] test:  68%|██████▊   | 2228/3281 [00:53\u003c00:25, 41.82clip/s]\n"}
,{"stream_name":"stderr","time":462.354364229,"data":"\r[features] test:  68%|██████▊   | 2228/3281 [00:53\u003c00:25, 41.82clip/s]\r[features] test:  68%|██████▊   | 2233/3281 [00:53\u003c00:24, 42.72clip/s]\n"}
,{"stream_name":"stderr","time":462.467303209,"data":"\r[features] test:  68%|██████▊   | 2233/3281 [00:53\u003c00:24, 42.72clip/s]\r[features] test:  68%|██████▊   | 2238/3281 [00:53\u003c00:24, 43.25clip/s]\n"}
,{"stream_name":"stderr","time":462.575182334,"data":"\r[features] test:  68%|██████▊   | 2238/3281 [00:53\u003c00:24, 43.25clip/s]\r[features] test:  68%|██████▊   | 2243/3281 [00:54\u003c00:23, 44.09clip/s]\n"}
,{"stream_name":"stderr","time":462.683048781,"data":"\r[features] test:  68%|██████▊   | 2243/3281 [00:54\u003c00:23, 44.09clip/s]\r[features] test:  69%|██████▊   | 2248/3281 [00:54\u003c00:23, 44.73clip/s]\n"}
,{"stream_name":"stderr","time":462.923620962,"data":"\r[features] test:  69%|██████▊   | 2248/3281 [00:54\u003c00:23, 44.73clip/s]\r[features] test:  69%|██████▊   | 2254/3281 [00:54\u003c00:29, 35.24clip/s]\n"}
,{"stream_name":"stderr","time":463.025732859,"data":"\r[features] test:  69%|██████▊   | 2254/3281 [00:54\u003c00:29, 35.24clip/s]\r[features] test:  69%|██████▉   | 2259/3281 [00:54\u003c00:26, 38.32clip/s]\n"}
,{"stream_name":"stderr","time":463.142076163,"data":"\r[features] test:  69%|██████▉   | 2259/3281 [00:54\u003c00:26, 38.32clip/s]\r[features] test:  69%|██████▉   | 2264/3281 [00:54\u003c00:25, 39.58clip/s]\n"}
,{"stream_name":"stderr","time":463.286172047,"data":"\r[features] test:  69%|██████▉   | 2264/3281 [00:54\u003c00:25, 39.58clip/s]\r[features] test:  69%|██████▉   | 2269/3281 [00:54\u003c00:26, 38.04clip/s]\n"}
,{"stream_name":"stderr","time":463.40930098,"data":"\r[features] test:  69%|██████▉   | 2269/3281 [00:54\u003c00:26, 38.04clip/s]\r[features] test:  69%|██████▉   | 2275/3281 [00:54\u003c00:24, 41.02clip/s]\n"}
,{"stream_name":"stderr","time":463.524154606,"data":"\r[features] test:  69%|██████▉   | 2275/3281 [00:54\u003c00:24, 41.02clip/s]\r[features] test:  69%|██████▉   | 2280/3281 [00:55\u003c00:23, 41.73clip/s]\n"}
,{"stream_name":"stderr","time":463.631689068,"data":"\r[features] test:  69%|██████▉   | 2280/3281 [00:55\u003c00:23, 41.73clip/s]\r[features] test:  70%|██████▉   | 2285/3281 [00:55\u003c00:23, 43.00clip/s]\n"}
,{"stream_name":"stderr","time":463.73513954,"data":"\r[features] test:  70%|██████▉   | 2285/3281 [00:55\u003c00:23, 43.00clip/s]\r[features] test:  70%|██████▉   | 2290/3281 [00:55\u003c00:22, 44.40clip/s]\n"}
,{"stream_name":"stderr","time":463.855361739,"data":"\r[features] test:  70%|██████▉   | 2290/3281 [00:55\u003c00:22, 44.40clip/s]\r[features] test:  70%|██████▉   | 2296/3281 [00:55\u003c00:21, 46.09clip/s]\n"}
,{"stream_name":"stderr","time":463.961471815,"data":"\r[features] test:  70%|██████▉   | 2296/3281 [00:55\u003c00:21, 46.09clip/s]\r[features] test:  70%|███████   | 2301/3281 [00:55\u003c00:21, 46.41clip/s]\n"}
,{"stream_name":"stderr","time":464.071443588,"data":"\r[features] test:  70%|███████   | 2301/3281 [00:55\u003c00:21, 46.41clip/s]\r[features] test:  70%|███████   | 2306/3281 [00:55\u003c00:21, 46.11clip/s]\n"}
,{"stream_name":"stderr","time":464.175185039,"data":"\r[features] test:  70%|███████   | 2306/3281 [00:55\u003c00:21, 46.11clip/s]\r[features] test:  70%|███████   | 2311/3281 [00:55\u003c00:20, 46.70clip/s]\n"}
,{"stream_name":"stderr","time":464.294857629,"data":"\r[features] test:  70%|███████   | 2311/3281 [00:55\u003c00:20, 46.70clip/s]\r[features] test:  71%|███████   | 2316/3281 [00:55\u003c00:21, 45.15clip/s]\n"}
,{"stream_name":"stderr","time":464.404100318,"data":"\r[features] test:  71%|███████   | 2316/3281 [00:55\u003c00:21, 45.15clip/s]\r[features] test:  71%|███████   | 2321/3281 [00:55\u003c00:21, 45.31clip/s]\n"}
,{"stream_name":"stderr","time":464.51269253,"data":"\r[features] test:  71%|███████   | 2321/3281 [00:55\u003c00:21, 45.31clip/s]\r[features] test:  71%|███████   | 2326/3281 [00:55\u003c00:20, 45.59clip/s]\n"}
,{"stream_name":"stderr","time":464.645674699,"data":"\r[features] test:  71%|███████   | 2326/3281 [00:55\u003c00:20, 45.59clip/s]\r[features] test:  71%|███████   | 2331/3281 [00:56\u003c00:22, 42.83clip/s]\n"}
,{"stream_name":"stderr","time":464.776999848,"data":"\r[features] test:  71%|███████   | 2331/3281 [00:56\u003c00:22, 42.83clip/s]\r[features] test:  71%|███████   | 2336/3281 [00:56\u003c00:22, 41.35clip/s]\n"}
,{"stream_name":"stderr","time":464.904400661,"data":"\r[features] test:  71%|███████   | 2336/3281 [00:56\u003c00:22, 41.35clip/s]\r[features] test:  71%|███████▏  | 2341/3281 [00:56\u003c00:23, 40.75clip/s]\n"}
,{"stream_name":"stderr","time":465.012468669,"data":"\r[features] test:  71%|███████▏  | 2341/3281 [00:56\u003c00:23, 40.75clip/s]\r[features] test:  72%|███████▏  | 2346/3281 [00:56\u003c00:22, 42.15clip/s]\n"}
,{"stream_name":"stderr","time":465.128236449,"data":"\r[features] test:  72%|███████▏  | 2346/3281 [00:56\u003c00:22, 42.15clip/s]\r[features] test:  72%|███████▏  | 2351/3281 [00:56\u003c00:21, 42.42clip/s]\n"}
,{"stream_name":"stderr","time":465.242676099,"data":"\r[features] test:  72%|███████▏  | 2351/3281 [00:56\u003c00:21, 42.42clip/s]\r[features] test:  72%|███████▏  | 2356/3281 [00:56\u003c00:21, 42.79clip/s]\n"}
,{"stream_name":"stderr","time":465.365564006,"data":"\r[features] test:  72%|███████▏  | 2356/3281 [00:56\u003c00:21, 42.79clip/s]\r[features] test:  72%|███████▏  | 2362/3281 [00:56\u003c00:20, 44.69clip/s]\n"}
,{"stream_name":"stderr","time":465.483030741,"data":"\r[features] test:  72%|███████▏  | 2362/3281 [00:56\u003c00:20, 44.69clip/s]\r[features] test:  72%|███████▏  | 2368/3281 [00:56\u003c00:19, 46.65clip/s]\n"}
,{"stream_name":"stderr","time":465.630044027,"data":"\r[features] test:  72%|███████▏  | 2368/3281 [00:56\u003c00:19, 46.65clip/s]\r[features] test:  72%|███████▏  | 2373/3281 [00:57\u003c00:21, 42.29clip/s]\n"}
,{"stream_name":"stderr","time":465.73557829,"data":"\r[features] test:  72%|███████▏  | 2373/3281 [00:57\u003c00:21, 42.29clip/s]\r[features] test:  72%|███████▏  | 2378/3281 [00:57\u003c00:20, 43.54clip/s]\n"}
,{"stream_name":"stderr","time":465.853349893,"data":"\r[features] test:  72%|███████▏  | 2378/3281 [00:57\u003c00:20, 43.54clip/s]\r[features] test:  73%|███████▎  | 2384/3281 [00:57\u003c00:19, 45.73clip/s]\n"}
,{"stream_name":"stderr","time":465.963878795,"data":"\r[features] test:  73%|███████▎  | 2384/3281 [00:57\u003c00:19, 45.73clip/s]\r[features] test:  73%|███████▎  | 2389/3281 [00:57\u003c00:19, 45.58clip/s]\n"}
,{"stream_name":"stderr","time":466.079241947,"data":"\r[features] test:  73%|███████▎  | 2389/3281 [00:57\u003c00:19, 45.58clip/s]\r[features] test:  73%|███████▎  | 2394/3281 [00:57\u003c00:19, 44.95clip/s]\n"}
,{"stream_name":"stderr","time":466.1939462,"data":"\r[features] test:  73%|███████▎  | 2394/3281 [00:57\u003c00:19, 44.95clip/s]\r[features] test:  73%|███████▎  | 2399/3281 [00:57\u003c00:19, 44.51clip/s]\n"}
,{"stream_name":"stderr","time":466.298681003,"data":"\r[features] test:  73%|███████▎  | 2399/3281 [00:57\u003c00:19, 44.51clip/s]\r[features] test:  73%|███████▎  | 2404/3281 [00:57\u003c00:19, 45.45clip/s]\n"}
,{"stream_name":"stderr","time":466.407436667,"data":"\r[features] test:  73%|███████▎  | 2404/3281 [00:57\u003c00:19, 45.45clip/s]\r[features] test:  73%|███████▎  | 2410/3281 [00:57\u003c00:18, 48.32clip/s]\n"}
,{"stream_name":"stderr","time":466.521893279,"data":"\r[features] test:  73%|███████▎  | 2410/3281 [00:57\u003c00:18, 48.32clip/s]\r[features] test:  74%|███████▎  | 2416/3281 [00:58\u003c00:17, 49.48clip/s]\n"}
,{"stream_name":"stderr","time":466.642195132,"data":"\r[features] test:  74%|███████▎  | 2416/3281 [00:58\u003c00:17, 49.48clip/s]\r[features] test:  74%|███████▍  | 2422/3281 [00:58\u003c00:17, 49.65clip/s]\n"}
,{"stream_name":"stderr","time":466.857720613,"data":"\r[features] test:  74%|███████▍  | 2422/3281 [00:58\u003c00:17, 49.65clip/s]\r[features] test:  74%|███████▍  | 2427/3281 [00:58\u003c00:22, 37.84clip/s]\n"}
,{"stream_name":"stderr","time":466.971703688,"data":"\r[features] test:  74%|███████▍  | 2427/3281 [00:58\u003c00:22, 37.84clip/s]\r[features] test:  74%|███████▍  | 2433/3281 [00:58\u003c00:20, 41.58clip/s]\n"}
,{"stream_name":"stderr","time":467.21762395,"data":"\r[features] test:  74%|███████▍  | 2433/3281 [00:58\u003c00:20, 41.58clip/s]\r[features] test:  74%|███████▍  | 2438/3281 [00:58\u003c00:26, 32.34clip/s]\n"}
,{"stream_name":"stderr","time":467.331603236,"data":"\r[features] test:  74%|███████▍  | 2438/3281 [00:58\u003c00:26, 32.34clip/s]\r[features] test:  74%|███████▍  | 2443/3281 [00:58\u003c00:24, 34.88clip/s]\n"}
,{"stream_name":"stderr","time":467.434216268,"data":"\r[features] test:  74%|███████▍  | 2443/3281 [00:58\u003c00:24, 34.88clip/s]\r[features] test:  75%|███████▍  | 2448/3281 [00:58\u003c00:21, 37.98clip/s]\n"}
,{"stream_name":"stderr","time":467.555743928,"data":"\r[features] test:  75%|███████▍  | 2448/3281 [00:58\u003c00:21, 37.98clip/s]\r[features] test:  75%|███████▍  | 2454/3281 [00:59\u003c00:20, 41.14clip/s]\n"}
,{"stream_name":"stderr","time":467.676755354,"data":"\r[features] test:  75%|███████▍  | 2454/3281 [00:59\u003c00:20, 41.14clip/s]\r[features] test:  75%|███████▍  | 2459/3281 [00:59\u003c00:19, 41.18clip/s]\n"}
,{"stream_name":"stderr","time":467.800556902,"data":"\r[features] test:  75%|███████▍  | 2459/3281 [00:59\u003c00:19, 41.18clip/s]\r[features] test:  75%|███████▌  | 2465/3281 [00:59\u003c00:18, 43.27clip/s]\n"}
,{"stream_name":"stderr","time":467.910448473,"data":"\r[features] test:  75%|███████▌  | 2465/3281 [00:59\u003c00:18, 43.27clip/s]\r[features] test:  75%|███████▌  | 2470/3281 [00:59\u003c00:18, 43.93clip/s]\n"}
,{"stream_name":"stderr","time":468.023395375,"data":"\r[features] test:  75%|███████▌  | 2470/3281 [00:59\u003c00:18, 43.93clip/s]\r[features] test:  75%|███████▌  | 2476/3281 [00:59\u003c00:17, 46.45clip/s]\n"}
,{"stream_name":"stderr","time":468.133979515,"data":"\r[features] test:  75%|███████▌  | 2476/3281 [00:59\u003c00:17, 46.45clip/s]\r[features] test:  76%|███████▌  | 2481/3281 [00:59\u003c00:17, 46.12clip/s]\n"}
,{"stream_name":"stderr","time":468.236276554,"data":"\r[features] test:  76%|███████▌  | 2481/3281 [00:59\u003c00:17, 46.12clip/s]\r[features] test:  76%|███████▌  | 2486/3281 [00:59\u003c00:16, 46.95clip/s]\n"}
,{"stream_name":"stderr","time":468.345037166,"data":"\r[features] test:  76%|███████▌  | 2486/3281 [00:59\u003c00:16, 46.95clip/s]\r[features] test:  76%|███████▌  | 2491/3281 [00:59\u003c00:16, 46.62clip/s]\n"}
,{"stream_name":"stderr","time":468.459941409,"data":"\r[features] test:  76%|███████▌  | 2491/3281 [00:59\u003c00:16, 46.62clip/s]\r[features] test:  76%|███████▌  | 2496/3281 [00:59\u003c00:17, 45.68clip/s]\n"}
,{"stream_name":"stderr","time":468.577289218,"data":"\r[features] test:  76%|███████▌  | 2496/3281 [00:59\u003c00:17, 45.68clip/s]\r[features] test:  76%|███████▌  | 2501/3281 [01:00\u003c00:17, 44.72clip/s]\n"}
,{"stream_name":"stderr","time":468.698433386,"data":"\r[features] test:  76%|███████▌  | 2501/3281 [01:00\u003c00:17, 44.72clip/s]\r[features] test:  76%|███████▋  | 2507/3281 [01:00\u003c00:16, 46.27clip/s]\n"}
,{"stream_name":"stderr","time":468.817389138,"data":"\r[features] test:  76%|███████▋  | 2507/3281 [01:00\u003c00:16, 46.27clip/s]\r[features] test:  77%|███████▋  | 2512/3281 [01:00\u003c00:17, 44.94clip/s]\n"}
,{"stream_name":"stderr","time":468.919226701,"data":"\r[features] test:  77%|███████▋  | 2512/3281 [01:00\u003c00:17, 44.94clip/s]\r[features] test:  77%|███████▋  | 2517/3281 [01:00\u003c00:16, 46.03clip/s]\n"}
,{"stream_name":"stderr","time":469.040957418,"data":"\r[features] test:  77%|███████▋  | 2517/3281 [01:00\u003c00:16, 46.03clip/s]\r[features] test:  77%|███████▋  | 2522/3281 [01:00\u003c00:17, 44.50clip/s]\n"}
,{"stream_name":"stderr","time":469.173960493,"data":"\r[features] test:  77%|███████▋  | 2522/3281 [01:00\u003c00:17, 44.50clip/s]\r[features] test:  77%|███████▋  | 2527/3281 [01:00\u003c00:17, 42.16clip/s]\n"}
,{"stream_name":"stderr","time":469.291054001,"data":"\r[features] test:  77%|███████▋  | 2527/3281 [01:00\u003c00:17, 42.16clip/s]\r[features] test:  77%|███████▋  | 2533/3281 [01:00\u003c00:16, 44.87clip/s]\n"}
,{"stream_name":"stderr","time":469.408750689,"data":"\r[features] test:  77%|███████▋  | 2533/3281 [01:00\u003c00:16, 44.87clip/s]\r[features] test:  77%|███████▋  | 2539/3281 [01:00\u003c00:15, 46.67clip/s]\n"}
,{"stream_name":"stderr","time":469.534376566,"data":"\r[features] test:  77%|███████▋  | 2539/3281 [01:00\u003c00:15, 46.67clip/s]\r[features] test:  78%|███████▊  | 2544/3281 [01:01\u003c00:16, 44.59clip/s]\n"}
,{"stream_name":"stderr","time":469.642848913,"data":"\r[features] test:  78%|███████▊  | 2544/3281 [01:01\u003c00:16, 44.59clip/s]\r[features] test:  78%|███████▊  | 2549/3281 [01:01\u003c00:16, 45.00clip/s]\n"}
,{"stream_name":"stderr","time":469.758014802,"data":"\r[features] test:  78%|███████▊  | 2549/3281 [01:01\u003c00:16, 45.00clip/s]\r[features] test:  78%|███████▊  | 2554/3281 [01:01\u003c00:16, 44.49clip/s]\n"}
,{"stream_name":"stderr","time":469.875373059,"data":"\r[features] test:  78%|███████▊  | 2554/3281 [01:01\u003c00:16, 44.49clip/s]\r[features] test:  78%|███████▊  | 2560/3281 [01:01\u003c00:15, 46.49clip/s]\n"}
,{"stream_name":"stderr","time":469.995854828,"data":"\r[features] test:  78%|███████▊  | 2560/3281 [01:01\u003c00:15, 46.49clip/s]\r[features] test:  78%|███████▊  | 2566/3281 [01:01\u003c00:15, 47.54clip/s]\n"}
,{"stream_name":"stderr","time":470.108276221,"data":"\r[features] test:  78%|███████▊  | 2566/3281 [01:01\u003c00:15, 47.54clip/s]\r[features] test:  78%|███████▊  | 2572/3281 [01:01\u003c00:14, 49.22clip/s]\n"}
,{"stream_name":"stderr","time":470.211906257,"data":"\r[features] test:  78%|███████▊  | 2572/3281 [01:01\u003c00:14, 49.22clip/s]\r[features] test:  79%|███████▊  | 2577/3281 [01:01\u003c00:14, 48.99clip/s]\n"}
,{"stream_name":"stderr","time":470.321026932,"data":"\r[features] test:  79%|███████▊  | 2577/3281 [01:01\u003c00:14, 48.99clip/s]\r[features] test:  79%|███████▊  | 2582/3281 [01:01\u003c00:14, 48.00clip/s]\n"}
,{"stream_name":"stderr","time":470.423112606,"data":"\r[features] test:  79%|███████▊  | 2582/3281 [01:01\u003c00:14, 48.00clip/s]\r[features] test:  79%|███████▉  | 2587/3281 [01:01\u003c00:14, 48.28clip/s]\n"}
,{"stream_name":"stderr","time":470.720156324,"data":"\r[features] test:  79%|███████▉  | 2587/3281 [01:01\u003c00:14, 48.28clip/s]\r[features] test:  79%|███████▉  | 2592/3281 [01:02\u003c00:21, 31.35clip/s]\n"}
,{"stream_name":"stderr","time":470.896070799,"data":"\r[features] test:  79%|███████▉  | 2592/3281 [01:02\u003c00:21, 31.35clip/s]\r[features] test:  79%|███████▉  | 2596/3281 [01:02\u003c00:23, 28.66clip/s]\n"}
,{"stream_name":"stderr","time":470.997676251,"data":"\r[features] test:  79%|███████▉  | 2596/3281 [01:02\u003c00:23, 28.66clip/s]\r[features] test:  79%|███████▉  | 2600/3281 [01:02\u003c00:22, 30.86clip/s]\n"}
,{"stream_name":"stderr","time":471.108719962,"data":"\r[features] test:  79%|███████▉  | 2600/3281 [01:02\u003c00:22, 30.86clip/s]\r[features] test:  79%|███████▉  | 2605/3281 [01:02\u003c00:19, 34.25clip/s]\n"}
,{"stream_name":"stderr","time":471.245877528,"data":"\r[features] test:  79%|███████▉  | 2605/3281 [01:02\u003c00:19, 34.25clip/s]\r[features] test:  80%|███████▉  | 2609/3281 [01:02\u003c00:20, 32.78clip/s]\n"}
,{"stream_name":"stderr","time":471.354316122,"data":"\r[features] test:  80%|███████▉  | 2609/3281 [01:02\u003c00:20, 32.78clip/s]\r[features] test:  80%|███████▉  | 2613/3281 [01:02\u003c00:19, 33.77clip/s]\n"}
,{"stream_name":"stderr","time":471.46882347,"data":"\r[features] test:  80%|███████▉  | 2613/3281 [01:02\u003c00:19, 33.77clip/s]\r[features] test:  80%|███████▉  | 2618/3281 [01:02\u003c00:18, 36.58clip/s]\n"}
,{"stream_name":"stderr","time":471.569121131,"data":"\r[features] test:  80%|███████▉  | 2618/3281 [01:02\u003c00:18, 36.58clip/s]\r[features] test:  80%|███████▉  | 2623/3281 [01:03\u003c00:16, 39.93clip/s]\n"}
,{"stream_name":"stderr","time":471.695404747,"data":"\r[features] test:  80%|███████▉  | 2623/3281 [01:03\u003c00:16, 39.93clip/s]\r[features] test:  80%|████████  | 2628/3281 [01:03\u003c00:16, 39.76clip/s]\n"}
,{"stream_name":"stderr","time":471.808232592,"data":"\r[features] test:  80%|████████  | 2628/3281 [01:03\u003c00:16, 39.76clip/s]\r[features] test:  80%|████████  | 2633/3281 [01:03\u003c00:15, 41.28clip/s]\n"}
,{"stream_name":"stderr","time":471.909729631,"data":"\r[features] test:  80%|████████  | 2633/3281 [01:03\u003c00:15, 41.28clip/s]\r[features] test:  80%|████████  | 2638/3281 [01:03\u003c00:14, 43.22clip/s]\n"}
,{"stream_name":"stderr","time":472.045791396,"data":"\r[features] test:  80%|████████  | 2638/3281 [01:03\u003c00:14, 43.22clip/s]\r[features] test:  81%|████████  | 2643/3281 [01:03\u003c00:15, 41.02clip/s]\n"}
,{"stream_name":"stderr","time":472.147726739,"data":"\r[features] test:  81%|████████  | 2643/3281 [01:03\u003c00:15, 41.02clip/s]\r[features] test:  81%|████████  | 2648/3281 [01:03\u003c00:14, 43.25clip/s]\n"}
,{"stream_name":"stderr","time":472.32210038,"data":"\r[features] test:  81%|████████  | 2648/3281 [01:03\u003c00:14, 43.25clip/s]\r[features] test:  81%|████████  | 2653/3281 [01:03\u003c00:16, 37.57clip/s]\n"}
,{"stream_name":"stderr","time":472.433098083,"data":"\r[features] test:  81%|████████  | 2653/3281 [01:03\u003c00:16, 37.57clip/s]\r[features] test:  81%|████████  | 2658/3281 [01:03\u003c00:15, 39.45clip/s]\n"}
,{"stream_name":"stderr","time":472.561918152,"data":"\r[features] test:  81%|████████  | 2658/3281 [01:03\u003c00:15, 39.45clip/s]\r[features] test:  81%|████████  | 2663/3281 [01:04\u003c00:15, 39.28clip/s]\n"}
,{"stream_name":"stderr","time":472.670725342,"data":"\r[features] test:  81%|████████  | 2663/3281 [01:04\u003c00:15, 39.28clip/s]\r[features] test:  81%|████████▏ | 2668/3281 [01:04\u003c00:14, 41.07clip/s]\n"}
,{"stream_name":"stderr","time":472.779097027,"data":"\r[features] test:  81%|████████▏ | 2668/3281 [01:04\u003c00:14, 41.07clip/s]\r[features] test:  81%|████████▏ | 2673/3281 [01:04\u003c00:14, 42.38clip/s]\n"}
,{"stream_name":"stderr","time":473.067616362,"data":"\r[features] test:  81%|████████▏ | 2673/3281 [01:04\u003c00:14, 42.38clip/s]\r[features] test:  82%|████████▏ | 2678/3281 [01:04\u003c00:20, 29.61clip/s]\n"}
,{"stream_name":"stderr","time":473.177958507,"data":"\r[features] test:  82%|████████▏ | 2678/3281 [01:04\u003c00:20, 29.61clip/s]\r[features] test:  82%|████████▏ | 2683/3281 [01:04\u003c00:18, 33.17clip/s]\n"}
,{"stream_name":"stderr","time":473.284029954,"data":"\r[features] test:  82%|████████▏ | 2683/3281 [01:04\u003c00:18, 33.17clip/s]\r[features] test:  82%|████████▏ | 2688/3281 [01:04\u003c00:16, 36.21clip/s]\n"}
,{"stream_name":"stderr","time":473.417167935,"data":"\r[features] test:  82%|████████▏ | 2688/3281 [01:04\u003c00:16, 36.21clip/s]\r[features] test:  82%|████████▏ | 2693/3281 [01:04\u003c00:16, 36.56clip/s]\n"}
,{"stream_name":"stderr","time":473.521281336,"data":"\r[features] test:  82%|████████▏ | 2693/3281 [01:04\u003c00:16, 36.56clip/s]\r[features] test:  82%|████████▏ | 2697/3281 [01:05\u003c00:15, 37.05clip/s]\n"}
,{"stream_name":"stderr","time":473.775526742,"data":"\r[features] test:  82%|████████▏ | 2697/3281 [01:05\u003c00:15, 37.05clip/s]\r[features] test:  82%|████████▏ | 2701/3281 [01:05\u003c00:21, 27.21clip/s]\n"}
,{"stream_name":"stderr","time":473.883987308,"data":"\r[features] test:  82%|████████▏ | 2701/3281 [01:05\u003c00:21, 27.21clip/s]\r[features] test:  82%|████████▏ | 2706/3281 [01:05\u003c00:18, 31.33clip/s]\n"}
,{"stream_name":"stderr","time":473.991445836,"data":"\r[features] test:  82%|████████▏ | 2706/3281 [01:05\u003c00:18, 31.33clip/s]\r[features] test:  83%|████████▎ | 2711/3281 [01:05\u003c00:16, 35.00clip/s]\n"}
,{"stream_name":"stderr","time":474.091738179,"data":"\r[features] test:  83%|████████▎ | 2711/3281 [01:05\u003c00:16, 35.00clip/s]\r[features] test:  83%|████████▎ | 2716/3281 [01:05\u003c00:14, 38.52clip/s]\n"}
,{"stream_name":"stderr","time":474.207977763,"data":"\r[features] test:  83%|████████▎ | 2716/3281 [01:05\u003c00:14, 38.52clip/s]\r[features] test:  83%|████████▎ | 2722/3281 [01:05\u003c00:13, 42.23clip/s]\n"}
,{"stream_name":"stderr","time":474.319073179,"data":"\r[features] test:  83%|████████▎ | 2722/3281 [01:05\u003c00:13, 42.23clip/s]\r[features] test:  83%|████████▎ | 2727/3281 [01:05\u003c00:12, 42.96clip/s]\n"}
,{"stream_name":"stderr","time":474.429783415,"data":"\r[features] test:  83%|████████▎ | 2727/3281 [01:05\u003c00:12, 42.96clip/s]\r[features] test:  83%|████████▎ | 2732/3281 [01:05\u003c00:12, 43.64clip/s]\n"}
,{"stream_name":"stderr","time":474.546445134,"data":"\r[features] test:  83%|████████▎ | 2732/3281 [01:05\u003c00:12, 43.64clip/s]\r[features] test:  83%|████████▎ | 2737/3281 [01:06\u003c00:12, 43.43clip/s]\n"}
,{"stream_name":"stderr","time":474.654743776,"data":"\r[features] test:  83%|████████▎ | 2737/3281 [01:06\u003c00:12, 43.43clip/s]\r[features] test:  84%|████████▎ | 2742/3281 [01:06\u003c00:12, 44.16clip/s]\n"}
,{"stream_name":"stderr","time":474.781161112,"data":"\r[features] test:  84%|████████▎ | 2742/3281 [01:06\u003c00:12, 44.16clip/s]\r[features] test:  84%|████████▎ | 2747/3281 [01:06\u003c00:12, 42.69clip/s]\n"}
,{"stream_name":"stderr","time":474.909650729,"data":"\r[features] test:  84%|████████▎ | 2747/3281 [01:06\u003c00:12, 42.69clip/s]\r[features] test:  84%|████████▍ | 2752/3281 [01:06\u003c00:12, 41.51clip/s]\n"}
,{"stream_name":"stderr","time":475.072402926,"data":"\r[features] test:  84%|████████▍ | 2752/3281 [01:06\u003c00:12, 41.51clip/s]\r[features] test:  84%|████████▍ | 2757/3281 [01:06\u003c00:13, 37.56clip/s]\n"}
,{"stream_name":"stderr","time":475.196427937,"data":"\r[features] test:  84%|████████▍ | 2757/3281 [01:06\u003c00:13, 37.56clip/s]\r[features] test:  84%|████████▍ | 2762/3281 [01:06\u003c00:13, 38.31clip/s]\n"}
,{"stream_name":"stderr","time":475.339401471,"data":"\r[features] test:  84%|████████▍ | 2762/3281 [01:06\u003c00:13, 38.31clip/s]\r[features] test:  84%|████████▍ | 2766/3281 [01:06\u003c00:14, 35.05clip/s]\n"}
,{"stream_name":"stderr","time":475.467169343,"data":"\r[features] test:  84%|████████▍ | 2766/3281 [01:06\u003c00:14, 35.05clip/s]\r[features] test:  84%|████████▍ | 2772/3281 [01:06\u003c00:13, 38.49clip/s]\n"}
,{"stream_name":"stderr","time":475.584814876,"data":"\r[features] test:  84%|████████▍ | 2772/3281 [01:06\u003c00:13, 38.49clip/s]\r[features] test:  85%|████████▍ | 2778/3281 [01:07\u003c00:11, 41.94clip/s]\n"}
,{"stream_name":"stderr","time":475.706471973,"data":"\r[features] test:  85%|████████▍ | 2778/3281 [01:07\u003c00:11, 41.94clip/s]\r[features] test:  85%|████████▍ | 2783/3281 [01:07\u003c00:11, 41.65clip/s]\n"}
,{"stream_name":"stderr","time":475.812397347,"data":"\r[features] test:  85%|████████▍ | 2783/3281 [01:07\u003c00:11, 41.65clip/s]\r[features] test:  85%|████████▍ | 2788/3281 [01:07\u003c00:11, 43.11clip/s]\n"}
,{"stream_name":"stderr","time":476.233472464,"data":"\r[features] test:  85%|████████▍ | 2788/3281 [01:07\u003c00:11, 43.11clip/s]\r[features] test:  85%|████████▌ | 2793/3281 [01:07\u003c00:12, 38.91clip/s]\n"}
,{"stream_name":"stderr","time":476.235072782,"data":"\r[features] test:  85%|████████▌ | 2793/3281 [01:07\u003c00:12, 38.91clip/s]\r[features] test:  85%|████████▌ | 2798/3281 [01:07\u003c00:15, 30.78clip/s]\n"}
,{"stream_name":"stderr","time":476.371614109,"data":"\r[features] test:  85%|████████▌ | 2798/3281 [01:07\u003c00:15, 30.78clip/s]\r[features] test:  85%|████████▌ | 2802/3281 [01:07\u003c00:16, 29.27clip/s]\n"}
,{"stream_name":"stderr","time":476.51117403,"data":"\r[features] test:  85%|████████▌ | 2802/3281 [01:07\u003c00:16, 29.27clip/s]\r[features] test:  86%|████████▌ | 2806/3281 [01:07\u003c00:16, 29.11clip/s]\n"}
,{"stream_name":"stderr","time":476.624840617,"data":"\r[features] test:  86%|████████▌ | 2806/3281 [01:07\u003c00:16, 29.11clip/s]\r[features] test:  86%|████████▌ | 2810/3281 [01:08\u003c00:15, 30.56clip/s]\n"}
,{"stream_name":"stderr","time":476.732711252,"data":"\r[features] test:  86%|████████▌ | 2810/3281 [01:08\u003c00:15, 30.56clip/s]\r[features] test:  86%|████████▌ | 2814/3281 [01:08\u003c00:14, 32.17clip/s]\n"}
,{"stream_name":"stderr","time":476.858881912,"data":"\r[features] test:  86%|████████▌ | 2814/3281 [01:08\u003c00:14, 32.17clip/s]\r[features] test:  86%|████████▌ | 2820/3281 [01:08\u003c00:12, 36.59clip/s]\n"}
,{"stream_name":"stderr","time":476.968053127,"data":"\r[features] test:  86%|████████▌ | 2820/3281 [01:08\u003c00:12, 36.59clip/s]\r[features] test:  86%|████████▌ | 2825/3281 [01:08\u003c00:11, 39.06clip/s]\n"}
,{"stream_name":"stderr","time":477.078830669,"data":"\r[features] test:  86%|████████▌ | 2825/3281 [01:08\u003c00:11, 39.06clip/s]\r[features] test:  86%|████████▋ | 2830/3281 [01:08\u003c00:11, 40.73clip/s]\n"}
,{"stream_name":"stderr","time":477.196303027,"data":"\r[features] test:  86%|████████▋ | 2830/3281 [01:08\u003c00:11, 40.73clip/s]\r[features] test:  86%|████████▋ | 2835/3281 [01:08\u003c00:10, 41.28clip/s]\n"}
,{"stream_name":"stderr","time":477.312605833,"data":"\r[features] test:  86%|████████▋ | 2835/3281 [01:08\u003c00:10, 41.28clip/s]\r[features] test:  87%|████████▋ | 2840/3281 [01:08\u003c00:10, 41.82clip/s]\n"}
,{"stream_name":"stderr","time":477.423876368,"data":"\r[features] test:  87%|████████▋ | 2840/3281 [01:08\u003c00:10, 41.82clip/s]\r[features] test:  87%|████████▋ | 2845/3281 [01:08\u003c00:10, 42.64clip/s]\n"}
,{"stream_name":"stderr","time":477.53019319,"data":"\r[features] test:  87%|████████▋ | 2845/3281 [01:08\u003c00:10, 42.64clip/s]\r[features] test:  87%|████████▋ | 2850/3281 [01:09\u003c00:09, 43.90clip/s]\n"}
,{"stream_name":"stderr","time":477.638485205,"data":"\r[features] test:  87%|████████▋ | 2850/3281 [01:09\u003c00:09, 43.90clip/s]\r[features] test:  87%|████████▋ | 2855/3281 [01:09\u003c00:09, 44.56clip/s]\n"}
,{"stream_name":"stderr","time":477.757756137,"data":"\r[features] test:  87%|████████▋ | 2855/3281 [01:09\u003c00:09, 44.56clip/s]\r[features] test:  87%|████████▋ | 2860/3281 [01:09\u003c00:09, 43.71clip/s]\n"}
,{"stream_name":"stderr","time":477.866255661,"data":"\r[features] test:  87%|████████▋ | 2860/3281 [01:09\u003c00:09, 43.71clip/s]\r[features] test:  87%|████████▋ | 2865/3281 [01:09\u003c00:09, 44.39clip/s]\n"}
,{"stream_name":"stderr","time":477.989739163,"data":"\r[features] test:  87%|████████▋ | 2865/3281 [01:09\u003c00:09, 44.39clip/s]\r[features] test:  88%|████████▊ | 2871/3281 [01:09\u003c00:08, 45.75clip/s]\n"}
,{"stream_name":"stderr","time":478.096872966,"data":"\r[features] test:  88%|████████▊ | 2871/3281 [01:09\u003c00:08, 45.75clip/s]\r[features] test:  88%|████████▊ | 2876/3281 [01:09\u003c00:08, 46.00clip/s]\n"}
,{"stream_name":"stderr","time":478.206369434,"data":"\r[features] test:  88%|████████▊ | 2876/3281 [01:09\u003c00:08, 46.00clip/s]\r[features] test:  88%|████████▊ | 2881/3281 [01:09\u003c00:08, 45.94clip/s]\n"}
,{"stream_name":"stderr","time":478.317988135,"data":"\r[features] test:  88%|████████▊ | 2881/3281 [01:09\u003c00:08, 45.94clip/s]\r[features] test:  88%|████████▊ | 2886/3281 [01:09\u003c00:08, 45.66clip/s]\n"}
,{"stream_name":"stderr","time":478.44381405,"data":"\r[features] test:  88%|████████▊ | 2886/3281 [01:09\u003c00:08, 45.66clip/s]\r[features] test:  88%|████████▊ | 2891/3281 [01:09\u003c00:08, 43.71clip/s]\n"}
,{"stream_name":"stderr","time":478.54795111,"data":"\r[features] test:  88%|████████▊ | 2891/3281 [01:09\u003c00:08, 43.71clip/s]\r[features] test:  88%|████████▊ | 2896/3281 [01:10\u003c00:08, 44.83clip/s]\n"}
,{"stream_name":"stderr","time":478.648937079,"data":"\r[features] test:  88%|████████▊ | 2896/3281 [01:10\u003c00:08, 44.83clip/s]\r[features] test:  88%|████████▊ | 2901/3281 [01:10\u003c00:08, 46.13clip/s]\n"}
,{"stream_name":"stderr","time":478.774884585,"data":"\r[features] test:  88%|████████▊ | 2901/3281 [01:10\u003c00:08, 46.13clip/s]\r[features] test:  89%|████████▊ | 2906/3281 [01:10\u003c00:08, 44.01clip/s]\n"}
,{"stream_name":"stderr","time":478.879948886,"data":"\r[features] test:  89%|████████▊ | 2906/3281 [01:10\u003c00:08, 44.01clip/s]\r[features] test:  89%|████████▊ | 2911/3281 [01:10\u003c00:08, 45.04clip/s]\n"}
,{"stream_name":"stderr","time":478.992205752,"data":"\r[features] test:  89%|████████▊ | 2911/3281 [01:10\u003c00:08, 45.04clip/s]\r[features] test:  89%|████████▉ | 2916/3281 [01:10\u003c00:08, 44.95clip/s]\n"}
,{"stream_name":"stderr","time":479.097237772,"data":"\r[features] test:  89%|████████▉ | 2916/3281 [01:10\u003c00:08, 44.95clip/s]\r[features] test:  89%|████████▉ | 2921/3281 [01:10\u003c00:07, 45.68clip/s]\n"}
,{"stream_name":"stderr","time":479.212996283,"data":"\r[features] test:  89%|████████▉ | 2921/3281 [01:10\u003c00:07, 45.68clip/s]\r[features] test:  89%|████████▉ | 2926/3281 [01:10\u003c00:07, 44.92clip/s]\n"}
,{"stream_name":"stderr","time":479.326665959,"data":"\r[features] test:  89%|████████▉ | 2926/3281 [01:10\u003c00:07, 44.92clip/s]\r[features] test:  89%|████████▉ | 2931/3281 [01:10\u003c00:07, 44.57clip/s]\n"}
,{"stream_name":"stderr","time":479.444761437,"data":"\r[features] test:  89%|████████▉ | 2931/3281 [01:10\u003c00:07, 44.57clip/s]\r[features] test:  90%|████████▉ | 2937/3281 [01:10\u003c00:07, 46.48clip/s]\n"}
,{"stream_name":"stderr","time":479.563818947,"data":"\r[features] test:  90%|████████▉ | 2937/3281 [01:10\u003c00:07, 46.48clip/s]\r[features] test:  90%|████████▉ | 2943/3281 [01:11\u003c00:07, 47.73clip/s]\n"}
,{"stream_name":"stderr","time":479.682485094,"data":"\r[features] test:  90%|████████▉ | 2943/3281 [01:11\u003c00:07, 47.73clip/s]\r[features] test:  90%|████████▉ | 2949/3281 [01:11\u003c00:06, 48.67clip/s]\n"}
,{"stream_name":"stderr","time":479.7882552,"data":"\r[features] test:  90%|████████▉ | 2949/3281 [01:11\u003c00:06, 48.67clip/s]\r[features] test:  90%|█████████ | 2954/3281 [01:11\u003c00:06, 48.27clip/s]\n"}
,{"stream_name":"stderr","time":479.891257396,"data":"\r[features] test:  90%|█████████ | 2954/3281 [01:11\u003c00:06, 48.27clip/s]\r[features] test:  90%|█████████ | 2959/3281 [01:11\u003c00:06, 48.35clip/s]\n"}
,{"stream_name":"stderr","time":480.035426425,"data":"\r[features] test:  90%|█████████ | 2959/3281 [01:11\u003c00:06, 48.35clip/s]\r[features] test:  90%|█████████ | 2964/3281 [01:11\u003c00:07, 43.42clip/s]\n"}
,{"stream_name":"stderr","time":480.183668833,"data":"\r[features] test:  90%|█████████ | 2964/3281 [01:11\u003c00:07, 43.42clip/s]\r[features] test:  90%|█████████ | 2969/3281 [01:11\u003c00:07, 40.06clip/s]\n"}
,{"stream_name":"stderr","time":480.284093593,"data":"\r[features] test:  90%|█████████ | 2969/3281 [01:11\u003c00:07, 40.06clip/s]\r[features] test:  91%|█████████ | 2974/3281 [01:11\u003c00:07, 42.49clip/s]\n"}
,{"stream_name":"stderr","time":480.404860137,"data":"\r[features] test:  91%|█████████ | 2974/3281 [01:11\u003c00:07, 42.49clip/s]\r[features] test:  91%|█████████ | 2979/3281 [01:11\u003c00:07, 42.14clip/s]\n"}
,{"stream_name":"stderr","time":480.559932261,"data":"\r[features] test:  91%|█████████ | 2979/3281 [01:11\u003c00:07, 42.14clip/s]\r[features] test:  91%|█████████ | 2984/3281 [01:12\u003c00:07, 38.64clip/s]\n"}
,{"stream_name":"stderr","time":480.678264191,"data":"\r[features] test:  91%|█████████ | 2984/3281 [01:12\u003c00:07, 38.64clip/s]\r[features] test:  91%|█████████ | 2989/3281 [01:12\u003c00:07, 39.62clip/s]\n"}
,{"stream_name":"stderr","time":480.816274592,"data":"\r[features] test:  91%|█████████ | 2989/3281 [01:12\u003c00:07, 39.62clip/s]\r[features] test:  91%|█████████▏| 2994/3281 [01:12\u003c00:07, 38.60clip/s]\n"}
,{"stream_name":"stderr","time":480.948892106,"data":"\r[features] test:  91%|█████████▏| 2994/3281 [01:12\u003c00:07, 38.60clip/s]\r[features] test:  91%|█████████▏| 2998/3281 [01:12\u003c00:07, 36.00clip/s]\n"}
,{"stream_name":"stderr","time":481.071277959,"data":"\r[features] test:  91%|█████████▏| 2998/3281 [01:12\u003c00:07, 36.00clip/s]\r[features] test:  92%|█████████▏| 3004/3281 [01:12\u003c00:06, 39.73clip/s]\n"}
,{"stream_name":"stderr","time":481.219084536,"data":"\r[features] test:  92%|█████████▏| 3004/3281 [01:12\u003c00:06, 39.73clip/s]\r[features] test:  92%|█████████▏| 3009/3281 [01:12\u003c00:07, 38.00clip/s]\n"}
,{"stream_name":"stderr","time":481.370206924,"data":"\r[features] test:  92%|█████████▏| 3009/3281 [01:12\u003c00:07, 38.00clip/s]\r[features] test:  92%|█████████▏| 3013/3281 [01:12\u003c00:07, 34.16clip/s]\n"}
,{"stream_name":"stderr","time":481.474610769,"data":"\r[features] test:  92%|█████████▏| 3013/3281 [01:12\u003c00:07, 34.16clip/s]\r[features] test:  92%|█████████▏| 3017/3281 [01:12\u003c00:07, 35.07clip/s]\n"}
,{"stream_name":"stderr","time":481.590496072,"data":"\r[features] test:  92%|█████████▏| 3017/3281 [01:12\u003c00:07, 35.07clip/s]\r[features] test:  92%|█████████▏| 3022/3281 [01:13\u003c00:06, 37.31clip/s]\n"}
,{"stream_name":"stderr","time":481.703660343,"data":"\r[features] test:  92%|█████████▏| 3022/3281 [01:13\u003c00:06, 37.31clip/s]\r[features] test:  92%|█████████▏| 3027/3281 [01:13\u003c00:06, 39.25clip/s]\n"}
,{"stream_name":"stderr","time":481.816643073,"data":"\r[features] test:  92%|█████████▏| 3027/3281 [01:13\u003c00:06, 39.25clip/s]\r[features] test:  92%|█████████▏| 3033/3281 [01:13\u003c00:05, 43.14clip/s]\n"}
,{"stream_name":"stderr","time":481.930267189,"data":"\r[features] test:  92%|█████████▏| 3033/3281 [01:13\u003c00:05, 43.14clip/s]\r[features] test:  93%|█████████▎| 3038/3281 [01:13\u003c00:05, 43.40clip/s]\n"}
,{"stream_name":"stderr","time":482.040919838,"data":"\r[features] test:  93%|█████████▎| 3038/3281 [01:13\u003c00:05, 43.40clip/s]\r[features] test:  93%|█████████▎| 3043/3281 [01:13\u003c00:05, 44.04clip/s]\n"}
,{"stream_name":"stderr","time":482.154903215,"data":"\r[features] test:  93%|█████████▎| 3043/3281 [01:13\u003c00:05, 44.04clip/s]\r[features] test:  93%|█████████▎| 3049/3281 [01:13\u003c00:04, 46.43clip/s]\n"}
,{"stream_name":"stderr","time":482.258714019,"data":"\r[features] test:  93%|█████████▎| 3049/3281 [01:13\u003c00:04, 46.43clip/s]\r[features] test:  93%|█████████▎| 3054/3281 [01:13\u003c00:04, 47.25clip/s]\n"}
,{"stream_name":"stderr","time":482.377483954,"data":"\r[features] test:  93%|█████████▎| 3054/3281 [01:13\u003c00:04, 47.25clip/s]\r[features] test:  93%|█████████▎| 3060/3281 [01:13\u003c00:04, 48.00clip/s]\n"}
,{"stream_name":"stderr","time":482.490755652,"data":"\r[features] test:  93%|█████████▎| 3060/3281 [01:13\u003c00:04, 48.00clip/s]\r[features] test:  93%|█████████▎| 3065/3281 [01:13\u003c00:04, 46.94clip/s]\n"}
,{"stream_name":"stderr","time":482.600997234,"data":"\r[features] test:  93%|█████████▎| 3065/3281 [01:13\u003c00:04, 46.94clip/s]\r[features] test:  94%|█████████▎| 3070/3281 [01:14\u003c00:04, 46.33clip/s]\n"}
,{"stream_name":"stderr","time":482.737178851,"data":"\r[features] test:  94%|█████████▎| 3070/3281 [01:14\u003c00:04, 46.33clip/s]\r[features] test:  94%|█████████▎| 3075/3281 [01:14\u003c00:04, 43.09clip/s]\n"}
,{"stream_name":"stderr","time":482.865637416,"data":"\r[features] test:  94%|█████████▎| 3075/3281 [01:14\u003c00:04, 43.09clip/s]\r[features] test:  94%|█████████▍| 3080/3281 [01:14\u003c00:04, 41.82clip/s]\n"}
,{"stream_name":"stderr","time":483.030613507,"data":"\r[features] test:  94%|█████████▍| 3080/3281 [01:14\u003c00:04, 41.82clip/s]\r[features] test:  94%|█████████▍| 3085/3281 [01:14\u003c00:05, 37.68clip/s]\n"}
,{"stream_name":"stderr","time":483.151711977,"data":"\r[features] test:  94%|█████████▍| 3085/3281 [01:14\u003c00:05, 37.68clip/s]\r[features] test:  94%|█████████▍| 3090/3281 [01:14\u003c00:04, 38.54clip/s]\n"}
,{"stream_name":"stderr","time":483.357336273,"data":"\r[features] test:  94%|█████████▍| 3090/3281 [01:14\u003c00:04, 38.54clip/s]\r[features] test:  94%|█████████▍| 3094/3281 [01:14\u003c00:06, 30.93clip/s]\n"}
,{"stream_name":"stderr","time":483.46237485,"data":"\r[features] test:  94%|█████████▍| 3094/3281 [01:14\u003c00:06, 30.93clip/s]\r[features] test:  94%|█████████▍| 3099/3281 [01:14\u003c00:05, 34.75clip/s]\n"}
,{"stream_name":"stderr","time":483.576350961,"data":"\r[features] test:  94%|█████████▍| 3099/3281 [01:14\u003c00:05, 34.75clip/s]\r[features] test:  95%|█████████▍| 3105/3281 [01:15\u003c00:04, 39.40clip/s]\n"}
,{"stream_name":"stderr","time":483.679862651,"data":"\r[features] test:  95%|█████████▍| 3105/3281 [01:15\u003c00:04, 39.40clip/s]\r[features] test:  95%|█████████▍| 3110/3281 [01:15\u003c00:04, 41.53clip/s]\n"}
,{"stream_name":"stderr","time":483.823306615,"data":"\r[features] test:  95%|█████████▍| 3110/3281 [01:15\u003c00:04, 41.53clip/s]\r[features] test:  95%|█████████▍| 3115/3281 [01:15\u003c00:04, 39.35clip/s]\n"}
,{"stream_name":"stderr","time":483.934622586,"data":"\r[features] test:  95%|█████████▍| 3115/3281 [01:15\u003c00:04, 39.35clip/s]\r[features] test:  95%|█████████▌| 3120/3281 [01:15\u003c00:03, 40.79clip/s]\n"}
,{"stream_name":"stderr","time":484.050765099,"data":"\r[features] test:  95%|█████████▌| 3120/3281 [01:15\u003c00:03, 40.79clip/s]\r[features] test:  95%|█████████▌| 3125/3281 [01:15\u003c00:03, 41.43clip/s]\n"}
,{"stream_name":"stderr","time":484.172919937,"data":"\r[features] test:  95%|█████████▌| 3125/3281 [01:15\u003c00:03, 41.43clip/s]\r[features] test:  95%|█████████▌| 3130/3281 [01:15\u003c00:03, 41.33clip/s]\n"}
,{"stream_name":"stderr","time":484.306139875,"data":"\r[features] test:  95%|█████████▌| 3130/3281 [01:15\u003c00:03, 41.33clip/s]\r[features] test:  96%|█████████▌| 3135/3281 [01:15\u003c00:03, 40.11clip/s]\n"}
,{"stream_name":"stderr","time":484.419001861,"data":"\r[features] test:  96%|█████████▌| 3135/3281 [01:15\u003c00:03, 40.11clip/s]\r[features] test:  96%|█████████▌| 3140/3281 [01:15\u003c00:03, 41.25clip/s]\n"}
,{"stream_name":"stderr","time":484.545982931,"data":"\r[features] test:  96%|█████████▌| 3140/3281 [01:15\u003c00:03, 41.25clip/s]\r[features] test:  96%|█████████▌| 3146/3281 [01:16\u003c00:03, 43.10clip/s]\n"}
,{"stream_name":"stderr","time":484.66139932,"data":"\r[features] test:  96%|█████████▌| 3146/3281 [01:16\u003c00:03, 43.10clip/s]\r[features] test:  96%|█████████▌| 3152/3281 [01:16\u003c00:02, 45.67clip/s]\n"}
,{"stream_name":"stderr","time":484.767843738,"data":"\r[features] test:  96%|█████████▌| 3152/3281 [01:16\u003c00:02, 45.67clip/s]\r[features] test:  96%|█████████▌| 3157/3281 [01:16\u003c00:02, 46.03clip/s]\n"}
,{"stream_name":"stderr","time":484.876351534,"data":"\r[features] test:  96%|█████████▌| 3157/3281 [01:16\u003c00:02, 46.03clip/s]\r[features] test:  96%|█████████▋| 3162/3281 [01:16\u003c00:02, 46.03clip/s]\n"}
,{"stream_name":"stderr","time":485.000938132,"data":"\r[features] test:  96%|█████████▋| 3162/3281 [01:16\u003c00:02, 46.03clip/s]\r[features] test:  97%|█████████▋| 3167/3281 [01:16\u003c00:02, 44.19clip/s]\n"}
,{"stream_name":"stderr","time":485.115344114,"data":"\r[features] test:  97%|█████████▋| 3167/3281 [01:16\u003c00:02, 44.19clip/s]\r[features] test:  97%|█████████▋| 3172/3281 [01:16\u003c00:02, 44.03clip/s]\n"}
,{"stream_name":"stderr","time":485.218329683,"data":"\r[features] test:  97%|█████████▋| 3172/3281 [01:16\u003c00:02, 44.03clip/s]\r[features] test:  97%|█████████▋| 3177/3281 [01:16\u003c00:02, 45.24clip/s]\n"}
,{"stream_name":"stderr","time":485.335069549,"data":"\r[features] test:  97%|█████████▋| 3177/3281 [01:16\u003c00:02, 45.24clip/s]\r[features] test:  97%|█████████▋| 3182/3281 [01:16\u003c00:02, 44.55clip/s]\n"}
,{"stream_name":"stderr","time":485.462099397,"data":"\r[features] test:  97%|█████████▋| 3182/3281 [01:16\u003c00:02, 44.55clip/s]\r[features] test:  97%|█████████▋| 3187/3281 [01:16\u003c00:02, 42.87clip/s]\n"}
,{"stream_name":"stderr","time":485.577490029,"data":"\r[features] test:  97%|█████████▋| 3187/3281 [01:16\u003c00:02, 42.87clip/s]\r[features] test:  97%|█████████▋| 3193/3281 [01:17\u003c00:01, 45.52clip/s]\n"}
,{"stream_name":"stderr","time":485.683599069,"data":"\r[features] test:  97%|█████████▋| 3193/3281 [01:17\u003c00:01, 45.52clip/s]\r[features] test:  97%|█████████▋| 3198/3281 [01:17\u003c00:01, 46.06clip/s]\n"}
,{"stream_name":"stderr","time":485.805942109,"data":"\r[features] test:  97%|█████████▋| 3198/3281 [01:17\u003c00:01, 46.06clip/s]\r[features] test:  98%|█████████▊| 3203/3281 [01:17\u003c00:01, 44.37clip/s]\n"}
,{"stream_name":"stderr","time":485.921023501,"data":"\r[features] test:  98%|█████████▊| 3203/3281 [01:17\u003c00:01, 44.37clip/s]\r[features] test:  98%|█████████▊| 3208/3281 [01:17\u003c00:01, 44.06clip/s]\n"}
,{"stream_name":"stderr","time":486.023632925,"data":"\r[features] test:  98%|█████████▊| 3208/3281 [01:17\u003c00:01, 44.06clip/s]\r[features] test:  98%|█████████▊| 3213/3281 [01:17\u003c00:01, 45.34clip/s]\n"}
,{"stream_name":"stderr","time":486.143235238,"data":"\r[features] test:  98%|█████████▊| 3213/3281 [01:17\u003c00:01, 45.34clip/s]\r[features] test:  98%|█████████▊| 3218/3281 [01:17\u003c00:01, 44.24clip/s]\n"}
,{"stream_name":"stderr","time":486.246719671,"data":"\r[features] test:  98%|█████████▊| 3218/3281 [01:17\u003c00:01, 44.24clip/s]\r[features] test:  98%|█████████▊| 3223/3281 [01:17\u003c00:01, 45.38clip/s]\n"}
,{"stream_name":"stderr","time":486.360532705,"data":"\r[features] test:  98%|█████████▊| 3223/3281 [01:17\u003c00:01, 45.38clip/s]\r[features] test:  98%|█████████▊| 3228/3281 [01:17\u003c00:01, 44.99clip/s]\n"}
,{"stream_name":"stderr","time":486.464864231,"data":"\r[features] test:  98%|█████████▊| 3228/3281 [01:17\u003c00:01, 44.99clip/s]\r[features] test:  99%|█████████▊| 3233/3281 [01:17\u003c00:01, 45.84clip/s]\n"}
,{"stream_name":"stderr","time":486.577460557,"data":"\r[features] test:  99%|█████████▊| 3233/3281 [01:17\u003c00:01, 45.84clip/s]\r[features] test:  99%|█████████▊| 3239/3281 [01:18\u003c00:00, 48.10clip/s]\n"}
,{"stream_name":"stderr","time":486.703430714,"data":"\r[features] test:  99%|█████████▊| 3239/3281 [01:18\u003c00:00, 48.10clip/s]\r[features] test:  99%|█████████▉| 3245/3281 [01:18\u003c00:00, 47.91clip/s]\n"}
,{"stream_name":"stderr","time":486.80788191,"data":"\r[features] test:  99%|█████████▉| 3245/3281 [01:18\u003c00:00, 47.91clip/s]\r[features] test:  99%|█████████▉| 3250/3281 [01:18\u003c00:00, 47.91clip/s]\n"}
,{"stream_name":"stderr","time":486.9141755,"data":"\r[features] test:  99%|█████████▉| 3250/3281 [01:18\u003c00:00, 47.91clip/s]\r[features] test:  99%|█████████▉| 3255/3281 [01:18\u003c00:00, 47.64clip/s]\n"}
,{"stream_name":"stderr","time":487.024926409,"data":"\r[features] test:  99%|█████████▉| 3255/3281 [01:18\u003c00:00, 47.64clip/s]\r[features] test:  99%|█████████▉| 3260/3281 [01:18\u003c00:00, 46.90clip/s]\n"}
,{"stream_name":"stderr","time":487.173563798,"data":"\r[features] test:  99%|█████████▉| 3260/3281 [01:18\u003c00:00, 46.90clip/s]\r[features] test: 100%|█████████▉| 3265/3281 [01:18\u003c00:00, 42.15clip/s]\n"}
,{"stream_name":"stderr","time":487.308299453,"data":"\r[features] test: 100%|█████████▉| 3265/3281 [01:18\u003c00:00, 42.15clip/s]\r[features] test: 100%|█████████▉| 3270/3281 [01:18\u003c00:00, 40.65clip/s]\n"}
,{"stream_name":"stderr","time":487.408526458,"data":"\r[features] test: 100%|█████████▉| 3270/3281 [01:18\u003c00:00, 40.65clip/s]\r[features] test: 100%|█████████▉| 3275/3281 [01:18\u003c00:00, 42.73clip/s]\n"}
,{"stream_name":"stderr","time":487.564180614,"data":"\r[features] test: 100%|█████████▉| 3275/3281 [01:18\u003c00:00, 42.73clip/s]\r[features] test: 100%|█████████▉| 3280/3281 [01:19\u003c00:00, 38.93clip/s]\n"}
,{"stream_name":"stderr","time":487.589451214,"data":"\r[features] test: 100%|█████████▉| 3280/3281 [01:19\u003c00:00, 38.93clip/s]\r[features] test: 100%|██████████| 3281/3281 [01:19\u003c00:00, 41.49clip/s]\n"}
,{"stream_name":"stderr","time":487.609950348,"data":"\r[features] test: 100%|██████████| 3281/3281 [01:19\u003c00:00, 41.49clip/s]\n"}
,{"stream_name":"stderr","time":487.609986828,"data":"\n"}
,{"stream_name":"stderr","time":487.612265165,"data":"\n"}
,{"stream_name":"stdout","time":489.019030641,"data":"[features] cached -\u003e /kaggle/working/features_cache_leaky/test_fd68b3ec5c63403a.npz  (mfcc (3281, 2160), zcr (3281, 108), rmse (3281, 108))\n"}
,{"stream_name":"stderr","time":489.426275951,"data":"WARNING: All log messages before absl::InitializeLog() is called are written to STDERR\n"}
,{"stream_name":"stderr","time":489.426337613,"data":"I0000 00:00:1787064488.488414      23 gpu_device.cc:2020] Created device /job:localhost/replica:0/task:0/device:GPU:0 with 15511 MB memory:  -\u003e device: 0, name: Tesla P100-PCIE-16GB, pci bus id: 0000:00:04.0, compute capability: 6.0\n"}
,{"stream_name":"stderr","time":489.628900699,"data":"WARNING: All log messages before absl::InitializeLog() is called are written to STDERR\n"}
,{"stream_name":"stderr","time":489.628961245,"data":"I0000 00:00:1787064488.488414      23 gpu_device.cc:2020] Created device /job:localhost/replica:0/task:0/device:GPU:0 with 15511 MB memory:  -\u003e device: 0, name: Tesla P100-PCIE-16GB, pci bus id: 0000:00:04.0, compute capability: 6.0\n"}
,{"stream_name":"stderr","time":489.628966504,"data":"\n"}
,{"stream_name":"stderr","time":489.628968971,"data":"WARNING: All log messages before absl::InitializeLog() is called are written to STDERR\n"}
,{"stream_name":"stderr","time":489.628971694,"data":"I0000 00:00:1787064488.488414      23 gpu_device.cc:2020] Created device /job:localhost/replica:0/task:0/device:GPU:0 with 15511 MB memory:  -\u003e device: 0, name: Tesla P100-PCIE-16GB, pci bus id: 0000:00:04.0, compute capability: 6.0\n"}
,{"stream_name":"stdout","time":491.154429738,"data":"Epoch 1/50\n"}
,{"stream_name":"stderr","time":505.95419705,"data":"I0000 00:00:1787064505.035365      91 device_compiler.h:196] Compiled cluster using XLA!  This line is logged at most once for the lifetime of the process.\n"}
,{"stream_name":"stderr","time":506.156674876,"data":"I0000 00:00:1787064505.035365      91 device_compiler.h:196] Compiled cluster using XLA!  This line is logged at most once for the lifetime of the process.\n"}
,{"stream_name":"stderr","time":506.156741543,"data":"\n"}
,{"stream_name":"stderr","time":506.156748334,"data":"I0000 00:00:1787064505.035365      91 device_compiler.h:196] Compiled cluster using XLA!  This line is logged at most once for the lifetime of the process.\n"}
,{"stream_name":"stdout","time":538.414816026,"data":"\n"}
,{"stream_name":"stdout","time":538.414853217,"data":"Epoch 1: val_loss improved from None to 2.90459, saving model to /kaggle/working/runs/base_leaky/best_model.keras\n"}
,{"stream_name":"stdout","time":538.697960592,"data":"\n"}
,{"stream_name":"stdout","time":538.698002914,"data":"Epoch 1: finished saving model to /kaggle/working/runs/base_leaky/best_model.keras\n"}
,{"stream_name":"stdout","time":538.769048758,"data":"369/369 - 48s - 129ms/step - accuracy: 0.4826 - loss: 1.5166 - val_accuracy: 0.2056 - val_loss: 2.9046 - learning_rate: 0.0010\n"}
,{"stream_name":"stdout","time":538.77088818,"data":"Epoch 2/50\n"}
,{"stream_name":"stdout","time":568.782849749,"data":"\n"}
,{"stream_name":"stdout","time":568.78289578,"data":"Epoch 2: val_loss improved from 2.90459 to 1.14775, saving model to /kaggle/working/runs/base_leaky/best_model.keras\n"}
,{"stream_name":"stdout","time":569.08629887,"data":"\n"}
,{"stream_name":"stdout","time":569.086340502,"data":"Epoch 2: finished saving model to /kaggle/working/runs/base_leaky/best_model.keras\n"}
,{"stream_name":"stdout","time":569.11283814,"data":"369/369 - 30s - 82ms/step - accuracy: 0.5949 - loss: 1.1348 - val_accuracy: 0.5712 - val_loss: 1.1478 - learning_rate: 0.0010\n"}
,{"stream_name":"stdout","time":569.114477224,"data":"Epoch 3/50\n"}
,{"stream_name":"stdout","time":599.123515124,"data":"\n"}
,{"stream_name":"stdout","time":599.123550931,"data":"Epoch 3: val_loss did not improve from 1.14775\n"}
,{"stream_name":"stdout","time":599.124944086,"data":"369/369 - 30s - 81ms/step - accuracy: 0.6389 - loss: 0.9810 - val_accuracy: 0.5956 - val_loss: 1.2103 - learning_rate: 0.0010\n"}
,{"stream_name":"stdout","time":599.125757595,"data":"Epoch 4/50\n"}
,{"stream_name":"stdout","time":628.853754198,"data":"\n"}
,{"stream_name":"stdout","time":628.853803352,"data":"Epoch 4: val_loss improved from 1.14775 to 0.90032, saving model to /kaggle/working/runs/base_leaky/best_model.keras\n"}
,{"stream_name":"stdout","time":629.467924877,"data":"\n"}
,{"stream_name":"stdout","time":629.467969058,"data":"Epoch 4: finished saving model to /kaggle/working/runs/base_leaky/best_model.keras\n"}
,{"stream_name":"stdout","time":629.469041823,"data":"369/369 - 30s - 82ms/step - accuracy: 0.6881 - loss: 0.8428 - val_accuracy: 0.6580 - val_loss: 0.9003 - learning_rate: 0.0010\n"}
,{"stream_name":"stdout","time":629.469896531,"data":"Epoch 5/50\n"}
,{"stream_name":"stdout","time":659.233813468,"data":"\n"}
,{"stream_name":"stdout","time":659.233870824,"data":"Epoch 5: val_loss did not improve from 0.90032\n"}
,{"stream_name":"stdout","time":659.236230272,"data":"369/369 - 30s - 81ms/step - accuracy: 0.7268 - loss: 0.7357 - val_accuracy: 0.6535 - val_loss: 0.9688 - learning_rate: 0.0010\n"}
,{"stream_name":"stdout","time":659.238431243,"data":"Epoch 6/50\n"}
,{"stream_name":"stdout","time":689.247759073,"data":"\n"}
,{"stream_name":"stdout","time":689.247798441,"data":"Epoch 6: val_loss did not improve from 0.90032\n"}
,{"stream_name":"stdout","time":689.249179278,"data":"369/369 - 30s - 81ms/step - accuracy: 0.7501 - loss: 0.6719 - val_accuracy: 0.5644 - val_loss: 1.4645 - learning_rate: 0.0010\n"}
,{"stream_name":"stdout","time":689.249896113,"data":"Epoch 7/50\n"}
,{"stream_name":"stdout","time":718.964577422,"data":"\n"}
,{"stream_name":"stdout","time":718.964624221,"data":"Epoch 7: val_loss did not improve from 0.90032\n"}
,{"stream_name":"stdout","time":718.96753973,"data":"369/369 - 30s - 81ms/step - accuracy: 0.7791 - loss: 0.6062 - val_accuracy: 0.6527 - val_loss: 0.9819 - learning_rate: 0.0010\n"}
,{"stream_name":"stdout","time":718.969246169,"data":"Epoch 8/50\n"}
,{"stream_name":"stdout","time":748.938579618,"data":"\n"}
,{"stream_name":"stdout","time":748.938654339,"data":"Epoch 8: val_loss did not improve from 0.90032\n"}
,{"stream_name":"stdout","time":748.939570393,"data":"\n"}
,{"stream_name":"stdout","time":748.939615328,"data":"Epoch 8: ReduceLROnPlateau reducing learning rate to 0.0005000000237487257.\n"}
,{"stream_name":"stdout","time":748.940656482,"data":"369/369 - 30s - 81ms/step - accuracy: 0.8226 - loss: 0.4855 - val_accuracy: 0.6375 - val_loss: 1.0614 - learning_rate: 0.0010\n"}
,{"stream_name":"stdout","time":748.941551454,"data":"Epoch 9/50\n"}
,{"stream_name":"stdout","time":778.648735399,"data":"\n"}
,{"stream_name":"stdout","time":778.648787153,"data":"Epoch 9: val_loss did not improve from 0.90032\n"}
,{"stream_name":"stdout","time":778.650884601,"data":"369/369 - 30s - 81ms/step - accuracy: 0.8789 - loss: 0.3387 - val_accuracy: 0.7068 - val_loss: 0.9128 - learning_rate: 5.0000e-04\n"}
,{"stream_name":"stdout","time":778.652657618,"data":"Epoch 10/50\n"}
,{"stream_name":"stdout","time":808.608200728,"data":"\n"}
,{"stream_name":"stdout","time":808.608239774,"data":"Epoch 10: val_loss improved from 0.90032 to 0.85382, saving model to /kaggle/working/runs/base_leaky/best_model.keras\n"}
,{"stream_name":"stdout","time":808.896249766,"data":"\n"}
,{"stream_name":"stdout","time":808.896285775,"data":"Epoch 10: finished saving model to /kaggle/working/runs/base_leaky/best_model.keras\n"}
,{"stream_name":"stdout","time":808.926112904,"data":"369/369 - 30s - 82ms/step - accuracy: 0.9254 - loss: 0.2280 - val_accuracy: 0.7433 - val_loss: 0.8538 - learning_rate: 5.0000e-04\n"}
,{"stream_name":"stdout","time":808.928034242,"data":"Epoch 11/50\n"}
,{"stream_name":"stdout","time":838.907880233,"data":"\n"}
,{"stream_name":"stdout","time":838.907933422,"data":"Epoch 11: val_loss did not improve from 0.85382\n"}
,{"stream_name":"stdout","time":838.908978501,"data":"369/369 - 30s - 81ms/step - accuracy: 0.9530 - loss: 0.1567 - val_accuracy: 0.7388 - val_loss: 0.9018 - learning_rate: 5.0000e-04\n"}
,{"stream_name":"stdout","time":838.90983183,"data":"Epoch 12/50\n"}
,{"stream_name":"stdout","time":868.631170905,"data":"\n"}
,{"stream_name":"stdout","time":868.631219736,"data":"Epoch 12: val_loss did not improve from 0.85382\n"}
,{"stream_name":"stdout","time":868.633536162,"data":"369/369 - 30s - 81ms/step - accuracy: 0.9571 - loss: 0.1337 - val_accuracy: 0.7327 - val_loss: 0.9664 - learning_rate: 5.0000e-04\n"}
,{"stream_name":"stdout","time":868.6350266,"data":"Epoch 13/50\n"}
,{"stream_name":"stdout","time":898.624733564,"data":"\n"}
,{"stream_name":"stdout","time":898.624774239,"data":"Epoch 13: val_loss did not improve from 0.85382\n"}
,{"stream_name":"stdout","time":898.625896384,"data":"369/369 - 30s - 81ms/step - accuracy: 0.9710 - loss: 0.1004 - val_accuracy: 0.7266 - val_loss: 1.1070 - learning_rate: 5.0000e-04\n"}
,{"stream_name":"stdout","time":898.627069808,"data":"Epoch 14/50\n"}
,{"stream_name":"stdout","time":928.383055267,"data":"\n"}
,{"stream_name":"stdout","time":928.383103699,"data":"Epoch 14: val_loss did not improve from 0.85382\n"}
,{"stream_name":"stdout","time":928.386273965,"data":"\n"}
,{"stream_name":"stdout","time":928.38629707,"data":"Epoch 14: ReduceLROnPlateau reducing learning rate to 0.0002500000118743628.\n"}
,{"stream_name":"stdout","time":928.387239868,"data":"369/369 - 30s - 81ms/step - accuracy: 0.9688 - loss: 0.1017 - val_accuracy: 0.7418 - val_loss: 1.0797 - learning_rate: 5.0000e-04\n"}
,{"stream_name":"stdout","time":928.388878775,"data":"Epoch 15/50\n"}
,{"stream_name":"stdout","time":958.412105216,"data":"\n"}
,{"stream_name":"stdout","time":958.412157161,"data":"Epoch 15: val_loss did not improve from 0.85382\n"}
,{"stream_name":"stdout","time":958.413098737,"data":"369/369 - 30s - 81ms/step - accuracy: 0.9813 - loss: 0.0649 - val_accuracy: 0.7388 - val_loss: 1.0463 - learning_rate: 2.5000e-04\n"}
,{"stream_name":"stdout","time":958.413914224,"data":"Epoch 16/50\n"}
,{"stream_name":"stdout","time":988.186316027,"data":"\n"}
,{"stream_name":"stdout","time":988.186393745,"data":"Epoch 16: val_loss did not improve from 0.85382\n"}
,{"stream_name":"stdout","time":988.188982534,"data":"369/369 - 30s - 81ms/step - accuracy: 0.9862 - loss: 0.0503 - val_accuracy: 0.7395 - val_loss: 1.0539 - learning_rate: 2.5000e-04\n"}
,{"stream_name":"stdout","time":988.190796943,"data":"Epoch 17/50\n"}
,{"stream_name":"stdout","time":1018.327977958,"data":"\n"}
,{"stream_name":"stdout","time":1018.328050048,"data":"Epoch 17: val_loss did not improve from 0.85382\n"}
,{"stream_name":"stdout","time":1018.329427814,"data":"369/369 - 30s - 81ms/step - accuracy: 0.9921 - loss: 0.0369 - val_accuracy: 0.7388 - val_loss: 1.1139 - learning_rate: 2.5000e-04\n"}
,{"stream_name":"stdout","time":1018.330418529,"data":"Epoch 18/50\n"}
,{"stream_name":"stdout","time":1047.886620365,"data":"\n"}
,{"stream_name":"stdout","time":1047.886675981,"data":"Epoch 18: val_loss did not improve from 0.85382\n"}
,{"stream_name":"stdout","time":1047.889672399,"data":"\n"}
,{"stream_name":"stdout","time":1047.889706256,"data":"Epoch 18: ReduceLROnPlateau reducing learning rate to 0.0001250000059371814.\n"}
,{"stream_name":"stdout","time":1047.890584223,"data":"369/369 - 30s - 81ms/step - accuracy: 0.9925 - loss: 0.0303 - val_accuracy: 0.7395 - val_loss: 1.1688 - learning_rate: 2.5000e-04\n"}
,{"stream_name":"stdout","time":1047.892347055,"data":"Epoch 19/50\n"}
,{"stream_name":"stdout","time":1077.848446199,"data":"\n"}
,{"stream_name":"stdout","time":1077.848485421,"data":"Epoch 19: val_loss did not improve from 0.85382\n"}
,{"stream_name":"stdout","time":1077.849894728,"data":"369/369 - 30s - 81ms/step - accuracy: 0.9946 - loss: 0.0267 - val_accuracy: 0.7418 - val_loss: 1.1267 - learning_rate: 1.2500e-04\n"}
,{"stream_name":"stdout","time":1077.850718324,"data":"Epoch 20/50\n"}
,{"stream_name":"stdout","time":1107.460652583,"data":"\n"}
,{"stream_name":"stdout","time":1107.460725285,"data":"Epoch 20: val_loss did not improve from 0.85382\n"}
,{"stream_name":"stdout","time":1107.462966596,"data":"369/369 - 30s - 81ms/step - accuracy: 0.9958 - loss: 0.0205 - val_accuracy: 0.7441 - val_loss: 1.1289 - learning_rate: 1.2500e-04\n"}
,{"stream_name":"stdout","time":1107.465033593,"data":"Epoch 20: early stopping\n"}
,{"stream_name":"stdout","time":1107.466205524,"data":"Restoring model weights from the end of the best epoch: 10.\n"}
,{"stream_name":"stdout","time":1108.62222337,"data":"[train] evaluating the checkpointed best model (/kaggle/working/runs/base_leaky/best_model.keras)\n"}
,{"stream_name":"stdout","time":1112.422983125,"data":"[eval] accuracy=0.7266  macroF1=0.7410  MCC=0.6794  kappa=0.6792  AUC=0.9504\n"}
,{"stream_name":"stdout","time":1112.423043292,"data":"[eval] confusion-pair errors: {'sad\u003c-\u003eneutral': 78, 'angry\u003c-\u003efear': 30}\n"}
,{"stream_name":"stdout","time":1112.423051727,"data":"[done] artefacts saved under /kaggle/working/runs/base_leaky/\n"}
,{"stream_name":"stdout","time":1112.678833078,"data":"==================================================================\n"}
,{"stream_name":"stdout","time":1112.679071584,"data":"  DUPLICATE-LEAKAGE CONTROL EXPERIMENT\n"}
,{"stream_name":"stdout","time":1112.684929666,"data":"==================================================================\n"}
,{"stream_name":"stdout","time":1112.684952044,"data":"  base       (clean,  12,162 samples) : 0.5795\n"}
,{"stream_name":"stdout","time":1112.684958562,"data":"  base_leaky (dupes,  16,402 samples) : 0.7266\n"}
,{"stream_name":"stdout","time":1112.684963676,"data":"  difference                          : +0.1471   (+14.71 points)\n"}
,{"stream_name":"stdout","time":1112.684968162,"data":"  base paper reported                 : 0.9491\n"}
,{"stream_name":"stdout","time":1112.684972978,"data":"==================================================================\n"}
,{"stream_name":"stdout","time":1112.684978662,"data":"\n"}
,{"stream_name":"stdout","time":1112.684982776,"data":"  PARTIAL: contamination inflates accuracy, but does not on its\n"}
,{"stream_name":"stdout","time":1112.684987448,"data":"  own account for the gap to 94.91%.\n"}
,{"stream_name":"stdout","time":1112.931992221,"data":"output: ['__notebook__.ipynb', 'features_cache_leaky', 'leakage_experiment.json', 'runs', 'ser']\n"}
,{"stream_name":"stderr","time":1118.856673615,"data":"/usr/local/lib/python3.12/dist-packages/mistune.py:435: SyntaxWarning: invalid escape sequence '\\|'\n"}
,{"stream_name":"stderr","time":1118.85673083,"data":"  cells[i][c] = re.sub('\\\\\\\\\\|', '|', cell)\n"}
,{"stream_name":"stderr","time":1119.005980638,"data":"/usr/local/lib/python3.12/dist-packages/nbconvert/filters/filter_links.py:36: SyntaxWarning: invalid escape sequence '\\_'\n"}
,{"stream_name":"stderr","time":1119.006019695,"data":"  text = re.sub(r'_', '\\_', text) # Escape underscores in display text\n"}
,{"stream_name":"stderr","time":1119.61854708,"data":"[NbConvertApp] Converting notebook __notebook__.ipynb to notebook\n"}
,{"stream_name":"stderr","time":1120.363620297,"data":"[NbConvertApp] Writing 64217 bytes to __notebook__.ipynb\n"}
,{"stream_name":"stderr","time":1123.053669423,"data":"[NbConvertApp] Converting notebook __notebook__.ipynb to html\n"}
,{"stream_name":"stderr","time":1123.899540803,"data":"[NbConvertApp] Writing 339279 bytes to __results__.html\n"}
]